clade_name	NCBI_tax_id	MV_FEI1_t1Q14	MV_FEI2_t1Q14	MV_FEI3_t1Q14	MV_FEI4_t1Q14	MV_FEI4_t2Q15	MV_FEI5_t1Q14	MV_FEI5_t2Q14	MV_FEI5_t3Q15	MV_FEM1_t1Q14	MV_FEM2_t1Q14	MV_FEM3_t1Q14	MV_FEM4_t1Q14	MV_FEM4_t2Q15	MV_FEM5_t1Q14	MV_FEM5_t2Q14	MV_FEM5_t3Q15	MV_MIM1_t1M14	MV_MIM2_t1M14	MV_MIM3_t1M14	MV_MIM4_t1M14	MV_MIM4_t2F15	MV_MIM5_t1M14	MV_MIM5_t2M14	MV_MIM5_t3F15
s__Escherichia_coli	0	59.3501	0.0	85.42333	46.70438	0.5477	0.0	0.02243	0.0	0.0	1.11421	0.2991	0.12317	0.16714	0.02327	3.4839	0.01737	0	0	0.0	0.0	0.0	0.0	0.0	0.0
s__Bifidobacterium_bifidum	0	16.16243	5.61882	0.20192	0.0	26.63938	0.0	0.0	19.20307	0.13643	0.03872	0.0	0.15732	9.28869	0.0	0.0	0.23433	0	0	0.0	0.0	0.0	0.0	0.0	0.0
s__Bifidobacterium_longum	0	7.79189	60.54102	0.49524	0.0	0.0	0.0	0.0	28.51001	0.05094	0.49039	0.0	0.29871	6.69999	0.32258	0.08095	0.36745	0	0	0.0	0.0	0.0	0.0	0.0	0.0
s__Enterococcus_faecalis	0	6.6011	0.04311	7.44248	0.0	0.27258	0.12616	0.0	0.0	0.0	0.0	0.0	0.0	0.0	0.01651	0.0	0.0	0	0	0.0	0.0	0.0	0.0	0.0	0.0
s__Ruminococcus_gnavus	0	2.56548	0.0	0.2293	0.0	0.0	0.0	0.0	0.09821	0.0	0.0	0.0	0.0	0.0202	0.0	1.41584	0.0	0	0	0.0	0.0	0.0	0.0	0.0	0.0
s__Veillonella_atypica	0	1.4514	0.0007	0.01319	0.0	3.05152	0.63215	0.0	0.02293	0.0	0.0	0.0014	0.0	0.0	0.0	1.28647	0.0	0	0	0.0	0.0	0.0	0.0	21.28204	0.2073
s__Bifidobacterium_breve	0	1.06188	0.0	0.20274	9.92597	14.26779	79.77158	0.0	5.25666	0.0	0.0	0.0	0.31344	0.39146	0.0	0.56716	0.0	0	0	0.0	0.0	0.0	37.93493	0.0	2.07307
s__Klebsiella_pneumoniae	0	1.04001	4.58136	0.0	0.0	0.00605	0.03979	0.0	0.0	0.0	0.0	0.0	0.0	0.0	0.0	0.0	0.0	0	0	0.0	0.0	0.0	0.0	0.0	0.0
s__Veillonella_parvula	0	1.02434	0.03518	0.98999	3.56488	4.81842	5.82008	0.0	0.00616	0.0	0.00317	0.0	0.59644	0.0	0.0	28.95324	0.0	0	0	0.0	0.0	0.0	0.0	0.0	0.0
s__Clostridium_sp_MSTE9	0	0.42079	0.0	0.0	0.0	0.0	0.0	0.0	0.0	0.0	0.0	0.0	0.0	0.0	0.0	0.0	0.0	0	0	0.0	0.0	0.0	0.0	0.0	0.0
s__Megasphaera_micronuciformis	0	0.38951	0.0085	0.0	0.0	2.56869	0.0	0.0	0.0	0.0	0.0	0.0	0.0	0.0	0.0	33.81795	0.0	0	0	0.0	0.0	0.0	0.0	0.0	0.0
s__Streptococcus_salivarius	0	0.26365	0.02064	0.0	0.01622	0.018	0.15229	0.04759	0.00311	0.0	0.01012	0.13593	0.00958	0.03114	0.01443	0.35693	0.16402	0	0	0.0	0.0	0.0	52.20392	52.81601	0.0
s__Clostridioides_difficile	0	0.25352	0.0	0.70916	0.0	0.0	0.00299	0.0	0.0	0.0	0.0	0.0	0.0	0.0	0.0	0.0	0.0	0	0	0.0	0.0	0.0	0.0	0.0	0.0
s__Stenotrophomonas_maltophilia	0	0.24849	0.0	0.0	0.0	0.0	0.0	0.0	0.0	0.0	0.0	0.0	0.0	0.0	0.0	0.0	0.0	0	0	0.0	0.0	0.0	0.0	0.0	0.0
s__Enterococcus_faecium	0	0.18455	0.0	0.0	0.0	0.02873	1.92053	0.0	0.0	0.0	0.0	0.0	0.0	0.0	0.11799	0.0	0.0	0	0	0.0	0.0	0.0	0.0	0.0	0.0
s__Veillonella_dispar	0	0.18193	0.06143	0.26404	0.0	0.00356	0.04086	0.0	0.0	0.0	0.0	0.0	0.0	0.00284	0.0	0.31843	0.0	0	0	0.0	0.0	0.0	0.0	0.0	0.0
s__Actinomyces_sp_oral_taxon_181	0	0.1635	0.0	0.0	0.0	0.0	0.0	0.0	0.0	0.0	0.0	0.0	0.0	0.0	0.0	0.0	0.0	0	0	0.0	0.0	0.0	0.0	0.0	0.0
s__Clostridium_paraputrificum	0	0.11185	0.0	0.0	0.0	0.05789	0.03384	0.0	0.0	0.0	0.0	0.0	0.0	0.0	0.0	0.0	0.0	0	0	0.0	0.0	0.0	0.0	0.0	0.0
s__Klebsiella_quasipneumoniae	0	0.10848	0.41261	0.0	0.0	0.0	0.0	0.0	0.0	0.0	0.0	0.0	0.0	0.0	0.0	0.0	0.0	0	0	0.0	0.0	0.0	0.0	0.0	0.0
s__Klebsiella_variicola	0	0.10602	0.82337	0.0	0.0	0.0	0.0	0.0	0.0	0.0	0.0	0.0	0.0	0.0	0.0	0.0	0.0	0	0	0.0	0.0	0.0	0.0	0.0	0.0
s__Clostridium_perfringens	0	0.08699	0.0	0.0	0.0	0.0	0.0	0.0	0.0	0.0	0.0	0.0	0.0	0.0	0.0	0.0	0.01137	0	0	0.0	0.0	0.0	0.0	0.0	0.0
s__Streptococcus_parasanguinis	0	0.08457	0.03201	0.11196	0.13617	0.0156	0.15634	0.0	0.0	0.02205	0.00764	0.03571	0.0	0.0	0.0	0.00332	0.0	0	0	0.0	0.0	0.0	0.0	0.0	2.09182
s__Veillonella_infantium	0	0.05696	0.01752	0.05096	0.0	0.01028	0.01795	0.0	0.0	0.0	0.0	0.0	0.0	0.0	0.0	0.24459	0.0	0	0	0.0	0.0	0.0	0.0	0.0	0.0
s__Streptococcus_vestibularis	0	0.0562	0.0	0.0	0.0	0.0	0.0	0.0	0.0	0.0	0.0	0.0	0.0	0.0	0.0	0.0	0.0	0	0	0.0	0.0	0.0	0.0	0.0	0.57057
s__Enterobacter_cloacae_complex	0	0.05317	0.0	0.0	0.0	0.0	0.26723	0.0	0.0	0.0	0.0	0.0	0.0	0.0	0.0	0.0	0.0	0	0	0.0	0.0	0.0	0.0	0.0	0.0
s__Bifidobacterium_pseudolongum	0	0.0442	0.0	0.0	0.0	0.0	0.0	0.0	0.0	0.0	0.0	0.0	0.0	0.0	0.0	0.0	0.0	0	0	0.0	0.0	0.0	0.0	0.0	0.0
s__Clostridium_leptum	0	0.03091	0.0	0.0	0.0	0.0	0.0	0.03321	0.0	0.00537	0.0	0.14461	0.0	0.00306	0.21214	0.0	0.06508	0	0	0.0	0.0	0.0	0.0	0.0	0.0
s__Raoultella_ornithinolytica	0	0.02582	0.0	0.0	0.0	0.0	5.26061	0.0	0.0	0.0	0.0	0.0	0.0	0.0	0.0	0.0	0.0	0	0	0.0	0.0	0.0	0.0	0.0	0.0
s__Streptococcus_mitis	0	0.02376	0.02873	0.05081	0.02204	0.03526	0.05163	0.0	0.00358	0.0	0.0	0.00875	0.0	0.0535	0.0	0.00051	0.0	0	0	0.0	0.0	75.84747	0.0	24.63763	43.29392
s__Rothia_mucilaginosa	0	0.01345	0.00525	0.00289	0.02509	0.0	0.01287	0.0	0.0	0.0	0.0	0.0	0.0	0.0	0.0	0.00071	0.0	0	0	0.0	0.0	0.0	0.0	0.0	4.62919
s__Enterococcus_avium	0	0.01237	0.0	0.0	0.0	0.0	0.0	0.0	0.0	0.0	0.0	0.0	0.0	0.0	0.0	0.0	0.0	0	0	0.0	0.0	0.0	0.0	0.0	0.0
s__Lactobacillus_paragasseri	0	0.0103	0.11402	0.02555	0.0	0.0	0.4301	0.0	0.0	0.0	0.0	0.0	0.0	0.0	0.0	0.43502	0.0	0	0	0.0	0.0	0.0	0.0	0.0	0.0
s__Cutibacterium_acnes	0	0.00713	0.0	0.0	0.0	0.0	0.0	0.0	0.0	0.0	0.0	0.0	0.0	0.0	0.0	0.0	0.0	0	0	0.0	0.0	0.0	0.0	0.0	0.0
s__Kluyvera_cryocrescens	0	0.0062	0.0	0.0	0.0	0.0	0.0	0.0	0.0	0.0	0.0	0.0	0.0	0.0	0.0	0.0	0.0	0	0	0.0	0.0	0.0	0.0	0.0	0.0
s__Veillonella_sp_T11011_6	0	0.00276	0.0004	0.00311	0.0	0.01956	0.00854	0.0	0.0	0.0	0.0	0.0	0.0	0.0	0.0	0.01556	0.0	0	0	0.0	0.0	0.0	0.0	0.0	0.0
s__Lactobacillus_gasseri	0	0.00273	0.00539	0.0161	0.0	0.0	0.0	0.0	0.0	0.0	0.0	0.0	0.0	0.0	0.0	0.14193	0.0	0	0	0.0	0.0	0.0	0.0	0.0	0.0
s__Actinomyces_odontolyticus	0	0.00157	0.0	0.0	0.0	0.01596	0.0	0.0	0.0	0.0	0.0	0.0	0.0	0.0	0.00036	0.0	0.0	0	0	0.0	0.0	14.56408	0.0	0.0	0.0
s__Veillonella_seminalis	0	0.0	27.53789	0.0	0.0	0.0	0.0	0.0	0.0	0.0	0.0	0.0	0.0	0.0	0.0	0.0	0.0	0	0	0.0	0.0	0.0	0.0	0.0	0.0
s__Haemophilus_parainfluenzae	0	0.0	0.04553	0.15371	0.0	0.0	0.0	0.0	0.00494	0.0	0.09142	0.00644	0.0	0.0	0.0	0.0	0.0	0	0	0.0	0.0	0.0	0.0	0.0	0.31837
s__Streptococcus_infantis	0	0.0	0.02899	0.0	0.0	0.0	0.0	0.0	0.0	0.0	0.0	0.0	0.0	0.0	0.0	0.0	0.0	0	0	0.0	0.0	0.0	0.0	0.0	0.07679
s__Haemophilus_sp_HMSC71H05	0	0.0	0.01917	0.0572	0.0	0.0	0.0	0.0	0.0	0.0	0.0	0.00943	0.0	0.0	0.0	0.0	0.0	0	0	0.0	0.0	0.0	0.0	0.0	0.0
s__Erysipelatoclostridium_ramosum	0	0.0	0.00581	0.01453	0.0	0.0	0.96924	0.0	0.0	0.0	0.0	0.0	0.0	0.04144	0.0	0.0211	0.0	0	0	0.0	0.0	0.0	0.0	0.0	0.0
s__Streptococcus_peroris	0	0.0	0.0051	0.0	0.0	0.0	0.0	0.0	0.0	0.0	0.0	0.0	0.0	0.0	0.0	0.0	0.0	0	0	0.0	0.0	9.58844	0.0	0.0	1.1268
s__Parascardovia_denticolens	0	0.0	0.00501	0.0	0.0	0.0	0.0	0.0	0.0	0.0	0.0	0.0	0.0	0.0	0.0	0.0	0.0	0	0	0.0	0.0	0.0	0.0	0.0	0.0
s__Streptococcus_oralis	0	0.0	0.00196	0.0	0.0	0.0	0.0	0.0	0.0	0.0	0.0	0.0	0.0	0.0	0.0	0.0	0.0	0	0	0.0	0.0	0.0	0.0	0.0	5.63202
s__Fusobacterium_periodonticum	0	0.0	0.0005	0.00051	0.0	0.0	0.0	0.0	0.0	0.0	0.0	0.0	0.0	0.0	0.0	0.0	0.0	0	0	0.0	0.0	0.0	0.0	0.0	0.0
s__Citrobacter_freundii	0	0.0	0.0	2.75372	0.0	0.00239	0.0	0.0	0.0	0.0	0.0	0.0	0.0	0.0	0.0	0.0	0.0	0	0	0.0	0.0	0.0	0.0	0.0	0.0
s__Citrobacter_youngae	0	0.0	0.0	0.63818	0.0	0.01019	0.0	0.0	0.0	0.0	0.0	0.0	0.0	0.0	0.0	0.0	0.0	0	0	0.0	0.0	0.0	0.0	0.0	0.0
s__Gemella_haemolysans	0	0.0	0.0	0.04887	0.0	0.0	0.0	0.0	0.0	0.0	0.0	0.0	0.0	0.0	0.0	0.0	0.0	0	0	0.0	0.0	0.0	0.0	0.0	5.80976
s__Streptococcus_sp_A12	0	0.0	0.0	0.03471	0.0	0.0	0.0	0.0	0.0	0.0	0.0	0.0	0.0	0.0	0.0	0.0	0.0	0	0	0.0	0.0	0.0	0.0	0.0	0.0
s__Citrobacter_werkmanii	0	0.0	0.0	0.0273	0.0	0.0	0.0	0.0	0.0	0.0	0.0	0.0	0.0	0.0	0.0	0.0	0.0	0	0	0.0	0.0	0.0	0.0	0.0	0.0
s__Gemella_sanguinis	0	0.0	0.0	0.02729	0.0	0.0	0.0	0.0	0.0	0.0	0.0	0.0	0.0	0.0	0.0	0.0	0.0	0	0	0.0	0.0	0.0	0.0	0.0	0.0
s__Prevotella_bivia	0	0.0	0.0	0.0053	0.0	0.0	0.0	0.0	0.0	0.0	0.0	0.0	0.0	0.0	0.0	0.0	0.0	0	0	0.0	0.0	0.0	0.0	0.0	0.0
s__Aggregatibacter_segnis	0	0.0	0.0	0.00283	0.0	0.0	0.0	0.0	0.0	0.0	0.0	0.0	0.0	0.0	0.0	0.0	0.0	0	0	0.0	0.0	0.0	0.0	0.0	0.0
s__Streptococcus_australis	0	0.0	0.0	0.00223	0.0	0.0	0.0	0.0	0.0	0.0	0.0	0.0	0.0	0.0	0.0	0.0	0.0	0	0	0.0	0.0	0.0	0.0	0.0	0.0
s__Gemella_morbillorum	0	0.0	0.0	0.00086	0.0	0.0	0.0	0.0	0.0	0.0	0.0	0.0	0.0	0.00242	0.0	0.0	0.0	0	0	0.0	0.0	0.0	0.0	0.0	0.15445
s__Bacteroides_vulgatus	0	0.0	0.0	0.0	39.42854	15.72732	0.0	1.6632	0.0	1.65638	10.57606	17.36066	27.43959	5.69481	0.06775	0.02572	0.75081	0	0	0.0	0.0	0.0	0.0	0.0	0.0
s__Clostridium_butyricum	0	0.0	0.0	0.0	0.1767	0.0	0.0	0.0	0.0	0.0	0.0	0.0	0.0	0.0	0.0	0.0	0.0	0	0	0.0	0.0	0.0	0.0	0.0	0.0
s__Bifidobacterium_pseudocatenulatum	0	0.0	0.0	0.0	0.0	20.28935	0.0	0.0	4.45545	0.0	0.0	0.0	0.57301	14.53505	0.0	0.0	0.0	0	0	0.0	0.0	0.0	0.0	0.0	0.0
s__Pediococcus_acidilactici	0	0.0	0.0	0.0	0.0	5.23563	0.0	0.0	0.0	0.0	0.0	0.0	0.0	0.0	0.0	0.0	0.0	0	0	0.0	0.0	0.0	0.0	0.0	0.0
s__Lactobacillus_rhamnosus	0	0.0	0.0	0.0	0.0	3.77856	0.0	0.0	0.0	0.0	0.0	0.0	0.0	0.0	0.0	0.01367	0.0	0	0	0.0	0.0	0.0	0.0	0.0	0.0
s__Klebsiella_oxytoca	0	0.0	0.0	0.0	0.0	0.96114	0.07962	0.0	0.0	0.0	0.0	0.0	0.0	0.0	0.0	0.0	0.0	0	0	0.0	0.0	0.0	0.0	0.0	0.0
s__Eggerthella_lenta	0	0.0	0.0	0.0	0.0	0.60965	0.30183	0.0	0.08456	0.0	0.0	0.00566	0.0	0.03549	0.04167	0.02164	0.0	0	0	0.0	0.0	0.0	0.0	0.0	0.0
s__Enterococcus_casseliflavus	0	0.0	0.0	0.0	0.0	0.50991	0.0	0.0	0.0	0.0	0.0	0.0	0.0	0.0	0.0	0.0	0.0	0	0	0.0	0.0	0.0	0.0	0.0	0.0
s__Clostridium_neonatale	0	0.0	0.0	0.0	0.0	0.14803	0.0	0.0	0.0	0.0	0.0	0.0	0.0	0.0	0.0	0.0	0.0	0	0	0.0	0.0	0.0	0.0	0.0	0.0
s__Gordonibacter_pamelaeae	0	0.0	0.0	0.0	0.0	0.07783	0.04037	0.0	0.01638	0.0	0.0	0.0006	0.0	0.0453	0.0571	0.00237	0.0117	0	0	0.0	0.0	0.0	0.0	0.0	0.0
s__Dickeya_fangzhongdai	0	0.0	0.0	0.0	0.0	0.0604	0.0	0.0	0.0	0.0	0.0	0.0	0.0	0.0	0.0	0.0	0.0	0	0	0.0	0.0	0.0	0.0	0.0	0.0
s__Intestinibacter_bartlettii	0	0.0	0.0	0.0	0.0	0.05691	0.0	0.0	0.00153	0.0	0.0	0.0	0.0	0.0	0.00046	0.0	0.0	0	0	0.0	0.0	0.0	0.0	0.0	0.0
s__Clostridium_spiroforme	0	0.0	0.0	0.0	0.0	0.03948	0.0	0.0	0.0	0.0	0.0	0.0	0.0	0.0	0.0	0.0	0.0	0	0	0.0	0.0	0.0	0.0	0.0	0.0
s__Enterococcus_gallinarum	0	0.0	0.0	0.0	0.0	0.03182	0.0	0.0	0.0	0.0	0.0	0.0	0.0	0.0	0.0	0.0	0.0	0	0	0.0	0.0	0.0	0.0	0.0	0.0
s__Aeriscardovia_aeriphila	0	0.0	0.0	0.0	0.0	0.02875	0.00196	0.0	0.00177	0.0	0.0	0.0	0.0	0.04876	0.0	0.0	0.0	0	0	0.0	0.0	0.0	0.0	0.0	0.0
s__Dickeya_chrysanthemi	0	0.0	0.0	0.0	0.0	0.02222	0.0	0.0	0.0	0.0	0.0	0.0	0.0	0.0	0.0	0.0	0.0	0	0	0.0	0.0	0.0	0.0	0.0	0.0
s__Finegoldia_magna	0	0.0	0.0	0.0	0.0	0.00909	0.0	0.0	0.0	0.0	0.0	0.0	0.0	0.0004	0.0	0.0	0.0	0	0	0.0	0.0	0.0	0.0	0.0	0.0
s__Enterococcus_dispar	0	0.0	0.0	0.0	0.0	0.0074	0.0	0.0	0.0	0.0	0.0	0.0	0.0	0.0	0.0	0.0	0.0	0	0	0.0	0.0	0.0	0.0	0.0	0.0
s__Klebsiella_michiganensis	0	0.0	0.0	0.0	0.0	0.00599	0.0	0.0	0.0	0.0	0.0	0.0	0.0	0.0	0.0	0.0	0.0	0	0	0.0	0.0	0.0	0.0	0.0	0.0
s__Cellulosilyticum_lentocellum	0	0.0	0.0	0.0	0.0	0.00582	0.0	0.0	0.0	0.0	0.0	0.0	0.0	0.0	0.0	0.0	0.0	0	0	0.0	0.0	0.0	0.0	0.0	0.0
s__Prevotella_buccae	0	0.0	0.0	0.0	0.0	0.00276	0.0	0.0	0.0	0.0	0.0	0.0	0.0	0.0	0.0	0.0	0.0	0	0	0.0	0.0	0.0	0.0	0.0	0.0
s__Enterorhabdus_caecimuris	0	0.0	0.0	0.0	0.0	0.00044	0.0	0.0	0.0	0.0	0.0	0.0	0.0	0.00141	0.00206	0.0	0.00574	0	0	0.0	0.0	0.0	0.0	0.0	0.0
s__Actinomyces_urogenitalis	0	0.0	0.0	0.0	0.0	0.0	3.62727	0.0	0.0	0.0	0.0	0.0	0.0	0.0	0.0	0.01794	0.0	0	0	0.0	0.0	0.0	0.0	0.0	0.0
s__Varibaculum_cambriense	0	0.0	0.0	0.0	0.0	0.0	0.17986	0.0	0.0	0.0	0.0	0.0	0.0	0.00143	0.0	0.0	0.0	0	0	0.0	0.0	0.0	0.0	0.0	0.0
s__Corynebacterium_accolens	0	0.0	0.0	0.0	0.0	0.0	0.02361	0.0	0.0	0.0	0.0	0.0	0.0	0.0	0.0	0.0	0.0	0	0	0.0	0.0	0.0	0.0	0.0	0.0
s__Raoultella_planticola	0	0.0	0.0	0.0	0.0	0.0	0.01678	0.0	0.0	0.0	0.0	0.0	0.0	0.0	0.0	0.0	0.0	0	0	0.0	0.0	0.0	0.0	0.0	0.0
s__Corynebacterium_pseudodiphtheriticum	0	0.0	0.0	0.0	0.0	0.0	0.00443	0.0	0.0	0.0	0.0	0.0	0.0	0.0	0.0	0.0	0.0	0	0	0.0	0.0	0.0	0.0	0.0	0.35458
s__Streptococcus_sp_HMSC071D03	0	0.0	0.0	0.0	0.0	0.0	0.00377	0.0	0.0	0.0	0.0	0.0	0.0	0.0	0.0	0.0	0.0	0	0	0.0	0.0	0.0	0.0	0.0	0.0
s__Dolosigranulum_pigrum	0	0.0	0.0	0.0	0.0	0.0	0.00294	0.0	0.0	0.0	0.0	0.0	0.0	0.0	0.0	0.0	0.0	0	0	0.0	0.0	0.0	0.0	0.0	0.19742
s__Corynebacterium_pseudogenitalium	0	0.0	0.0	0.0	0.0	0.0	0.00179	0.0	0.0	0.0	0.0	0.0	0.0	0.0	0.0	0.0	0.0	0	0	0.0	0.0	0.0	0.0	0.0	0.0
s__Alistipes_finegoldii	0	0.0	0.0	0.0	0.0	0.0	0.001	0.15325	0.0	0.02347	0.66993	0.26148	0.0	0.00473	0.0	0.00778	0.02453	0	0	0.0	0.0	0.0	0.0	0.0	0.0
s__Prevotella_copri	0	0.0	0.0	0.0	0.0	0.0	0.0	24.69258	0.0	77.93173	0.0	0.0	45.89709	14.03964	1.6792	0.0	5.2768	0	0	0.0	0.0	0.0	0.0	0.0	0.0
s__Alistipes_putredinis	0	0.0	0.0	0.0	0.0	0.0	0.0	13.02963	0.0	5.07551	5.07304	0.0	0.0	4.56643	0.43172	0.0	6.08208	0	0	0.0	0.0	0.0	0.0	0.0	0.0
s__Bacteroides_uniformis	0	0.0	0.0	0.0	0.0	0.0	0.0	10.65525	0.14548	0.26326	3.77403	21.95223	1.0201	0.41363	0.23662	0.0	3.94521	0	0	0.0	0.0	0.0	0.0	0.0	0.0
s__Bacteroides_dorei	0	0.0	0.0	0.0	0.0	0.0	0.0	10.24858	0.83407	0.02006	1.52364	8.9977	3.31571	1.32524	0.59976	0.0	3.72094	0	0	0.0	0.0	0.0	0.0	0.0	0.0
s__Parabacteroides_merdae	0	0.0	0.0	0.0	0.0	0.0	0.0	5.85448	0.06601	0.31238	1.381	9.60298	1.0627	0.57878	0.04034	0.0	2.44872	0	0	0.0	0.0	0.0	0.0	0.0	0.0
s__Bacteroides_intestinalis	0	0.0	0.0	0.0	0.0	0.0	0.0	4.09691	0.0	0.0	0.0	0.48558	0.0	0.00016	0.03725	0.0	0.59217	0	0	0.0	0.0	0.0	0.0	0.0	0.0
s__Bacteroides_plebeius	0	0.0	0.0	0.0	0.0	0.0	0.0	3.8176	0.0	0.0	2.7858	0.0	0.0	0.0	0.17763	0.0	6.09291	0	0	0.0	0.0	0.0	0.0	0.0	0.0
s__Eubacterium_sp_CAG_251	0	0.0	0.0	0.0	0.0	0.0	0.0	2.93894	0.0	0.0	0.0	0.0	0.0	0.0	0.59988	0.0	0.61899	0	0	0.0	0.0	0.0	0.0	0.0	0.0
s__Bacteroides_caccae	0	0.0	0.0	0.0	0.0	0.0	0.0	2.60557	0.0	0.42545	1.75434	0.19017	0.0	0.0	0.09848	0.0	1.04032	0	0	0.0	0.0	0.0	0.0	0.0	0.0
s__Bacteroides_clarus	0	0.0	0.0	0.0	0.0	0.0	0.0	1.53887	0.0	0.0147	0.0	0.0	0.0	0.0	0.01718	0.0	0.10293	0	0	0.0	0.0	0.0	0.0	0.0	0.0
s__Ruminococcus_bromii	0	0.0	0.0	0.0	0.0	0.0	0.0	1.52691	1.47188	0.0	2.58478	1.89601	0.0	0.0	0.00889	0.29507	5.00888	0	0	0.0	0.0	0.0	0.0	0.0	0.0
s__Odoribacter_splanchnicus	0	0.0	0.0	0.0	0.0	0.0	0.0	1.34151	0.0	0.22148	1.16794	1.05061	0.00819	0.52687	0.00628	0.0	0.97159	0	0	0.0	0.0	0.0	0.0	0.0	0.0
s__Eubacterium_rectale	0	0.0	0.0	0.0	0.0	0.0	0.0	1.24209	0.46164	0.95505	0.92445	0.3806	0.99869	1.84826	12.04134	0.0008	4.08553	0	0	0.0	0.0	0.0	0.0	0.0	0.0
s__Parasutterella_excrementihominis	0	0.0	0.0	0.0	0.0	0.0	0.0	1.15013	0.09521	0.00031	0.0	0.0	0.39567	0.35587	0.03818	17.35851	0.45318	0	0	0.0	0.0	0.0	0.0	0.0	0.0
s__Roseburia_hominis	0	0.0	0.0	0.0	0.0	0.0	0.0	1.08973	0.00335	0.17641	0.96033	0.09608	0.03504	0.0	0.95354	2.4569	0.53195	0	0	0.0	0.0	0.0	0.0	0.0	0.0
s__Bacteroides_ovatus	0	0.0	0.0	0.0	0.0	0.0	0.0	1.08811	0.0	0.206	0.44411	0.25196	0.34663	0.17585	0.00424	0.0	0.19676	0	0	0.0	0.0	0.0	0.0	0.0	0.0
s__Holdemanella_biformis	0	0.0	0.0	0.0	0.0	0.0	0.0	0.91616	0.89073	0.0015	0.0	0.02162	0.0	0.0	0.0	0.0	2.48949	0	0	0.0	0.0	0.0	0.0	0.0	0.0
s__Faecalibacterium_prausnitzii	0	0.0	0.0	0.0	0.0	0.0	0.0	0.89957	5.81342	0.7997	5.85533	0.73003	2.50178	3.3432	13.15305	0.0	5.90977	0	0	0.0	0.0	0.0	0.0	0.0	0.0
s__Bacteroides_salyersiae	0	0.0	0.0	0.0	0.0	0.0	0.0	0.86948	0.0	0.0	0.0	0.0	0.0	0.0	0.0	0.0	0.6558	0	0	0.0	0.0	0.0	0.0	0.0	0.0
s__Akkermansia_muciniphila	0	0.0	0.0	0.0	0.0	0.0	0.0	0.85706	0.0069	0.02248	0.03979	0.0	0.0	0.0	1.41019	0.0	4.40925	0	0	0.0	0.0	0.0	0.0	0.0	0.0
s__Parabacteroides_goldsteinii	0	0.0	0.0	0.0	0.0	0.0	0.0	0.76662	0.0	0.0	0.0	0.0	0.0	0.0	0.01089	0.0	0.35974	0	0	0.0	0.0	0.0	0.0	0.0	0.0
s__Eubacterium_sp_CAG_38	0	0.0	0.0	0.0	0.0	0.0	0.0	0.72483	1.4584	0.20061	1.04387	0.06727	0.0	0.0	0.44036	0.60972	0.23452	0	0	0.0	0.0	0.0	0.0	0.0	0.0
s__Alistipes_inops	0	0.0	0.0	0.0	0.0	0.0	0.0	0.69049	0.0	0.04195	2.50954	0.0	0.0	0.0186	0.07877	0.0	0.46043	0	0	0.0	0.0	0.0	0.0	0.0	0.0
s__Alistipes_shahii	0	0.0	0.0	0.0	0.0	0.0	0.0	0.61999	0.0	0.04491	0.28614	1.84503	0.03584	0.08941	0.00314	0.0	0.57324	0	0	0.0	0.0	0.0	0.0	0.0	0.0
s__Bacteroides_eggerthii	0	0.0	0.0	0.0	0.0	0.0	0.0	0.54454	0.0	0.0	0.65103	0.0	0.002	0.00112	0.0	0.0	0.01013	0	0	0.0	0.0	0.0	0.0	0.0	0.0
s__Coprococcus_eutactus	0	0.0	0.0	0.0	0.0	0.0	0.0	0.5336	0.38109	0.0	5.02592	0.0	0.0	0.0	21.63334	0.0	10.42916	0	0	0.0	0.0	0.0	0.0	0.0	0.0
s__Ruminococcus_sp_CAG_488	0	0.0	0.0	0.0	0.0	0.0	0.0	0.51203	0.0	0.0	0.0	0.0	0.0	0.0	1.71746	0.0	0.43493	0	0	0.0	0.0	0.0	0.0	0.0	0.0
s__Dialister_invisus	0	0.0	0.0	0.0	0.0	0.0	0.0	0.50252	0.04675	0.0	0.0	0.0	0.0	0.0	0.30721	0.0	0.26589	0	0	0.0	0.0	0.0	0.0	0.0	0.0
s__Oscillibacter_sp_57_20	0	0.0	0.0	0.0	0.0	0.0	0.0	0.37588	0.0	0.0	1.49966	0.09363	0.08897	0.19189	0.46523	0.0	0.54452	0	0	0.0	0.0	0.0	0.0	0.0	0.0
s__Coprobacter_secundus	0	0.0	0.0	0.0	0.0	0.0	0.0	0.2652	0.0	0.0	0.03145	0.07415	0.03794	0.09631	0.0	0.0	0.05278	0	0	0.0	0.0	0.0	0.0	0.0	0.0
s__Ruthenibacterium_lactatiformans	0	0.0	0.0	0.0	0.0	0.0	0.0	0.25216	0.0	0.23707	0.15859	1.10402	0.05655	0.02426	0.094	0.0	0.02628	0	0	0.0	0.0	0.0	0.0	0.0	0.0
s__Roseburia_intestinalis	0	0.0	0.0	0.0	0.0	0.0	0.0	0.17343	1.15057	0.0	0.0	0.16261	0.0	0.0	0.90924	0.57044	0.62751	0	0	0.0	0.0	0.0	0.0	0.0	0.0
s__Roseburia_sp_CAG_182	0	0.0	0.0	0.0	0.0	0.0	0.0	0.16946	0.0	0.0	0.01116	0.03502	0.0	0.0	0.11311	0.0	0.17879	0	0	0.0	0.0	0.0	0.0	0.0	0.0
s__Firmicutes_bacterium_CAG_110	0	0.0	0.0	0.0	0.0	0.0	0.0	0.13689	0.0	0.0	0.0	0.0496	0.0	0.0	0.65994	0.0	0.99812	0	0	0.0	0.0	0.0	0.0	0.0	0.0
s__Eubacterium_eligens	0	0.0	0.0	0.0	0.0	0.0	0.0	0.11092	0.26718	0.31868	4.60025	0.12608	0.53684	0.02231	0.58691	0.14044	2.00379	0	0	0.0	0.0	0.0	0.0	0.0	0.0
s__Firmicutes_bacterium_CAG_95	0	0.0	0.0	0.0	0.0	0.0	0.0	0.10612	0.0	0.0	0.14727	0.0	0.0	0.0	0.3326	0.0	0.1292	0	0	0.0	0.0	0.0	0.0	0.0	0.0
s__Streptococcus_thermophilus	0	0.0	0.0	0.0	0.0	0.0	0.0	0.10502	0.81854	0.0	0.0	0.19428	0.14014	1.60119	1.08568	0.18996	0.02855	0	0	0.0	0.0	0.0	0.0	0.0	0.15153
s__Firmicutes_bacterium_CAG_534	0	0.0	0.0	0.0	0.0	0.0	0.0	0.08787	0.0	0.0	0.0	0.0	0.0	0.0	0.04768	0.0	0.0	0	0	0.0	0.0	0.0	0.0	0.0	0.0
s__Eubacterium_ventriosum	0	0.0	0.0	0.0	0.0	0.0	0.0	0.08453	0.0	0.0	0.94946	0.00782	0.04465	0.04694	0.77476	0.0	0.21667	0	0	0.0	0.0	0.0	0.0	0.0	0.0
s__Coprococcus_comes	0	0.0	0.0	0.0	0.0	0.0	0.0	0.07664	0.92673	0.04543	0.0829	0.43935	0.06186	0.79848	0.03452	0.61735	1.06065	0	0	0.0	0.0	0.0	0.0	0.0	0.0
s__Bifidobacterium_adolescentis	0	0.0	0.0	0.0	0.0	0.0	0.0	0.06512	13.31134	0.4591	0.58305	0.0	0.04113	9.89539	5.56986	0.20708	1.31322	0	0	0.0	0.0	0.0	0.0	0.0	0.0
s__Oscillibacter_sp_CAG_241	0	0.0	0.0	0.0	0.0	0.0	0.0	0.06199	0.0	0.0	0.77734	0.30701	0.02246	0.12898	1.22835	0.0	0.10685	0	0	0.0	0.0	0.0	0.0	0.0	0.0
s__Alistipes_indistinctus	0	0.0	0.0	0.0	0.0	0.0	0.0	0.05857	0.0	0.0	0.1414	0.0	0.0	0.01228	0.0022	0.0	0.0	0	0	0.0	0.0	0.0	0.0	0.0	0.0
s__Turicimonas_muris	0	0.0	0.0	0.0	0.0	0.0	0.0	0.05418	0.00204	0.0	0.0	0.0	0.00425	0.00928	0.0	0.63625	0.02644	0	0	0.0	0.0	0.0	0.0	0.0	0.0
s__Bilophila_wadsworthia	0	0.0	0.0	0.0	0.0	0.0	0.0	0.05317	0.0	0.0	0.0	0.0	0.0	0.0831	0.0	0.0	0.05869	0	0	0.0	0.0	0.0	0.0	0.0	0.0
s__Roseburia_inulinivorans	0	0.0	0.0	0.0	0.0	0.0	0.0	0.04927	0.49143	0.35997	0.4253	0.02937	0.0	0.0	0.0	0.0	0.0	0	0	0.0	0.0	0.0	0.0	0.0	0.0
s__Proteobacteria_bacterium_CAG_139	0	0.0	0.0	0.0	0.0	0.0	0.0	0.04413	0.0033	0.0	0.0	0.0	0.01773	0.02156	0.0	0.78764	0.01699	0	0	0.0	0.0	0.0	0.0	0.0	0.0
s__Ruminococcus_sp_CAG_624	0	0.0	0.0	0.0	0.0	0.0	0.0	0.04301	0.0	0.0	0.0	0.0	0.0	0.0	0.13671	0.0	0.52959	0	0	0.0	0.0	0.0	0.0	0.0	0.0
s__Fusicatenibacter_saccharivorans	0	0.0	0.0	0.0	0.0	0.0	0.0	0.04148	2.21698	0.09111	0.4942	0.22088	0.01304	2.59439	2.74431	0.01761	1.567	0	0	0.0	0.0	0.0	0.0	0.0	0.0
s__Gemmiger_formicilis	0	0.0	0.0	0.0	0.0	0.0	0.0	0.04023	0.0	0.05645	0.06305	0.09097	0.0	0.00166	0.65296	0.0	0.03484	0	0	0.0	0.0	0.0	0.0	0.0	0.0
s__Lawsonibacter_asaccharolyticus	0	0.0	0.0	0.0	0.0	0.0	0.0	0.04008	0.0	0.0	0.01995	0.00572	0.0	0.02501	0.02476	0.0	0.04722	0	0	0.0	0.0	0.0	0.0	0.0	0.0
s__Ruminococcaceae_bacterium_D5	0	0.0	0.0	0.0	0.0	0.0	0.0	0.02845	0.0	0.0	0.0	0.0	0.0	0.0	0.03902	0.0	0.03642	0	0	0.0	0.0	0.0	0.0	0.0	0.0
s__Clostridium_sp_CAG_58	0	0.0	0.0	0.0	0.0	0.0	0.0	0.0275	0.0	0.0	0.02994	0.0	0.0	0.0	0.03798	0.0	0.02211	0	0	0.0	0.0	0.0	0.0	0.0	0.0
s__Dorea_longicatena	0	0.0	0.0	0.0	0.0	0.0	0.0	0.02598	1.03387	0.04662	0.51604	0.4111	0.00113	0.85969	2.62945	0.0	1.44638	0	0	0.0	0.0	0.0	0.0	0.0	0.0
s__Clostridium_sp_CAG_167	0	0.0	0.0	0.0	0.0	0.0	0.0	0.02454	0.0	0.0	1.3589	0.0	0.0	0.0	0.06733	0.0	0.02368	0	0	0.0	0.0	0.0	0.0	0.0	0.0
s__Blautia_obeum	0	0.0	0.0	0.0	0.0	0.0	0.0	0.02056	0.0	0.0657	0.0	0.16191	0.0	0.53396	7.45649	0.09986	0.47961	0	0	0.0	0.0	0.0	0.0	0.0	0.0
s__Methanobrevibacter_smithii	0	0.0	0.0	0.0	0.0	0.0	0.0	0.01411	0.0	0.04414	16.65524	8.49171	0.0	0.00766	0.03421	0.0	0.27256	0	0	0.0	0.0	0.0	0.0	0.0	0.0
s__Anaeromassilibacillus_sp_An250	0	0.0	0.0	0.0	0.0	0.0	0.0	0.01236	0.0	0.0	0.0	0.93008	0.0	0.0	0.00838	0.0	0.00124	0	0	0.0	0.0	0.0	0.0	0.0	0.0
s__Intestinimonas_butyriciproducens	0	0.0	0.0	0.0	0.0	0.0	0.0	0.01211	0.0	0.16636	0.00454	0.0	0.0	0.01319	0.0	0.0	0.00517	0	0	0.0	0.0	0.0	0.0	0.0	0.0
s__Ruminococcus_sp_CAG_403	0	0.0	0.0	0.0	0.0	0.0	0.0	0.01107	0.0	0.0	0.0	0.0	0.0	0.0	0.2292	0.0	0.20892	0	0	0.0	0.0	0.0	0.0	0.0	0.0
s__Bacteroides_xylanisolvens	0	0.0	0.0	0.0	0.0	0.0	0.0	0.00945	0.0	0.01064	0.12295	0.73844	0.00722	0.01315	0.0	0.0	0.00077	0	0	0.0	0.0	0.0	0.0	0.0	0.0
s__Alistipes_timonensis	0	0.0	0.0	0.0	0.0	0.0	0.0	0.00763	0.0	0.0	0.03004	0.04012	0.0	0.0	0.0	0.0	0.0008	0	0	0.0	0.0	0.0	0.0	0.0	0.0
s__Oxalobacter_formigenes	0	0.0	0.0	0.0	0.0	0.0	0.0	0.00667	0.0	0.0	0.0	0.0	0.0	0.0	0.0	0.0	0.0	0	0	0.0	0.0	0.0	0.0	0.0	0.0
s__Asaccharobacter_celatus	0	0.0	0.0	0.0	0.0	0.0	0.0	0.00664	0.00029	0.0	0.0	0.0545	0.0	0.01287	0.25406	0.0	0.25916	0	0	0.0	0.0	0.0	0.0	0.0	0.0
s__Adlercreutzia_equolifaciens	0	0.0	0.0	0.0	0.0	0.0	0.0	0.00359	0.0	0.0	0.0	0.06617	0.0	0.03531	0.16928	0.0	0.17999	0	0	0.0	0.0	0.0	0.0	0.0	0.0
s__Eubacterium_siraeum	0	0.0	0.0	0.0	0.0	0.0	0.0	0.00249	0.0	0.0	0.73854	4.83332	0.0	0.0	1.21422	0.0	6.65958	0	0	0.0	0.0	0.0	0.0	0.0	0.0
s__Butyricimonas_virosa	0	0.0	0.0	0.0	0.0	0.0	0.0	0.00116	0.0	0.03233	0.51118	0.85865	0.0	0.07832	0.0	0.0	0.00115	0	0	0.0	0.0	0.0	0.0	0.0	0.0
s__Blautia_wexlerae	0	0.0	0.0	0.0	0.0	0.0	0.0	0.0	3.95483	0.0	0.04213	0.01982	0.0	0.42058	1.0121	0.0	0.33461	0	0	0.0	0.0	0.0	0.0	0.0	0.0
s__Anaerostipes_hadrus	0	0.0	0.0	0.0	0.0	0.0	0.0	0.0	2.95577	0.0	0.14158	0.70785	0.00155	1.87089	0.9262	0.0	0.0782	0	0	0.0	0.0	0.0	0.0	0.0	0.0
s__Eubacterium_hallii	0	0.0	0.0	0.0	0.0	0.0	0.0	0.0	1.73549	0.00902	0.00546	0.02393	0.0	0.6998	0.2025	0.0	0.24392	0	0	0.0	0.0	0.0	0.0	0.0	0.0
s__Ruminococcus_bicirculans	0	0.0	0.0	0.0	0.0	0.0	0.0	0.0	0.44044	0.0	0.37684	0.0	0.0	0.0	0.0	0.0	0.32786	0	0	0.0	0.0	0.0	0.0	0.0	0.0
s__Eubacterium_ramulus	0	0.0	0.0	0.0	0.0	0.0	0.0	0.0	0.36477	0.00226	0.01308	0.0	0.0	0.29315	0.23204	0.0	0.07087	0	0	0.0	0.0	0.0	0.0	0.0	0.0
s__Collinsella_aerofaciens	0	0.0	0.0	0.0	0.0	0.0	0.0	0.0	0.31752	0.44014	0.63372	1.32158	0.07915	5.64909	0.0	0.0	0.03816	0	0	0.0	0.0	0.0	0.0	0.0	0.0
s__Eubacterium_sp_CAG_180	0	0.0	0.0	0.0	0.0	0.0	0.0	0.0	0.2956	0.0	0.0	0.0	0.0	0.0	0.0	0.0	0.0	0	0	0.0	0.0	0.0	0.0	0.0	0.0
s__Bifidobacterium_angulatum	0	0.0	0.0	0.0	0.0	0.0	0.0	0.0	0.2454	0.0	0.0	0.0	0.0	0.0	3.41393	0.0	0.51418	0	0	0.0	0.0	0.0	0.0	0.0	0.0
s__Sellimonas_intestinalis	0	0.0	0.0	0.0	0.0	0.0	0.0	0.0	0.04434	0.0	0.0	0.0	0.0	0.29848	0.0	0.0	0.0	0	0	0.0	0.0	0.0	0.0	0.0	0.0
s__Actinomyces_naeslundii	0	0.0	0.0	0.0	0.0	0.0	0.0	0.0	0.0146	0.0	0.0	0.0	0.0	0.0	0.0	0.0	0.0	0	0	0.0	0.0	0.0	0.0	0.0	2.14059
s__Flavonifractor_plautii	0	0.0	0.0	0.0	0.0	0.0	0.0	0.0	0.01312	0.1214	0.0	0.51974	0.14779	0.34419	0.00092	0.49786	0.00314	0	0	0.0	0.0	0.0	0.0	0.0	0.0
s__Actinomyces_oris	0	0.0	0.0	0.0	0.0	0.0	0.0	0.0	0.0066	0.0	0.0	0.0	0.0	0.0	0.0	0.0	0.0	0	0	0.0	0.0	0.0	0.0	0.0	1.12003
s__Bifidobacterium_kashiwanohense	0	0.0	0.0	0.0	0.0	0.0	0.0	0.0	0.00577	0.0	0.0	0.0	0.0	0.0	0.0	0.0	0.0	0	0	0.0	0.0	0.0	0.0	0.0	0.0
s__Enorma_massiliensis	0	0.0	0.0	0.0	0.0	0.0	0.0	0.0	0.00229	0.0	0.0	0.0	0.0	0.00542	0.0	0.0	0.0	0	0	0.0	0.0	0.0	0.0	0.0	0.0
s__Collinsella_intestinalis	0	0.0	0.0	0.0	0.0	0.0	0.0	0.0	0.00139	0.0	0.0	0.0	0.0	0.03023	0.0	0.0	0.0	0	0	0.0	0.0	0.0	0.0	0.0	0.0
s__Clostridium_symbiosum	0	0.0	0.0	0.0	0.0	0.0	0.0	0.0	0.00135	0.0	0.0	0.0	0.0	0.00253	0.0	0.0	0.0	0	0	0.0	0.0	0.0	0.0	0.0	0.0
s__Phascolarctobacterium_succinatutens	0	0.0	0.0	0.0	0.0	0.0	0.0	0.0	0.0	3.57963	0.0	0.20061	0.0	0.0	0.0	0.0	0.0	0	0	0.0	0.0	0.0	0.0	0.0	0.0
s__Acidaminococcus_intestini	0	0.0	0.0	0.0	0.0	0.0	0.0	0.0	0.0	3.16428	0.0	0.0	0.0	0.0	0.0	0.0	0.0	0	0	0.0	0.0	0.0	0.0	0.0	0.0
s__Bacteroides_stercoris	0	0.0	0.0	0.0	0.0	0.0	0.0	0.0	0.0	0.78637	0.94791	0.0	3.98822	1.45343	0.0	0.0	0.0	0	0	0.0	0.0	0.0	0.0	0.0	0.0
s__Roseburia_faecis	0	0.0	0.0	0.0	0.0	0.0	0.0	0.0	0.0	0.4389	0.65275	0.0	0.0	0.0	0.0	0.0	0.61008	0	0	0.0	0.0	0.0	0.0	0.0	0.0
s__Barnesiella_intestinihominis	0	0.0	0.0	0.0	0.0	0.0	0.0	0.0	0.0	0.1918	1.09037	5.23623	0.00249	0.50036	0.0	0.0	0.0	0	0	0.0	0.0	0.0	0.0	0.0	0.0
s__Bacteroides_finegoldii	0	0.0	0.0	0.0	0.0	0.0	0.0	0.0	0.0	0.14668	0.0	0.0	0.02838	0.08432	0.0	0.0	0.0	0	0	0.0	0.0	0.0	0.0	0.0	0.0
s__Parabacteroides_distasonis	0	0.0	0.0	0.0	0.0	0.0	0.0	0.0	0.0	0.14574	0.87183	0.75031	0.39148	0.53287	0.0	0.0	0.0	0	0	0.0	0.0	0.0	0.0	0.0	0.13875
s__Paraprevotella_xylaniphila	0	0.0	0.0	0.0	0.0	0.0	0.0	0.0	0.0	0.14021	0.38386	0.0	0.91126	0.13676	0.0	0.0	0.0	0	0	0.0	0.0	0.0	0.0	0.0	0.0
s__Bacteroides_thetaiotaomicron	0	0.0	0.0	0.0	0.0	0.0	0.0	0.0	0.0	0.06814	0.38386	1.31542	0.00971	0.02724	0.0	0.0	0.02198	0	0	0.0	0.0	0.0	0.0	0.0	0.0
s__Bacteroides_massiliensis	0	0.0	0.0	0.0	0.0	0.0	0.0	0.0	0.0	0.06138	0.17339	0.0	0.0	0.0	0.0	0.0	0.0	0	0	0.0	0.0	0.0	0.0	0.0	0.0
s__Blastocystis_sp_subtype_1	0	0.0	0.0	0.0	0.0	0.0	0.0	0.0	0.0	0.05645	0.0	0.0	0.0	0.0	0.0	0.0	0.0	0	0	0.0	0.0	0.0	0.0	0.0	0.0
s__Ruminococcus_torques	0	0.0	0.0	0.0	0.0	0.0	0.0	0.0	0.0	0.02861	0.02098	0.15538	0.29425	1.62818	5.57945	0.0	0.49028	0	0	0.0	0.0	0.0	0.0	0.0	0.0
s__Agathobaculum_butyriciproducens	0	0.0	0.0	0.0	0.0	0.0	0.0	0.0	0.0	0.01887	0.13407	0.08806	0.05274	0.1802	0.06906	0.0	0.11182	0	0	0.0	0.0	0.0	0.0	0.0	0.0
s__Butyricimonas_synergistica	0	0.0	0.0	0.0	0.0	0.0	0.0	0.0	0.0	0.01802	0.1887	0.00347	0.0	0.0	0.0	0.0	0.0	0	0	0.0	0.0	0.0	0.0	0.0	0.0
s__Paraprevotella_clara	0	0.0	0.0	0.0	0.0	0.0	0.0	0.0	0.0	0.01143	0.0	0.0	0.0	0.0	0.0	0.0	0.0	0	0	0.0	0.0	0.0	0.0	0.0	0.0
s__Dorea_formicigenerans	0	0.0	0.0	0.0	0.0	0.0	0.0	0.0	0.0	0.00927	0.00229	0.03982	0.07016	0.58334	0.89437	0.0	0.54253	0	0	0.0	0.0	0.0	0.0	0.0	0.0
s__Lachnospira_pectinoschiza	0	0.0	0.0	0.0	0.0	0.0	0.0	0.0	0.0	0.00815	0.51571	0.0	0.0	0.0	0.0	0.0	0.98133	0	0	0.0	0.0	0.0	0.0	0.0	0.0
s__Prevotella_sp_CAG_1185	0	0.0	0.0	0.0	0.0	0.0	0.0	0.0	0.0	0.00525	0.0	0.0	0.0	0.0	0.0	0.0	0.0	0	0	0.0	0.0	0.0	0.0	0.0	0.0
s__Bacteroides_sp_CAG_144	0	0.0	0.0	0.0	0.0	0.0	0.0	0.0	0.0	0.0024	1.39261	0.09972	0.0	0.0	0.0	0.0	0.0	0	0	0.0	0.0	0.0	0.0	0.0	0.0
s__Alistipes_onderdonkii	0	0.0	0.0	0.0	0.0	0.0	0.0	0.0	0.0	0.00127	0.05729	0.0	0.0	0.0	0.0	0.0	0.0	0	0	0.0	0.0	0.0	0.0	0.0	0.0
s__Coprobacter_fastidiosus	0	0.0	0.0	0.0	0.0	0.0	0.0	0.0	0.0	0.00082	0.02418	0.0	0.0	0.0	0.0	0.0	0.0	0	0	0.0	0.0	0.0	0.0	0.0	0.0
s__Victivallis_vadensis	0	0.0	0.0	0.0	0.0	0.0	0.0	0.0	0.0	0.00059	0.0	0.00532	0.0	0.0	0.0	0.0	0.0	0	0	0.0	0.0	0.0	0.0	0.0	0.0
s__Phascolarctobacterium_faecium	0	0.0	0.0	0.0	0.0	0.0	0.0	0.0	0.0	0.0	2.31785	0.0	1.24552	0.2495	0.0	0.0	0.0	0	0	0.0	0.0	0.0	0.0	0.0	0.0
s__Clostridium_sp_CAG_413	0	0.0	0.0	0.0	0.0	0.0	0.0	0.0	0.0	0.0	2.2141	0.0	0.0	0.0	0.0	0.0	0.0	0	0	0.0	0.0	0.0	0.0	0.0	0.0
s__Bacteroides_coprocola	0	0.0	0.0	0.0	0.0	0.0	0.0	0.0	0.0	0.0	1.9264	0.0	0.0	0.0	0.0	0.0	0.0	0	0	0.0	0.0	0.0	0.0	0.0	0.0
s__Firmicutes_bacterium_CAG_238	0	0.0	0.0	0.0	0.0	0.0	0.0	0.0	0.0	0.0	1.89649	0.02286	0.0	0.0	0.0	0.0	0.0	0	0	0.0	0.0	0.0	0.0	0.0	0.0
s__Bacteroides_fragilis	0	0.0	0.0	0.0	0.0	0.0	0.0	0.0	0.0	0.0	0.86657	0.0	0.92567	0.30662	0.0	0.0	0.0	0	0	0.0	0.0	0.0	0.0	0.0	0.0
s__Phascolarctobacterium_sp_CAG_266	0	0.0	0.0	0.0	0.0	0.0	0.0	0.0	0.0	0.0	0.67843	0.0	0.0	0.0	0.0	0.0	0.0	0	0	0.0	0.0	0.0	0.0	0.0	0.0
s__Desulfovibrio_piger	0	0.0	0.0	0.0	0.0	0.0	0.0	0.0	0.0	0.0	0.60771	0.0	0.0	0.0	0.0	0.0	0.0	0	0	0.0	0.0	0.0	0.0	0.0	0.0
s__Monoglobus_pectinilyticus	0	0.0	0.0	0.0	0.0	0.0	0.0	0.0	0.0	0.0	0.12588	0.0	0.0	0.0	0.0	0.0	0.0	0	0	0.0	0.0	0.0	0.0	0.0	0.0
s__Firmicutes_bacterium_CAG_170	0	0.0	0.0	0.0	0.0	0.0	0.0	0.0	0.0	0.0	0.12225	0.0	0.0	0.0	0.0	0.0	0.0	0	0	0.0	0.0	0.0	0.0	0.0	0.0
s__Allisonella_histaminiformans	0	0.0	0.0	0.0	0.0	0.0	0.0	0.0	0.0	0.0	0.08798	0.0	0.0	0.0	0.0	0.0	0.0	0	0	0.0	0.0	0.0	0.0	0.0	0.0
s__Lactobacillus_rogosae	0	0.0	0.0	0.0	0.0	0.0	0.0	0.0	0.0	0.0	0.08578	0.0	0.0	0.0	0.0	0.0	0.11615	0	0	0.0	0.0	0.0	0.0	0.0	0.0
s__Roseburia_sp_CAG_309	0	0.0	0.0	0.0	0.0	0.0	0.0	0.0	0.0	0.0	0.06728	0.00529	0.0	0.0	0.01486	0.0	0.00381	0	0	0.0	0.0	0.0	0.0	0.0	0.0
s__Firmicutes_bacterium_CAG_83	0	0.0	0.0	0.0	0.0	0.0	0.0	0.0	0.0	0.0	0.05605	3.06997	0.13062	0.16232	0.0	0.0	0.0	0	0	0.0	0.0	0.0	0.0	0.0	0.0
s__Bacteroides_cellulosilyticus	0	0.0	0.0	0.0	0.0	0.0	0.0	0.0	0.0	0.0	0.03521	0.0	0.0	0.0	0.0	0.0	0.0	0	0	0.0	0.0	0.0	0.0	0.0	0.0
s__Sanguibacteroides_justesenii	0	0.0	0.0	0.0	0.0	0.0	0.0	0.0	0.0	0.0	0.03387	0.0834	0.0	0.0	0.0	0.0	0.0	0	0	0.0	0.0	0.0	0.0	0.0	0.0
s__Desulfovibrionaceae_bacterium	0	0.0	0.0	0.0	0.0	0.0	0.0	0.0	0.0	0.0	0.02353	0.02063	0.0	0.0	0.0	0.0	0.0	0	0	0.0	0.0	0.0	0.0	0.0	0.0
s__Coprococcus_catus	0	0.0	0.0	0.0	0.0	0.0	0.0	0.0	0.0	0.0	0.01684	0.10134	0.0	0.10946	0.78645	0.0	0.35349	0	0	0.0	0.0	0.0	0.0	0.0	0.0
s__Pseudoflavonifractor_sp_An184	0	0.0	0.0	0.0	0.0	0.0	0.0	0.0	0.0	0.0	0.00139	0.0	0.0	0.0	0.0	0.0	0.0	0	0	0.0	0.0	0.0	0.0	0.0	0.0
s__Prevotella_sp_CAG_5226	0	0.0	0.0	0.0	0.0	0.0	0.0	0.0	0.0	0.0	0.0	0.30542	0.0	0.0	0.0	0.0	0.0	0	0	0.0	0.0	0.0	0.0	0.0	0.0
s__Prevotella_timonensis	0	0.0	0.0	0.0	0.0	0.0	0.0	0.0	0.0	0.0	0.0	0.15731	0.0	0.0	0.0	0.01726	0.0	0	0	0.0	0.0	0.0	0.0	0.0	0.0
s__Campylobacter_hominis	0	0.0	0.0	0.0	0.0	0.0	0.0	0.0	0.0	0.0	0.0	0.12764	0.0	0.0	0.0	0.0	0.0	0	0	0.0	0.0	0.0	0.0	0.0	0.0
s__Clostridium_citroniae	0	0.0	0.0	0.0	0.0	0.0	0.0	0.0	0.0	0.0	0.0	0.04664	0.0	0.00433	0.0	0.0	0.0	0	0	0.0	0.0	0.0	0.0	0.0	0.0
s__Eisenbergiella_tayi	0	0.0	0.0	0.0	0.0	0.0	0.0	0.0	0.0	0.0	0.0	0.04284	0.0	0.0	0.0	0.0	0.0	0	0	0.0	0.0	0.0	0.0	0.0	0.0
s__Lactobacillus_curvatus	0	0.0	0.0	0.0	0.0	0.0	0.0	0.0	0.0	0.0	0.0	0.03314	0.0	0.0	0.0	0.0	0.0	0	0	0.0	0.0	0.0	0.0	0.0	0.0
s__Clostridium_asparagiforme	0	0.0	0.0	0.0	0.0	0.0	0.0	0.0	0.0	0.0	0.0	0.02479	0.0	0.0	0.0	0.0	0.0	0	0	0.0	0.0	0.0	0.0	0.0	0.0
s__Parvimonas_micra	0	0.0	0.0	0.0	0.0	0.0	0.0	0.0	0.0	0.0	0.0	0.02362	0.0	0.0	0.0	0.0	0.0	0	0	0.0	0.0	0.0	0.0	0.0	0.0
s__Porphyromonas_asaccharolytica	0	0.0	0.0	0.0	0.0	0.0	0.0	0.0	0.0	0.0	0.0	0.01959	0.0	0.0	0.0	0.0	0.0	0	0	0.0	0.0	0.0	0.0	0.0	0.0
s__Coprobacillus_cateniformis	0	0.0	0.0	0.0	0.0	0.0	0.0	0.0	0.0	0.0	0.0	0.01721	0.0	0.0	0.0	0.0	0.11087	0	0	0.0	0.0	0.0	0.0	0.0	0.0
s__Prevotella_buccalis	0	0.0	0.0	0.0	0.0	0.0	0.0	0.0	0.0	0.0	0.0	0.01673	0.0	0.0	0.0	0.0	0.0	0	0	0.0	0.0	0.0	0.0	0.0	0.0
s__Bacteroides_nordii	0	0.0	0.0	0.0	0.0	0.0	0.0	0.0	0.0	0.0	0.0	0.01629	0.01105	0.00314	0.0	0.0	0.0	0	0	0.0	0.0	0.0	0.0	0.0	0.0
s__Clostridium_bolteae	0	0.0	0.0	0.0	0.0	0.0	0.0	0.0	0.0	0.0	0.0	0.00379	0.0	0.0	0.0	0.0	0.0	0	0	0.0	0.0	0.0	0.0	0.0	0.0
s__Streptococcus_milleri	0	0.0	0.0	0.0	0.0	0.0	0.0	0.0	0.0	0.0	0.0	0.00297	0.0	0.0	0.0	0.0	0.0	0	0	0.0	0.0	0.0	0.0	0.0	0.0
s__Bacteroides_faecis	0	0.0	0.0	0.0	0.0	0.0	0.0	0.0	0.0	0.0	0.0	0.0	3.32186	0.86156	0.0	0.0	0.58246	0	0	0.0	0.0	0.0	0.0	0.0	0.0
s__Bacteroides_faecis_CAG_32	0	0.0	0.0	0.0	0.0	0.0	0.0	0.0	0.0	0.0	0.0	0.0	2.03675	0.82961	0.0	0.0	0.0	0	0	0.0	0.0	0.0	0.0	0.0	0.0
s__Escherichia_marmotae	0	0.0	0.0	0.0	0.0	0.0	0.0	0.0	0.0	0.0	0.0	0.0	0.10247	0.0	0.0	0.0	0.0	0	0	0.0	0.0	0.0	0.0	0.0	0.0
s__Megamonas_funiformis	0	0.0	0.0	0.0	0.0	0.0	0.0	0.0	0.0	0.0	0.0	0.0	0.01377	0.55265	0.0	0.0	0.0	0	0	0.0	0.0	0.0	0.0	0.0	0.0
s__Megamonas_hypermegale	0	0.0	0.0	0.0	0.0	0.0	0.0	0.0	0.0	0.0	0.0	0.0	0.01286	0.1718	0.0	0.0	0.0	0	0	0.0	0.0	0.0	0.0	0.0	0.0
s__Lactobacillus_johnsonii	0	0.0	0.0	0.0	0.0	0.0	0.0	0.0	0.0	0.0	0.0	0.0	0.00859	0.0	0.0	0.0	0.0	0	0	0.0	0.0	0.0	0.0	0.0	0.0
s__Megasphaera_stantonii	0	0.0	0.0	0.0	0.0	0.0	0.0	0.0	0.0	0.0	0.0	0.0	0.00755	0.02983	0.0	0.0	0.0	0	0	0.0	0.0	0.0	0.0	0.0	0.0
s__Firmicutes_bacterium_CAG_145	0	0.0	0.0	0.0	0.0	0.0	0.0	0.0	0.0	0.0	0.0	0.0	0.0	0.15138	0.0	0.0	0.0	0	0	0.0	0.0	0.0	0.0	0.0	0.0
s__Actinomyces_turicensis	0	0.0	0.0	0.0	0.0	0.0	0.0	0.0	0.0	0.0	0.0	0.0	0.0	0.06401	0.0	0.0	0.0	0	0	0.0	0.0	0.0	0.0	0.0	0.0
s__Clostridium_innocuum	0	0.0	0.0	0.0	0.0	0.0	0.0	0.0	0.0	0.0	0.0	0.0	0.0	0.05403	0.01714	0.04131	0.0	0	0	0.0	0.0	0.0	0.0	0.0	0.0
s__Prevotella_corporis	0	0.0	0.0	0.0	0.0	0.0	0.0	0.0	0.0	0.0	0.0	0.0	0.0	0.04703	0.0	0.0	0.0	0	0	0.0	0.0	0.0	0.0	0.0	0.0
s__Prevotella_disiens	0	0.0	0.0	0.0	0.0	0.0	0.0	0.0	0.0	0.0	0.0	0.0	0.0	0.0293	0.0	0.0	0.0	0	0	0.0	0.0	0.0	0.0	0.0	0.0
s__Atopobium_vaginae	0	0.0	0.0	0.0	0.0	0.0	0.0	0.0	0.0	0.0	0.0	0.0	0.0	0.01359	0.0	0.0	0.0	0	0	0.0	0.0	0.0	0.0	0.0	0.0
s__Cloacibacillus_porcorum	0	0.0	0.0	0.0	0.0	0.0	0.0	0.0	0.0	0.0	0.0	0.0	0.0	0.01291	0.0	0.0	0.0	0	0	0.0	0.0	0.0	0.0	0.0	0.0
s__Lactobacillus_delbrueckii	0	0.0	0.0	0.0	0.0	0.0	0.0	0.0	0.0	0.0	0.0	0.0	0.0	0.01208	0.0	0.0	0.0	0	0	0.0	0.0	0.0	0.0	0.0	0.0
s__Facklamia_hominis	0	0.0	0.0	0.0	0.0	0.0	0.0	0.0	0.0	0.0	0.0	0.0	0.0	0.00694	0.0	0.0	0.0	0	0	0.0	0.0	0.0	0.0	0.0	0.0
s__Christensenella_minuta	0	0.0	0.0	0.0	0.0	0.0	0.0	0.0	0.0	0.0	0.0	0.0	0.0	0.00643	0.0	0.0	0.0	0	0	0.0	0.0	0.0	0.0	0.0	0.0
s__Slackia_isoflavoniconvertens	0	0.0	0.0	0.0	0.0	0.0	0.0	0.0	0.0	0.0	0.0	0.0	0.0	0.00428	0.0	0.0	0.0	0	0	0.0	0.0	0.0	0.0	0.0	0.0
s__Eubacterium_limosum	0	0.0	0.0	0.0	0.0	0.0	0.0	0.0	0.0	0.0	0.0	0.0	0.0	0.00346	0.0	0.0	0.0	0	0	0.0	0.0	0.0	0.0	0.0	0.0
s__Staphylococcus_epidermidis	0	0.0	0.0	0.0	0.0	0.0	0.0	0.0	0.0	0.0	0.0	0.0	0.0	0.0023	0.0	0.0	0.0	100	100	84.06476	0.0	0.0	0.0	0.0	0.0
s__Lachnoclostridium_sp_An138	0	0.0	0.0	0.0	0.0	0.0	0.0	0.0	0.0	0.0	0.0	0.0	0.0	0.00056	0.0	0.0	0.0	0	0	0.0	0.0	0.0	0.0	0.0	0.0
s__Butyrivibrio_crossotus	0	0.0	0.0	0.0	0.0	0.0	0.0	0.0	0.0	0.0	0.0	0.0	0.0	0.0	1.65344	0.0	3.91544	0	0	0.0	0.0	0.0	0.0	0.0	0.0
s__Bifidobacterium_animalis	0	0.0	0.0	0.0	0.0	0.0	0.0	0.0	0.0	0.0	0.0	0.0	0.0	0.0	0.77248	0.0	0.0	0	0	0.0	0.0	0.0	0.0	0.0	0.0
s__Eubacterium_sp_OM08_24	0	0.0	0.0	0.0	0.0	0.0	0.0	0.0	0.0	0.0	0.0	0.0	0.0	0.0	0.17338	0.0	0.0	0	0	0.0	0.0	0.0	0.0	0.0	0.0
s__Clostridium_lavalense	0	0.0	0.0	0.0	0.0	0.0	0.0	0.0	0.0	0.0	0.0	0.0	0.0	0.0	0.01324	0.0	0.0	0	0	0.0	0.0	0.0	0.0	0.0	0.0
s__Leuconostoc_mesenteroides	0	0.0	0.0	0.0	0.0	0.0	0.0	0.0	0.0	0.0	0.0	0.0	0.0	0.0	0.01082	0.0	0.0	0	0	0.0	0.0	0.0	0.0	0.0	0.0
s__Methanosphaera_stadtmanae	0	0.0	0.0	0.0	0.0	0.0	0.0	0.0	0.0	0.0	0.0	0.0	0.0	0.0	0.00747	0.0	0.2701	0	0	0.0	0.0	0.0	0.0	0.0	0.0
s__Lactococcus_lactis	0	0.0	0.0	0.0	0.0	0.0	0.0	0.0	0.0	0.0	0.0	0.0	0.0	0.0	0.00691	0.0	0.00874	0	0	0.0	0.0	0.0	0.0	0.0	0.0
s__Bifidobacterium_mongoliense	0	0.0	0.0	0.0	0.0	0.0	0.0	0.0	0.0	0.0	0.0	0.0	0.0	0.0	0.00485	0.0	0.0	0	0	0.0	0.0	0.0	0.0	0.0	0.0
s__Roseburia_sp_CAG_471	0	0.0	0.0	0.0	0.0	0.0	0.0	0.0	0.0	0.0	0.0	0.0	0.0	0.0	0.00397	0.0	0.001	0	0	0.0	0.0	0.0	0.0	0.0	0.0
s__Actinomyces_sp_ICM47	0	0.0	0.0	0.0	0.0	0.0	0.0	0.0	0.0	0.0	0.0	0.0	0.0	0.0	0.00074	0.0	0.0	0	0	0.0	0.0	0.0	0.0	0.0	0.0
s__Lactobacillus_antri	0	0.0	0.0	0.0	0.0	0.0	0.0	0.0	0.0	0.0	0.0	0.0	0.0	0.0	0.0	3.97367	0.0	0	0	0.0	0.0	0.0	0.0	0.0	0.0
s__Hungatella_hathewayi	0	0.0	0.0	0.0	0.0	0.0	0.0	0.0	0.0	0.0	0.0	0.0	0.0	0.0	0.0	0.08159	0.0	0	0	0.0	0.0	0.0	0.0	0.0	0.0
s__Ruminococcus_sp_CAG_330	0	0.0	0.0	0.0	0.0	0.0	0.0	0.0	0.0	0.0	0.0	0.0	0.0	0.0	0.0	0.07048	0.0	0	0	0.0	0.0	0.0	0.0	0.0	0.0
s__Anaeroglobus_geminatus	0	0.0	0.0	0.0	0.0	0.0	0.0	0.0	0.0	0.0	0.0	0.0	0.0	0.0	0.0	0.0492	0.0	0	0	0.0	0.0	0.0	0.0	0.0	0.0
s__Hafnia_paralvei	0	0.0	0.0	0.0	0.0	0.0	0.0	0.0	0.0	0.0	0.0	0.0	0.0	0.0	0.0	0.02343	0.0	0	0	0.0	0.0	0.0	0.0	0.0	0.0
s__Lactobacillus_melliventris	0	0.0	0.0	0.0	0.0	0.0	0.0	0.0	0.0	0.0	0.0	0.0	0.0	0.0	0.0	0.01535	0.0	0	0	0.0	0.0	0.0	0.0	0.0	0.0
s__Lactobacillus_helsingborgensis	0	0.0	0.0	0.0	0.0	0.0	0.0	0.0	0.0	0.0	0.0	0.0	0.0	0.0	0.0	0.0046	0.0	0	0	0.0	0.0	0.0	0.0	0.0	0.0
s__Tyzzerella_nexilis	0	0.0	0.0	0.0	0.0	0.0	0.0	0.0	0.0	0.0	0.0	0.0	0.0	0.0	0.0	0.00296	0.0	0	0	0.0	0.0	0.0	0.0	0.0	0.0
s__Bifidobacterium_dentium	0	0.0	0.0	0.0	0.0	0.0	0.0	0.0	0.0	0.0	0.0	0.0	0.0	0.0	0.0	0.00196	0.0	0	0	0.0	0.0	0.0	0.0	0.0	0.0
s__Ruminococcus_lactaris	0	0.0	0.0	0.0	0.0	0.0	0.0	0.0	0.0	0.0	0.0	0.0	0.0	0.0	0.0	0.0	1.80585	0	0	0.0	0.0	0.0	0.0	0.0	0.0
s__Ruminococcus_callidus	0	0.0	0.0	0.0	0.0	0.0	0.0	0.0	0.0	0.0	0.0	0.0	0.0	0.0	0.0	0.0	0.12648	0	0	0.0	0.0	0.0	0.0	0.0	0.0
s__Turicibacter_sanguinis	0	0.0	0.0	0.0	0.0	0.0	0.0	0.0	0.0	0.0	0.0	0.0	0.0	0.0	0.0	0.0	0.01564	0	0	0.0	0.0	0.0	0.0	0.0	0.0
s__Bacteroides_galacturonicus	0	0.0	0.0	0.0	0.0	0.0	0.0	0.0	0.0	0.0	0.0	0.0	0.0	0.0	0.0	0.0	0.00972	0	0	0.0	0.0	0.0	0.0	0.0	0.0
s__Holdemania_filiformis	0	0.0	0.0	0.0	0.0	0.0	0.0	0.0	0.0	0.0	0.0	0.0	0.0	0.0	0.0	0.0	0.00199	0	0	0.0	0.0	0.0	0.0	0.0	0.0
s__Corynebacterium_kroppenstedtii	0	0.0	0.0	0.0	0.0	0.0	0.0	0.0	0.0	0.0	0.0	0.0	0.0	0.0	0.0	0.0	0.0	0	0	15.93524	0.0	0.0	0.0	0.0	0.0
s__Bifidobacterium_actinocoloniiforme	0	0.0	0.0	0.0	0.0	0.0	0.0	0.0	0.0	0.0	0.0	0.0	0.0	0.0	0.0	0.0	0.0	0	0	0.0	84.16817	0.0	0.0	0.0	0.0
s__Bifidobacterium_bohemicum	0	0.0	0.0	0.0	0.0	0.0	0.0	0.0	0.0	0.0	0.0	0.0	0.0	0.0	0.0	0.0	0.0	0	0	0.0	15.83183	0.0	0.0	0.0	0.0
s__Streptococcus_salivarius_CAG_79	0	0.0	0.0	0.0	0.0	0.0	0.0	0.0	0.0	0.0	0.0	0.0	0.0	0.0	0.0	0.0	0.0	0	0	0.0	0.0	0.0	9.86116	0.0	0.0
s__Streptococcus_sp_M334	0	0.0	0.0	0.0	0.0	0.0	0.0	0.0	0.0	0.0	0.0	0.0	0.0	0.0	0.0	0.0	0.0	0	0	0.0	0.0	0.0	0.0	1.26432	0.0
s__Rothia_dentocariosa	0	0.0	0.0	0.0	0.0	0.0	0.0	0.0	0.0	0.0	0.0	0.0	0.0	0.0	0.0	0.0	0.0	0	0	0.0	0.0	0.0	0.0	0.0	6.3814
s__Neisseria_cinerea	0	0.0	0.0	0.0	0.0	0.0	0.0	0.0	0.0	0.0	0.0	0.0	0.0	0.0	0.0	0.0	0.0	0	0	0.0	0.0	0.0	0.0	0.0	2.79812
s__Streptococcus_sanguinis	0	0.0	0.0	0.0	0.0	0.0	0.0	0.0	0.0	0.0	0.0	0.0	0.0	0.0	0.0	0.0	0.0	0	0	0.0	0.0	0.0	0.0	0.0	2.38245
s__Haemophilus_haemolyticus	0	0.0	0.0	0.0	0.0	0.0	0.0	0.0	0.0	0.0	0.0	0.0	0.0	0.0	0.0	0.0	0.0	0	0	0.0	0.0	0.0	0.0	0.0	2.26876
s__Haemophilus_parahaemolyticus	0	0.0	0.0	0.0	0.0	0.0	0.0	0.0	0.0	0.0	0.0	0.0	0.0	0.0	0.0	0.0	0.0	0	0	0.0	0.0	0.0	0.0	0.0	2.13795
s__Streptococcus_pseudopneumoniae	0	0.0	0.0	0.0	0.0	0.0	0.0	0.0	0.0	0.0	0.0	0.0	0.0	0.0	0.0	0.0	0.0	0	0	0.0	0.0	0.0	0.0	0.0	1.83105
s__Corynebacterium_durum	0	0.0	0.0	0.0	0.0	0.0	0.0	0.0	0.0	0.0	0.0	0.0	0.0	0.0	0.0	0.0	0.0	0	0	0.0	0.0	0.0	0.0	0.0	1.72504
s__Neisseria_sicca	0	0.0	0.0	0.0	0.0	0.0	0.0	0.0	0.0	0.0	0.0	0.0	0.0	0.0	0.0	0.0	0.0	0	0	0.0	0.0	0.0	0.0	0.0	1.22788
s__Haemophilus_paraphrohaemolyticus	0	0.0	0.0	0.0	0.0	0.0	0.0	0.0	0.0	0.0	0.0	0.0	0.0	0.0	0.0	0.0	0.0	0	0	0.0	0.0	0.0	0.0	0.0	0.52103
s__Rothia_aeria	0	0.0	0.0	0.0	0.0	0.0	0.0	0.0	0.0	0.0	0.0	0.0	0.0	0.0	0.0	0.0	0.0	0	0	0.0	0.0	0.0	0.0	0.0	0.50639
s__Haemophilus_influenzae	0	0.0	0.0	0.0	0.0	0.0	0.0	0.0	0.0	0.0	0.0	0.0	0.0	0.0	0.0	0.0	0.0	0	0	0.0	0.0	0.0	0.0	0.0	0.41853
s__Moraxella_nonliquefaciens	0	0.0	0.0	0.0	0.0	0.0	0.0	0.0	0.0	0.0	0.0	0.0	0.0	0.0	0.0	0.0	0.0	0	0	0.0	0.0	0.0	0.0	0.0	0.41359
s__Neisseria_gonorrhoeae	0	0.0	0.0	0.0	0.0	0.0	0.0	0.0	0.0	0.0	0.0	0.0	0.0	0.0	0.0	0.0	0.0	0	0	0.0	0.0	0.0	0.0	0.0	0.35629
s__Kingella_kingae	0	0.0	0.0	0.0	0.0	0.0	0.0	0.0	0.0	0.0	0.0	0.0	0.0	0.0	0.0	0.0	0.0	0	0	0.0	0.0	0.0	0.0	0.0	0.34628
s__Corynebacterium_matruchotii	0	0.0	0.0	0.0	0.0	0.0	0.0	0.0	0.0	0.0	0.0	0.0	0.0	0.0	0.0	0.0	0.0	0	0	0.0	0.0	0.0	0.0	0.0	0.30104
s__Streptococcus_cristatus	0	0.0	0.0	0.0	0.0	0.0	0.0	0.0	0.0	0.0	0.0	0.0	0.0	0.0	0.0	0.0	0.0	0	0	0.0	0.0	0.0	0.0	0.0	0.28325
s__Neisseria_mucosa	0	0.0	0.0	0.0	0.0	0.0	0.0	0.0	0.0	0.0	0.0	0.0	0.0	0.0	0.0	0.0	0.0	0	0	0.0	0.0	0.0	0.0	0.0	0.18621
s__Veillonella_rogosae	0	0.0	0.0	0.0	0.0	0.0	0.0	0.0	0.0	0.0	0.0	0.0	0.0	0.0	0.0	0.0	0.0	0	0	0.0	0.0	0.0	0.0	0.0	0.15018
s__Moraxella_lincolnii	0	0.0	0.0	0.0	0.0	0.0	0.0	0.0	0.0	0.0	0.0	0.0	0.0	0.0	0.0	0.0	0.0	0	0	0.0	0.0	0.0	0.0	0.0	0.09696
s__Streptococcus_sp_oral_taxon_056	0	0.0	0.0	0.0	0.0	0.0	0.0	0.0	0.0	0.0	0.0	0.0	0.0	0.0	0.0	0.0	0.0	0	0	0.0	0.0	0.0	0.0	0.0	0.06533
s__Abiotrophia_defectiva	0	0.0	0.0	0.0	0.0	0.0	0.0	0.0	0.0	0.0	0.0	0.0	0.0	0.0	0.0	0.0	0.0	0	0	0.0	0.0	0.0	0.0	0.0	0.05088
s__Capnocytophaga_sputigena	0	0.0	0.0	0.0	0.0	0.0	0.0	0.0	0.0	0.0	0.0	0.0	0.0	0.0	0.0	0.0	0.0	0	0	0.0	0.0	0.0	0.0	0.0	0.04716
s__Streptococcus_gordonii	0	0.0	0.0	0.0	0.0	0.0	0.0	0.0	0.0	0.0	0.0	0.0	0.0	0.0	0.0	0.0	0.0	0	0	0.0	0.0	0.0	0.0	0.0	0.03643
s__Abiotrophia_sp_HMSC24B09	0	0.0	0.0	0.0	0.0	0.0	0.0	0.0	0.0	0.0	0.0	0.0	0.0	0.0	0.0	0.0	0.0	0	0	0.0	0.0	0.0	0.0	0.0	0.0325
