clade_name	NCBI_tax_id	GupDM_A_11	GupDM_A_15	GupDM_A1	GupDM_A10	GupDM_A12	GupDM_A13	GupDM_A14	GupDM_A2	GupDM_A3	GupDM_A4	GupDM_A5	GupDM_A6	GupDM_A7	GupDM_A8	GupDM_A9	GupDM_HAG	GupDM_HAH	GupDM_HAI	GupDM_HAJ	GupDM_HAK	GupDM_HAL	GupDM_HAM	GupDM_HAN	GupDM_HAO	GupDM_HAP	GupDM_HAR	GupDM_HAT	GupDM_HBR	GupDM_HCL	GupDM_HCM	GupDM_HCN	GupDM_HCO	GupDM_HCP	GupDM_HCQ	GupDM_HCR	GupDM_HCS	GupDM_HCT	GupDM_HCU	GupDM_HCV	GupDM_HCY	GupDM_HDB	GupDM_HDF	GupDM_HP	GupDM_HR	GupDM_HS	GupDM_JA	GupDM_JB	GupDM_JC	GupDM_JD	GupDM_JE	GupDM_JG	GupDM_JH	GupDM_JI	GupDM_JJ	GupDM_JK	GupDM_JL	GupDM_JM	GupDM_JN	GupDM_JO	GupDM_JP
s__Escherichia_coli	0	26.21286	57.33251	24.6124	34.15032	1.28937	12.77199	5.27225	4.2072	0.0	0.00932	2.45734	0.0	5.18049	55.53339	0.2888	0.8666	0.08537	0.02331	0.0	0.28194	3.38255	9.68801	0.29912	0.15785	0.23413	0.01352	4.48316	0.0	0.0	1.74442	1.06202	0.0	5.25067	0.06686	4.81257	0.0	0.18787	6.0639	0.06668	9.831	0.0	0.21079	0.42901	0.0501	0.26388	0.0	1.60171	1.25211	4.80063	1.15925	14.80429	0.71907	3.31133	3.77374	1.0119	0.15895	1.0124	1.32941	3.44763	7.3781
s__Alistipes_putredinis	0	15.49458	0.0	0.81345	0.0	0.0	0.0	0.0	0.30735	0.0	2.81667	0.05778	27.26674	0.0809	0.0	0.0	0.0	0.0	0.0	4.49796	0.0	0.0	7.38114	3.47545	0.0	0.0	0.0	0.0	0.18425	0.0	0.15424	0.0	0.00389	0.0	11.70117	0.0	0.0	0.0	0.0	0.07969	4.80851	0.10892	10.54514	0.0	0.92685	0.0	0.0	0.0	0.3112	0.17577	0.17952	0.0	0.0	0.08704	0.12554	0.07853	0.0	0.121	0.19484	0.06484	0.04527
s__Porphyromonas_asaccharolytica	0	7.43768	0.0	0.33521	0.0	0.0	0.0	0.0	0.78	0.0	0.0	0.0	0.0	0.0	0.0	0.0	0.0	0.0	0.0	0.0	0.0	0.0	0.0	0.0	0.0	0.0	0.0	0.0	0.0	0.0	0.0	0.0	0.0	0.0	0.0	0.0	0.0	0.0	0.0	0.0	0.0	0.0	0.0	0.0	0.0	0.0	0.0	0.0	0.0	0.0	0.0	0.0	0.0	0.0	0.0	0.0	0.0	0.0	0.0	0.0	0.0
s__Bacteroides_uniformis	0	7.32234	0.0	1.07397	0.0	0.26833	0.0	3.99981	3.86272	1.52953	0.26218	0.0	10.13426	0.3649	0.0	0.13606	0.0	0.0	0.0	0.66402	0.0	0.0	0.35619	6.27539	2.12242	0.0	0.0	0.0	0.5257	0.0	0.03199	3.97459	0.21866	0.99859	32.18097	0.73259	0.0	0.0	0.0	0.23879	2.67976	0.59476	24.94361	0.0	0.0	0.0	0.0	2.20647	0.52286	1.88417	0.0	0.02145	3.95315	1.44295	3.34974	2.11374	0.0	1.85272	2.03914	1.42353	0.43273
s__Prevotella_stercorea	0	6.43363	0.0	0.85123	0.0	0.04405	0.0	3.27545	0.7134	0.0	0.0	1.30276	0.0	0.0	0.0	0.0	0.0	0.0	0.0	0.0	6.47252	4.18493	4.47672	0.0	11.69464	0.0	6.7354	0.0	0.0	0.29119	0.0	0.12858	0.0	0.0	0.0	0.0	5.10471	0.0	20.52979	0.0	0.0	0.0	0.0	2.0953	6.04599	0.98348	0.0	0.04257	2.05669	11.92433	34.70667	1.123	1.04932	1.09335	23.41667	16.68439	0.37253	1.88314	1.71463	1.02824	12.38441
s__Prevotella_sp_CAG_279	0	3.91058	0.0	4.58853	0.0	0.0	0.0	25.28067	0.28553	0.0	0.0	0.34877	0.0	0.0	0.0	0.0	1.53727	0.28258	0.35408	0.0	1.56934	0.01283	0.0	0.0	12.23885	0.0	0.07559	0.08829	0.0	0.0	1.50546	0.0	0.0	6.41712	0.0	5.23313	1.69255	0.0	0.99169	0.0	0.0	0.0	0.0	0.0	0.0	2.3712	0.0	13.55364	0.01538	0.198	1.58317	0.0	28.19024	6.37732	0.55272	16.06466	0.0	11.63089	12.2759	7.33795	2.99164
s__Dialister_sp_CAG_357	0	3.79204	0.0	1.42754	5.44719	0.0	3.12142	0.0	0.0	0.0	0.0	0.0	0.0	0.0	0.0	0.0	0.0	3.7663	6.46041	2.99828	0.0	0.0	0.0	0.0	0.0	0.0	1.57225	0.0	19.454	0.0	0.0	0.35997	0.0	0.0	0.0	0.0	0.0	0.0	0.0	0.0	1.19616	19.46276	0.0	0.0	1.50998	0.0	7.06269	0.0	0.0	0.0	0.0	0.0	0.0	0.0	0.0	0.0	7.36735	0.0	0.0	0.0	0.0
s__Bacteroides_massiliensis	0	3.30673	0.0	0.15192	0.0	0.0	0.0	0.0	0.0	0.0	0.0	0.0	0.0	0.0	0.0	0.0	0.0	0.0	0.0	0.0	0.0	0.0	0.0	0.0	0.0	0.0	0.0	0.0	0.33936	0.0	0.0	0.0	0.0	0.0	0.0	0.0	0.0	0.0	0.0	0.0	0.0	0.39697	0.0	0.0	0.0	0.0	0.0	0.0	0.0	0.0	0.0	0.0	0.0	0.0	0.0	0.0	0.0	0.0	0.0	0.0	0.0
s__Prevotella_bivia	0	2.54554	0.0	0.10944	0.0	0.0	0.0	0.0	0.0	0.0	0.0	0.14032	0.0	0.0	0.0	0.0	0.0	0.0	0.0	0.0	0.0	0.0	0.0	0.0	0.0	0.0	0.0	0.0	0.0	0.0	0.0	0.0	0.0	0.0	0.0	0.0	0.0	0.0	0.0	0.0	0.0	0.0	0.0	0.0	0.0	0.0	0.0	0.0	0.0	0.0	0.0	0.0	0.0	0.0	0.0	0.0	0.0	0.0	0.0	0.0	0.0
s__Odoribacter_splanchnicus	0	2.41898	0.0	0.24621	0.0	0.24505	0.0	0.77221	0.90051	2.36557	0.13289	0.22953	1.42248	0.00815	0.0	0.0	0.06615	0.01934	0.0	0.09245	0.02851	0.0	0.5323	0.11912	0.0	0.00856	0.0	0.0	0.09472	0.0	0.0	0.08181	0.02584	0.0	0.11478	0.44607	0.0	0.0	0.0	0.02165	0.06779	0.12094	0.7764	0.0	0.10257	0.02291	0.0	0.36433	14.29407	9.25073	2.82869	0.0	0.34736	5.484	6.8631	1.4111	0.56757	8.18387	8.38277	4.83483	1.11618
s__Porphyromonas_uenonis	0	2.17207	0.0	0.09385	0.0	0.0	0.0	0.0	0.08964	0.0	0.0	0.0	0.0	0.0	0.0	0.0	0.0	0.0	0.0	0.0	0.0	0.0	0.0	0.0	0.0	0.0	0.0	0.0	0.0	0.0	0.0	0.0	0.0	0.0	0.0	0.0	0.0	0.0	0.0	0.0	0.0	0.0	0.0	0.0	0.0	0.0	0.0	0.0	0.0	0.20792	0.0	0.0	0.0	0.0	0.69817	0.0	0.0	0.0	0.0	0.0	0.0
s__Clostridium_sp_CAG_413	0	2.03725	0.0	0.08775	0.0	0.0	0.0	0.0	22.75191	0.0	0.0	0.0	0.0	0.0	0.0	0.0	0.0	0.0	0.0	0.0	0.0	0.0	0.0	0.0	0.0	0.0	0.0	0.0	0.0	0.0	0.0	0.0	0.0	0.0	0.0	0.0	0.84191	0.0	0.0	0.0	0.0	0.0	0.0	0.0	0.0	0.0	0.0	0.0	0.0	0.0	1.04103	0.32125	0.0	0.0	0.0	0.52009	0.0	0.0	0.0	0.0	0.50918
s__Parvimonas_micra	0	1.53036	0.0	0.05045	0.0	0.0	0.0	0.0	7.29352	0.0	1.86491	0.34438	0.0	0.0	0.0	0.0	0.0	0.0	0.0	0.0	0.0	0.0	0.0	0.0	0.0	0.0	0.0	0.0	0.0	0.0	0.0	0.0	0.0	0.0	0.0	0.0	0.0	0.0	0.0	0.0	0.0	0.0	0.0	0.0	0.0	0.0	0.0	0.18378	0.0	0.0	0.0	0.0	0.0	0.07363	0.0	0.0	0.0	0.0	0.0	0.06755	0.01527
s__Bacteroides_fragilis	0	1.5118	0.04738	2.05309	0.23019	0.32517	0.0	0.65511	0.90556	0.0	1.81227	0.2691	0.0	0.0	0.03861	0.012	0.0	0.25216	0.0	10.5555	0.0	0.0	0.02198	0.0	0.0	0.16651	0.0	0.0	0.0	0.0	0.0	3.53786	0.0	0.0	0.0	0.0	0.0	0.0	0.0	0.0	11.92148	0.0	0.00934	0.0	0.0	0.0	0.0	0.13754	12.2518	6.65674	0.0	0.08724	0.63852	4.02881	4.83668	0.30088	0.75867	7.72265	7.69899	3.67521	0.05378
s__Peptostreptococcus_anaerobius	0	1.36325	0.0	0.0502	0.0	0.0	0.0	0.0	0.0	0.0	0.0	2.63229	0.0	0.0	0.0	0.0	0.0	0.0	0.0	0.0	0.0	0.0	0.0	0.0	0.0	0.0	0.0	0.0	0.0	0.0	0.0	0.0	0.0	0.0	0.0	0.0	0.0	0.0	0.0	0.0	0.0	0.0	0.0	0.0	0.0	0.0	0.0	0.0	0.0	0.0	0.0	0.0	0.0	0.0	0.0	0.0	0.0	0.0	0.0	0.0	0.0
s__Bacteroides_intestinalis	0	1.04865	0.0	0.04533	0.0	0.0	0.0	0.0	0.02443	2.72866	0.0	0.0	0.14028	0.0	0.0	0.0	0.0	0.0	0.0	0.0	0.0	0.0	0.0	0.0	0.00427	0.0	0.0	0.0	0.0	0.0	0.0	0.0	0.0	0.0	0.0	0.0	0.0	0.0	0.0	0.0	0.0	0.0	0.0	0.0	0.0	0.0	0.0	0.0	0.59518	2.72529	1.91997	0.0	0.0	0.27129	4.66367	0.85636	0.0	0.34541	0.33169	0.20306	0.67392
s__Bacteroides_thetaiotaomicron	0	1.01085	0.05706	0.83492	0.58814	0.19229	3.39676	1.19441	0.48194	5.27813	0.56118	0.0	1.40294	0.02581	0.03057	0.2179	0.0	0.02548	0.00221	0.09126	0.0	0.0	0.24314	0.49879	0.0	0.0	0.0	0.0	0.04547	0.0	0.0	0.11338	0.0	0.12344	0.05011	0.0	0.0	0.0	0.00955	0.0	0.2845	0.02439	0.39615	0.0	0.00926	0.0	0.0	1.5405	0.0818	0.05001	0.1068	0.0	1.12312	0.83965	0.05851	0.64256	0.0	0.52141	0.57479	0.89504	0.29611
s__Firmicutes_bacterium_CAG_170	0	1.01031	0.0	0.03982	0.0	0.0	0.0	0.0	0.0	0.0	0.22935	0.32793	0.0	0.12892	0.0	0.0	0.00921	0.0	0.0	0.0	0.23383	0.08337	0.03592	0.0	0.0	0.0	0.0	0.0	0.01396	0.0	0.04235	0.3806	0.20678	1.36788	0.0	0.0	0.5955	0.0	0.0	0.23726	0.0	0.0	0.0	0.15393	0.0	0.81976	0.0	0.0	0.08165	0.1451	0.90299	10.3109	0.0	0.12193	0.086	0.38637	0.00972	0.0342	0.04557	0.09111	5.33678
s__Bacteroides_caccae	0	0.98178	0.0	0.22568	0.0	0.0	0.0	1.08753	0.0	7.40214	0.0	0.54696	0.14297	0.50059	0.0	0.0	0.13353	0.11618	0.0	1.4021	0.0	0.0	0.16611	3.8565	0.1301	0.0	0.0	0.0	0.36338	0.0	0.0	1.80236	0.01481	4.93052	1.12275	0.18762	0.0	0.0	0.0	0.0297	1.43209	0.43266	3.30893	0.0	3.43255	0.00508	0.0	0.0	1.20459	0.52386	0.0	0.0	0.9725	0.34358	0.36321	0.5622	0.0	1.10395	1.26756	0.32834	0.0
s__Ruminococcus_bromii	0	0.87549	0.0	0.09491	0.44022	0.0	0.0	0.0	0.0	5.19197	0.0	0.28959	0.76797	0.0	0.0	0.0	0.48022	0.0	0.12528	2.09178	0.22259	0.01013	9.2527	0.03898	0.0	0.0	0.0	0.0	0.00746	0.0	0.0	2.69534	0.14918	0.0	0.0	0.0	0.0	0.12619	0.0	0.19897	0.0	0.05752	0.5764	0.0	0.0	0.0	5.37327	0.0	0.27236	0.14142	0.17749	0.82086	0.0	0.07198	0.08104	0.07171	4.58835	0.12589	0.12477	0.09748	0.45112
s__Bacteroides_vulgatus	0	0.79867	0.04319	3.09513	0.76904	4.12337	0.0	15.06112	1.62086	26.08714	0.2793	0.53455	0.0	0.86639	0.02856	3.09807	1.46858	0.17954	0.88048	20.99067	0.0	0.0	1.50875	34.2484	0.04376	0.1086	0.0	0.0	5.109	0.0	0.06808	3.54074	0.0	33.26705	1.63707	5.20296	0.0	0.0	0.0	0.0	6.20418	4.91874	0.0	0.0	1.81346	0.69346	0.0	7.60562	6.69426	3.51821	7.74483	0.6789	19.76786	6.21394	2.91394	15.89093	0.24012	11.49088	12.12159	6.5772	4.88874
s__Parabacteroides_distasonis	0	0.72057	0.11384	0.48817	0.0	0.01933	0.0	1.28904	1.35861	1.98272	0.0471	0.0	0.28682	0.42096	0.10566	0.0	0.08971	0.03029	0.0	3.02973	0.06625	0.0	0.69217	0.54544	0.4466	0.0	0.0	0.0	0.01159	0.0	0.13059	0.42186	0.0	1.30711	0.65002	0.0	0.0	0.0	0.04645	0.0	0.21305	0.06723	0.50981	0.0	0.06153	0.0	2.25029	1.22805	2.25083	1.62378	6.93366	0.0	1.31249	1.60287	1.17078	3.683	2.2444	1.88524	1.83765	1.51381	2.62847
s__Coprococcus_eutactus	0	0.67844	0.0	0.01696	0.0	0.0	0.0	0.0	0.0	0.0	5.71205	0.0	0.0	0.0	0.0	0.0	0.40224	0.20437	0.0	0.0	0.0	0.11506	0.0	0.0	0.0	0.2237	0.0	0.40881	0.35923	0.01848	0.0	0.95734	0.0	0.0	0.00587	0.0	0.0	0.0	0.0	0.0	0.88458	0.51277	0.0	0.06954	0.34239	0.0	0.0292	0.0	0.0	0.0	0.0	0.0	0.0	0.0	0.0	0.0	0.0748	0.0	0.0	0.0	0.0
s__Eubacterium_rectale	0	0.53343	0.0	0.05039	0.02461	0.0	0.0	0.09169	0.0	0.0	13.77966	1.40596	0.0	0.35673	0.0	0.0	1.54806	9.8119	3.28133	0.64361	6.85524	15.72571	0.20513	1.17527	7.96704	1.01025	0.40005	6.65805	1.57102	0.76775	0.12836	9.84427	0.0	0.0	1.6997	5.02788	2.88784	0.10742	0.0	0.0	2.12862	1.64141	0.39055	2.92822	0.2439	1.49865	0.0	0.0	0.0	0.0	0.0	1.03441	0.12197	0.0	0.0	0.00798	0.0	0.01791	0.01702	0.0	0.47731
s__Lactobacillus_mucosae	0	0.50598	0.0	0.45964	3.03352	0.0	0.0	0.05369	0.0	0.0	0.0	0.0	0.0	0.0	0.0	0.0	0.0	0.0	0.0	0.0	0.0	0.0	0.0	0.0	0.0	0.0	0.0	0.0	0.0	0.0	0.0	0.0	0.0	0.0	0.0	0.0	0.0	0.04078	0.0	0.0	0.0	0.0	0.0	0.0	0.0	0.0	0.0	0.0	0.0	0.0	0.0	0.0	0.09819	0.0	0.0	0.03037	0.0	0.02527	0.00395	0.0	0.0
s__Bacteroides_ovatus	0	0.44572	0.0	0.41756	0.89691	1.76919	0.0	0.71107	0.21995	2.82965	0.0	0.56138	2.10921	0.01679	0.0	0.07564	0.4484	0.00706	0.14068	0.29213	0.19348	0.0	0.17823	0.0	0.03121	0.20004	0.0	0.04227	0.34741	0.0	0.03347	1.47906	0.0	0.09216	2.11475	0.19314	0.0	0.07496	0.0	0.0	1.12517	0.44139	30.98905	0.0	0.11793	0.0	0.07425	0.0	2.62223	1.60329	0.27915	0.0	1.24441	0.84954	0.93032	0.49111	0.15182	1.7601	1.93644	1.04617	0.12691
s__Butyricimonas_virosa	0	0.32673	0.0	0.01101	0.0	0.0	0.0	0.0	0.0	0.55039	0.05093	0.0	0.1145	0.0	0.0	0.0	0.0	0.0	0.0	0.0	0.0	0.0	0.04404	0.0	0.0	0.0	0.0	0.0	0.0	0.0	0.0	0.0	0.0	0.0	0.0	0.07527	0.0	0.0	0.0	0.0	0.0	0.0	0.0	0.0	0.01121	0.0	0.0	0.01754	0.45406	0.44499	0.78617	0.0	0.0	0.22618	0.54246	0.37969	0.0	0.23907	0.21653	0.2518	0.2608
s__Parabacteroides_goldsteinii	0	0.31939	0.0	0.00716	0.0	0.0	0.0	0.0	0.0	0.18988	0.0	0.0	0.0	0.0	0.0	0.0	0.0	0.0	0.0	0.0	0.0	0.0	0.0	0.0	0.0	0.0	0.0	0.0	0.0	0.0	0.0	0.0	0.0	0.0	0.0	0.0	0.0	0.0	0.0	0.0	0.0	0.0	0.0	0.0	0.0	0.0	0.0	0.0	0.19065	0.07754	0.0	0.0	0.0	0.04641	0.07808	0.0	0.0	0.03608	0.06463	0.02128	0.0
s__Eubacterium_eligens	0	0.31864	0.0	0.54284	0.0	0.0	4.23201	0.0	0.0	0.0	0.33061	0.0	0.05903	0.06958	0.0	1.36983	0.96213	0.28793	0.45879	2.09531	0.44446	0.85611	1.57287	0.01509	4.64137	0.28092	0.0981	0.25632	0.07019	0.0	0.0	0.25165	0.0	0.0	0.11578	0.39071	0.22305	0.14628	0.0	0.0	0.17894	0.06107	0.1618	1.4109	0.19962	0.12387	0.30126	1.00852	0.18134	0.09376	1.98139	1.20132	0.0	0.506	0.07975	0.8327	0.37827	0.11579	0.10468	0.52722	1.27532
s__Roseburia_inulinivorans	0	0.31341	0.0	0.54722	0.03846	8.16503	2.24654	1.24033	1.50706	0.0	0.16741	0.0	0.00691	2.29096	0.0	3.44784	0.0	0.00684	2.03174	8.03141	1.35459	2.67238	0.0	2.03955	0.31744	0.0	0.46468	0.51622	0.02983	0.17187	0.48645	0.48269	0.10762	2.70339	0.94826	4.1838	0.05779	0.0	0.0	0.13595	0.18776	0.02729	0.0166	0.0	0.27981	0.54365	0.0	0.72599	0.82899	0.28768	0.0	0.54971	0.38805	0.59549	0.29973	0.16728	0.0	0.65557	0.64742	0.61818	0.34104
s__Peptostreptococcus_stomatis	0	0.30674	0.0	0.00592	0.0	0.0	0.0	0.0	0.0	0.0	0.00814	0.01016	0.0	0.0	0.0	0.00906	0.0	0.0	0.0	0.0	0.0	0.0	0.0	0.0	0.0	0.0	0.0	0.0	0.0	0.0	0.0	0.0	0.0	0.0	0.0	0.0	0.0	0.0	0.0	0.0	0.0	0.0	0.0	0.0	0.0	0.0	0.0	0.0	0.0	0.0	0.0	0.0	0.0	0.0	0.0	0.0	0.0	0.0	0.0	0.0	0.0
s__Oscillibacter_sp_57_20	0	0.29042	0.0	0.03707	0.15797	0.0	0.0	0.0	0.03878	0.5175	0.0	0.36168	0.49867	0.0	0.0	0.0	0.17439	0.07925	0.0	0.0	0.40715	0.0	0.07293	0.0	0.0	0.15953	0.0	0.1066	0.04797	0.0	0.16981	0.11724	0.01435	2.04254	1.22863	0.26893	1.69933	0.0	0.03648	0.03687	0.0	0.06798	0.05297	0.18018	0.10187	0.31511	0.45227	0.47547	0.01574	0.47847	0.70475	1.35905	0.0	0.24151	1.20542	0.35721	0.45547	0.0	0.0	0.30422	0.95208
s__Faecalibacterium_prausnitzii	0	0.2626	0.0	0.87187	0.74692	0.64798	1.78205	0.0	0.0	0.0	9.64885	1.29709	3.97564	2.08815	0.00354	3.63451	0.58431	2.39736	1.68092	4.85651	3.27901	2.42598	2.81976	1.72927	0.89838	1.27129	0.38258	0.38095	5.50335	0.67692	1.42815	3.60336	7.44384	1.3436	2.1882	2.18555	0.9514	0.0	1.76395	6.9625	1.10068	4.84305	2.91182	0.46793	0.31182	0.66372	0.01674	0.93489	0.0	0.0	0.52573	1.62197	0.0	0.41391	0.04749	0.18663	0.11097	0.0	0.0	0.52577	0.89686
s__Bacteroides_dorei	0	0.25855	0.0	11.75956	0.0	0.0	0.0	0.0	4.12683	0.0	0.0	0.0	2.62493	0.16234	0.0	0.0	0.0	0.0	0.0	0.53172	0.0	0.0	0.0075	0.0	0.0	0.0	0.0	0.0	0.0	0.0	0.0	0.0	0.06164	0.98777	2.87044	0.0	0.0	0.0	0.0	0.10462	0.49093	0.0	15.66323	0.0	0.0	0.08315	0.0	0.0	0.0	0.0	0.0	0.0	0.0	0.0	0.0	0.0	0.0	0.0	0.0	0.0	0.0
s__Parabacteroides_gordonii	0	0.21407	0.0	0.00793	0.0	0.0	0.0	0.0	0.0	0.0	0.0	0.0	0.00513	0.0	0.0	0.0	0.0	0.0	0.0	0.0	0.0	0.0	0.0	0.0	0.0	0.0	0.0	0.0	0.0	0.0	0.0	0.0	0.0	0.0	0.0	0.0	0.0	0.0	0.0	0.0	0.0	0.0	0.0	0.0	0.0	0.0	0.0	0.0	0.0	0.0	0.0	0.0	0.0	0.0	0.0	0.0	0.0	0.0	0.0	0.0	0.0
s__Dorea_longicatena	0	0.14688	0.0	0.12592	1.11048	0.0	0.0	0.0	0.0	0.0	0.06903	0.46791	0.0	0.02867	0.0	0.0	0.0	0.30262	0.15386	0.02311	0.23074	1.67577	0.07492	7.18985	0.0	0.27141	0.0	0.16492	0.08277	0.03186	0.0	0.94156	0.0	0.0	0.0	0.86743	0.0	0.0	0.0	0.0	0.0	0.13705	0.03341	0.64551	0.0	0.04243	0.0	0.0	0.0	0.0	0.0	0.27678	0.0	0.0	0.0	0.0	0.0	0.0	0.0	0.0	0.13045
s__Lactobacillus_amylovorus	0	0.12225	0.0	0.0	0.0	0.0	0.0	0.0	0.0	0.0	0.0	0.0	0.0	0.0	0.0	0.0	0.0	0.0	0.0	0.0	0.0	0.0	0.0	0.0	0.0	0.0	0.0	0.0	0.0	0.0	0.0	0.0	0.0	0.0	0.0	0.0	0.0	0.04302	0.0	0.0	0.0	0.0	0.0	0.0	0.0	0.0	0.0	0.0	0.0	0.0	0.0	0.0	0.0	0.0	0.0	0.0	0.0	0.0	0.0	0.0	0.0
s__Prevotella_copri	0	0.11462	0.0	0.5081	0.22441	0.0	0.0	2.39399	0.1743	0.0	2.9128	13.62363	4.95872	29.93923	0.0	0.0	77.51126	78.44183	68.61681	0.0	54.73784	22.67401	18.60715	0.0	29.48105	87.24307	86.55372	53.50746	36.70138	76.62737	84.42733	15.33202	81.83568	2.69726	0.0	50.87827	43.1584	0.0	32.27374	82.18147	46.31854	38.87673	0.0	46.89815	73.48756	62.78306	13.33556	23.62888	0.0	0.04834	2.66967	4.32662	1.13225	10.95773	0.12798	1.74303	12.15347	0.52609	0.59467	11.67562	6.5665
s__Dorea_formicigenerans	0	0.10827	0.0	0.0	0.0	1.93685	0.0	0.0	0.0	0.60969	0.04406	0.07116	0.0	0.03331	0.0	0.0	0.0	0.0	0.20905	0.0	0.0	0.02613	0.0	0.0	0.0	0.0	0.0	0.0	0.00407	0.0	0.0	0.36666	0.0	0.0	0.0	0.0	0.0	0.0	0.0	0.0	0.0	0.04465	0.0	0.0	0.0	0.0	0.0	0.0382	0.07492	0.0	0.0	0.04802	0.0	0.0448	0.00959	0.0	0.0	0.00591	0.01396	0.03849	0.04702
s__Bacteroides_xylanisolvens	0	0.10637	0.47503	0.14752	0.0	0.08114	0.0	0.0	0.0	0.0	0.26585	0.0	0.0	0.0	0.56995	0.0	0.08281	0.0	0.10203	0.0	0.12372	0.0	0.8751	5.5745	1.77658	0.0	0.0	0.05816	0.0	0.0	0.0	0.29147	0.01165	0.11085	0.05692	0.0	0.0	0.0	0.0	0.01367	0.21686	0.0	0.0	0.0	0.0	0.00112	0.12395	2.2451	0.3783	0.20731	0.73643	0.0	0.0	1.50248	0.13414	0.34848	0.17659	0.19338	0.21014	1.53262	0.57951
s__Phascolarctobacterium_faecium	0	0.10425	0.0	0.0	0.0	0.20001	0.0	0.0	0.35793	0.0	0.0	0.0	0.0	0.0	0.0	0.0	0.0	0.0	0.0	0.0	0.0	0.0	0.0	0.4658	0.0	0.0	0.0	0.0	0.0	0.0	0.0	0.0	0.0	0.0	0.0	0.0	0.0	0.0	0.0	0.0	0.0	0.0	0.05762	0.0	0.12998	0.0	0.0	0.0	2.70599	1.57713	0.0	0.0	0.0	1.10997	1.16126	0.0	0.02499	1.25426	1.48709	1.04715	0.0
s__Akkermansia_muciniphila	0	0.08437	0.0	0.01284	0.04943	0.04368	0.0	0.0	0.0	2.47367	27.33715	0.0	0.0	0.0	0.0	0.0	0.0	0.0	0.0	0.0	0.0	0.0	1.10955	0.0	0.0	0.0	0.0	0.0	0.0	0.0	0.0	0.0	0.02395	3.32789	2.68112	0.0	0.0	0.0	0.0	0.03351	0.0	0.0	0.05841	0.0	0.0	0.0	4.21495	0.0	3.44035	7.49192	6.97658	0.0	0.0	4.10832	5.20957	3.26502	4.68448	2.21015	1.95123	3.7674	2.6781
s__Parasutterella_excrementihominis	0	0.08095	0.28144	1.59193	4.83497	0.0	6.31791	0.0	0.0	0.0	0.08448	0.0	0.0	0.0	0.2274	0.0	0.0	0.0	0.0	0.5817	0.0	0.1064	0.0	0.0	0.0	0.0	0.0	0.0	0.0	0.0	0.0	0.0	0.0	0.0	0.0	0.0	0.0	0.0	0.0	0.0	0.28072	0.0	0.66601	0.0	0.0	0.0	0.0	0.0	0.0	0.0	0.0	0.0	0.0	0.0	0.0	0.0	0.0	0.0	0.0	0.0	0.0
s__Slackia_isoflavoniconvertens	0	0.06741	0.0	0.0	0.0	0.16389	0.0	0.0	0.05161	0.0	0.0	0.08004	0.0	0.30524	0.0	0.0	0.0	0.0	0.0	0.18929	0.0	0.29578	0.09978	0.0	1.64953	0.0	0.0	0.0	0.13698	0.08708	0.0	1.71998	0.0	0.8251	0.0	0.0	0.0	0.0	1.41511	0.0	0.0	0.06547	0.0	0.0	0.0	0.0254	0.0	0.0	0.0	0.0	0.0	0.02021	0.0	0.0	0.0	0.0	0.0	0.0	0.0	0.0	0.0
s__Bacteroides_nordii	0	0.06364	0.0	0.00564	0.0	0.0	0.0	0.0	0.0	0.0	0.0122	0.0	0.0	0.0	0.0	0.0	0.0	0.0	0.0	0.0	0.0	0.0	0.0	0.0	0.0	0.0	0.0	0.0	0.0	0.0	0.0	0.0	0.0	0.0	0.0	0.0	0.0	0.0	0.0	0.0	0.0	0.0	0.0	0.0	0.0	0.0	0.0	0.0	0.0	0.0	0.0	0.0	0.01179	0.0	0.0	0.0	0.0	0.0	0.00385	0.0	0.0
s__Firmicutes_bacterium_CAG_110	0	0.06229	0.0	0.0	0.0	0.0	0.0	0.0	0.0	0.0	0.728	0.0	0.0	0.0	0.0	0.0	0.0	0.0	0.0	0.0	0.20402	0.00595	0.09372	0.0	0.0	0.0	0.0	0.0	0.0	0.0	0.45404	0.11441	0.03332	0.0	0.0	0.0	0.11814	0.0	0.0	0.03038	0.0	0.0	0.0	0.0	0.0	0.02857	0.2317	0.0	0.25561	0.3514	0.0	0.10966	0.0	0.28642	0.27941	0.01127	0.47381	0.19291	0.12854	0.26626	0.12495
s__Dialister_micraerophilus	0	0.05375	0.0	0.0	0.0	0.0	0.0	0.0	0.0	0.0	0.0	0.0	0.0	0.0	0.0	0.0	0.0	0.0	0.0	0.0	0.0	0.0	0.0	0.0	0.0	0.0	0.0	0.0	0.0	0.0	0.0	0.0	0.0	0.0	0.0	0.0	0.0	0.0	0.0	0.0	0.0	0.0	0.0	0.0	0.0	0.0	0.0	0.0	0.0	0.0	0.0	0.0	0.0	0.0	0.0	0.0	0.0	0.0	0.0	0.0	0.0
s__Bacteroides_eggerthii	0	0.03629	0.0	1.47855	0.0	0.0	0.0	8.49865	1.07836	0.0	0.0	0.0	0.0	0.0	0.0	0.0	0.01183	0.0	0.0	0.0	0.0	0.0	0.0	0.0	0.0	0.0	0.0	0.0	0.0	0.0	0.0	0.0	0.0	0.0	0.0	0.0	0.0	0.0	0.0	0.0	0.0	0.0	0.0	0.0	0.0	0.0	0.0	0.0	0.45841	0.69116	0.12292	0.0	9.63841	0.21809	0.97972	5.14105	0.0	4.0046	4.52403	0.1525	0.15413
s__Coprococcus_comes	0	0.03616	0.0	0.15406	0.0	0.0	0.0	0.86617	0.0	0.0	0.0	0.0113	0.0	0.18824	0.0	0.0	0.0	0.0	0.04781	0.02376	0.34473	0.52624	0.0	0.14775	0.27083	0.04671	0.0	0.11828	0.0	0.0	0.08027	0.37445	0.01209	0.0	0.0	0.15743	0.0	0.00892	0.0	0.04259	0.13603	0.0	0.0	0.07106	0.0	0.0	0.44563	0.0	0.0	0.0	0.2585	0.23176	0.25078	0.0	0.0	0.28639	0.42767	0.0657	0.121	0.0	0.21225
s__Parabacteroides_merdae	0	0.02745	0.0	2.13666	0.0	0.1208	0.0	12.2446	0.25525	5.65377	0.10798	0.0	1.72368	0.63225	0.0	0.0	0.09896	0.00598	0.01066	1.25389	0.11957	0.0466	0.0	3.68476	0.41398	0.07358	0.0	0.1764	0.1664	0.0	0.0	0.0	0.0	1.0255	0.0	0.0	0.0	0.0	0.0	0.0	2.05434	0.18783	0.0	0.0	0.26888	0.01534	0.0	0.0	1.73622	1.18496	0.0	0.0	14.08408	0.70594	0.76617	7.59971	0.0	6.65127	7.06473	0.59977	0.09836
s__Bacteroides_faecichinchillae	0	0.024	0.0	0.0	0.0	0.0	0.0	0.0	0.0	0.0	0.0	0.0	0.0	0.0	0.0	0.0	0.0	0.0	0.0	0.0	0.0	0.0	0.0	0.0	0.0	0.0	0.0	0.0	0.0	0.0	0.0	0.0	0.0	0.0	0.0	0.0	0.0	0.0	0.0	0.0	0.0	0.0	0.0	0.0	0.0	0.0	0.0	0.0	0.0	0.0	0.0	0.0	0.0	0.0	0.0	0.0	0.0	0.0	0.0	0.0	0.0
s__Escherichia_fergusonii	0	0.01735	0.0	0.0	0.0	0.0	0.0	0.0	0.0	0.0	0.0	0.0	0.0	0.0	0.0	0.0	0.0	0.0	0.0	0.0	0.0	0.0	0.0	0.0	0.0	0.0	0.0	0.0	0.0	0.0	0.0	0.0	0.0	0.0	0.0	0.0	0.0	0.0	0.0	0.0	0.0	0.0	0.0	0.0	0.0	0.0	0.0	0.0	0.0	0.0	0.0	0.0	0.0	0.0	0.0	0.0	0.0	0.0	0.0	0.0	0.0
s__Bacteroides_plebeius	0	0.01586	0.0	0.04573	0.0	8.09305	0.0	0.2498	0.1545	0.02644	0.0	0.0	7.30945	0.64104	0.0	67.22193	0.0	0.0	0.00466	0.0	0.0	0.0	3.19209	0.0	0.0	1.5315	0.0	0.0	0.0	0.0	1.29493	0.0	0.0	0.0	0.0	0.0	0.0	0.0	0.06575	0.0	1.51939	0.0	0.0	0.0	6.02787	0.0	0.0	0.0	0.0	0.0	0.0	0.0	0.19081	0.0	0.0	0.11812	0.0	0.04508	0.0572	0.0	0.0
s__Bacteroides_pectinophilus	0	0.01114	0.0	0.78806	0.0	0.0	0.0	0.0	0.0	0.0	0.0	0.0	0.0	0.0	0.0	0.0	0.0	0.0	0.0	0.0	0.0	0.0	0.0	0.0	0.0	0.0	0.0	0.0	0.0	0.0	0.0	0.0	0.0	0.0	0.0	0.0	0.01086	0.0	0.0	0.0	0.0	0.0	0.0	0.0	0.0	0.22215	0.0	0.0	0.0	0.0	0.0	0.0	0.0	0.0	0.0	0.0	0.0	0.0	0.0	0.0	0.0
s__Oscillibacter_sp_CAG_241	0	0.00655	0.0	0.0	0.0	0.0	0.0	0.0	0.75824	2.88182	0.24588	0.45297	0.0	1.13747	0.0	0.0	0.65973	0.0	0.0	0.0	0.00677	0.14711	0.04105	0.0	0.0	0.20659	0.0	0.01211	0.0	0.0	0.01521	0.40815	0.0	0.43975	0.0	0.04085	0.92747	0.0	0.01529	0.0	0.0	0.0	0.0	0.01366	0.00308	0.501	0.03228	0.39719	0.68156	1.94396	4.59717	4.0092	0.0	1.17888	1.82494	2.28718	0.25707	0.39713	0.3264	1.22738	4.10067
s__Bifidobacterium_longum	0	0.0	35.61607	9.02683	1.99401	1.45021	1.02295	0.29704	0.09241	0.19712	0.11092	0.62258	0.02836	0.0	36.77656	0.46468	0.0	0.0	0.39068	0.01095	0.0	0.09651	6.17348	0.64082	0.0	0.0	0.0	0.0	3.62506	0.0	0.22244	1.77894	0.02819	0.73513	1.36593	0.01191	0.0	3.31695	0.0413	0.0445	0.03326	3.46438	2.02988	0.0	0.07705	0.0	0.0	0.0	0.0581	0.05279	0.0	0.0	0.26575	0.02568	0.07957	0.13182	0.01614	0.13681	0.11164	0.00375	0.0
s__Bifidobacterium_breve	0	0.0	2.61477	0.77045	0.0	0.0	0.09625	0.0	0.0	0.0	0.0	0.0	0.0	0.0	3.032	0.0	0.0	0.0	0.0	0.0	0.0	0.0	0.0	0.03723	0.0	0.0	0.0	0.0	0.11044	0.0	0.0	0.0	0.0	0.0	0.0	0.0	0.0	0.18184	0.0	0.0	0.0	0.17571	0.0	0.0	0.0	0.0	0.0	0.0	0.0	0.0	0.0	0.0	0.0	0.0	0.0	0.0	0.0	0.0	0.0	0.0	0.0
s__Bifidobacterium_bifidum	0	0.0	0.56581	0.54123	0.06206	0.0	0.12542	0.0	0.0	0.81338	0.04192	0.0	0.0	0.0	0.6205	0.0	0.0	0.41817	0.0	0.0	0.0	0.0	1.28203	0.84111	0.0	0.0	0.0	0.0	0.09542	0.0	0.01458	0.0	0.08761	0.0	0.0	0.0	0.0	1.41228	0.0	0.05882	0.0	0.09479	0.0	0.0	0.0	0.0	0.0	0.0	0.0	0.0	0.0	0.0	0.0	0.0	0.0	0.0	0.0	0.0	0.0	0.0	0.0
s__Enterococcus_avium	0	0.0	0.52501	0.12904	0.0	0.04167	0.0	0.0	0.0	0.0	0.0	0.0	0.0	0.0	0.74222	0.0	0.0	0.0	0.0	0.0	0.0	0.0	0.0	0.0	0.0	0.0	0.0	0.0	0.0	0.0	0.0	0.0	0.0	0.0	0.0	0.0	0.0	0.0	0.0	0.0	0.0	0.0	0.0	0.0	0.0	0.0	0.0	0.0	0.0	0.0	0.0	0.0	0.0	0.0	0.0	0.0	0.0	0.0	0.0	0.0	0.0
s__Bifidobacterium_pseudocatenulatum	0	0.0	0.36127	0.01297	0.0	0.03288	0.10481	0.0	0.0	0.0	0.0055	0.11565	0.0	0.0	0.29809	0.12418	0.0	0.0	0.0288	0.0208	0.0	0.0	0.27412	0.01769	0.03266	0.06071	0.0	0.0	0.0	0.0	0.0	0.01491	0.0	0.0	0.0	0.0	0.06592	0.03737	0.00943	0.0	0.0	0.0	0.00558	0.0	0.0	0.0	0.0	0.0	0.0	0.0	0.0	0.0	0.0	0.0	0.0	0.0	0.0	0.0	0.0	0.0	0.0
s__Enterococcus_faecalis	0	0.0	0.31627	0.05887	0.0245	0.0	0.0	0.0	0.0	0.0	0.0	0.0	0.0	0.02341	0.36012	0.0	0.0	0.0	0.0	0.0	0.0	0.0	0.0	0.0	0.0	0.0	0.0	0.0	0.0	0.0	0.0	0.0	0.0	0.0	0.0	0.0	0.0	0.0	0.0	0.0	0.0	0.0	0.0	0.0	0.0	0.0	0.0	0.0	0.0	0.0	0.0	0.0	0.0	0.0	0.0	0.0	0.0	0.0	0.0	0.0	0.0
s__Lactobacillus_helveticus	0	0.0	0.30226	0.04882	0.0	0.0	0.0	0.0	0.0	0.0	0.0	0.0	0.0	0.0	0.24602	0.0	0.0	0.0	0.0	0.0	0.0	0.0	0.0	0.0	0.0	0.0	0.0	0.0	0.0	0.0	0.0	0.0	0.0	0.0	0.0	0.0	0.0	0.0	0.0	0.0	0.0	0.0	0.0	0.0	0.0	0.0	0.0	0.0	0.0	0.0	0.0	0.0	0.0	0.0	0.0	0.0	0.0	0.0	0.0	0.0	0.0
s__Klebsiella_pneumoniae	0	0.0	0.26911	2.51506	4.10966	34.12475	8.68512	0.0	0.0	0.0	0.0	0.0	0.0	15.46234	0.20824	5.33609	0.0	0.1587	0.0	0.0	0.41573	1.46344	0.56243	0.0	1.12525	0.88515	0.0	2.99531	0.02477	0.02225	0.21092	0.0	0.0	0.0	0.4476	0.13202	1.68054	12.07394	10.63083	0.0	0.0	0.0	0.0925	0.20063	0.36973	0.17602	0.0	0.0	0.0	0.0	0.0	0.0	0.0	0.0	0.0	0.0	0.0	0.0	0.0	0.0	0.0
s__Flavonifractor_plautii	0	0.0	0.22492	1.43682	4.93969	0.62027	0.44465	0.26787	0.0	0.693	0.0	0.0	0.57979	0.13035	0.20661	0.11566	0.0	0.0	0.0	0.00513	0.0	0.0	0.0	0.0	0.0	0.0	0.0	0.0	0.0	0.0	0.0	0.0	0.0	0.63858	0.0	0.0	0.0	0.29903	0.0	0.0	0.0	0.0	0.04064	0.0	0.0	0.0	0.0	0.00686	1.54013	1.01745	0.0	0.0	0.07273	0.66396	0.64222	0.01753	0.00629	1.22306	0.9269	0.61662	0.0
s__Corynebacterium_argentoratense	0	0.0	0.17614	0.02471	0.0	0.0	0.0	0.0	0.0	0.0	0.0	0.0	0.0	0.0	0.13479	0.0	0.0	0.0	0.0	0.0	0.0	0.0	0.0	0.0	0.0	0.0	0.0	0.0	0.0	0.0	0.0	0.0	0.0	0.0	0.0	0.0	0.0	0.0	0.0	0.0	0.0	0.0	0.0	0.0	0.0	0.0	0.0	0.0	0.0	0.0	0.0	0.0	0.0	0.0	0.0	0.0	0.0	0.0	0.0	0.0	0.0
s__Enterococcus_casseliflavus	0	0.0	0.16067	0.08272	0.0	0.0	0.02495	0.0	0.0	0.0	0.0	0.0	0.0	0.0	0.11435	0.0	0.0	0.0	0.0	0.0	0.0	0.0	0.0	0.0	0.0	0.0	0.0	0.0	0.0	0.0	0.0	0.0	0.0	0.0	0.0	0.0	0.0	0.0	0.0	0.0	0.0	0.0	0.0	0.0	0.0	0.0	0.0	0.0	0.0	0.0	0.0	0.0	0.0	0.0	0.0	0.0	0.0	0.0	0.0	0.0	0.0
s__Lactobacillus_panis	0	0.0	0.11868	0.01689	0.0	0.0	0.0	0.0	0.0	0.0	0.0	0.0	0.0	0.0	0.09912	0.0	0.0	0.0	0.0	0.0	0.0	0.0	0.0	0.0	0.0	0.0	0.0	0.0	0.0	0.0	0.0	0.0	0.0	0.0	0.0	0.0	0.0	0.0	0.0	0.0	0.0	0.0	0.0	0.0	0.0	0.0	0.0	0.0	0.0	0.0	0.0	0.0	0.0	0.0	0.0	0.0	0.0	0.0	0.0	0.0	0.0
s__Bifidobacterium_adolescentis	0	0.0	0.11709	0.05355	0.0	0.0	0.08854	0.0	0.25835	1.31749	1.23639	5.69978	0.0	0.0	0.09861	0.0	0.0	0.63334	0.82139	0.0	2.38724	6.44971	6.95503	4.39838	0.19512	0.39879	0.0	0.27087	6.81906	0.16	0.88641	5.18871	0.66624	0.04814	15.64937	0.65658	0.0	20.28098	0.25896	0.82456	0.63986	5.75415	0.0	0.16349	0.0	0.50526	0.0	0.0	0.0	0.02264	0.0	1.76578	0.0	0.0	0.18943	0.0	0.0	0.0	0.0	0.0	0.94816
s__Klebsiella_variicola	0	0.0	0.09836	0.92484	1.72684	10.24208	3.36287	0.0	0.0	0.0	0.0	0.0	0.0	3.17796	0.12594	1.35732	0.0	0.02119	0.0	0.0	0.22853	0.13936	0.39585	0.0	0.54631	0.50557	0.0	0.50998	0.0	0.0	0.02622	0.0	0.0	0.0	0.11446	0.0	3.20608	3.95392	3.15176	0.0	0.0	0.0	0.0	0.0	0.7667	0.29699	0.0	0.0	0.0	0.0	0.0	0.0	0.0	0.0	0.0	0.0	0.0	0.0	0.0	0.0	0.0
s__Anaerostipes_hadrus	0	0.0	0.05098	0.00339	0.0	2.53127	0.0	0.0	0.0	0.0	0.08526	0.0	0.0	0.0	0.05269	0.0	0.0	0.0	0.0	0.0	0.0	0.0	0.20703	0.0	0.0	0.0	0.0	0.0	0.0	0.0	0.0	0.0	0.0	0.0	0.0	0.0	0.0	0.0	0.0	0.0	0.0	0.0	0.0	0.0	0.0	0.0	0.05241	0.0	0.0	0.0	0.0	0.0	0.0	0.0	0.0	0.0	0.00969	0.0	0.0	0.0	0.0
s__Lactobacillus_crispatus	0	0.0	0.03845	0.04137	0.0	0.0	0.0	0.23266	0.0	0.0	0.0	0.0	0.0	0.0	0.03457	0.0	0.0	0.0	0.0	0.0	0.0	0.0	0.0	0.0	0.0	0.0	0.0	0.0	0.0	0.0	0.0	0.0	0.0	0.0	0.0	0.0	0.0	0.0	0.0	0.0	0.0	0.0	0.0	0.0	0.0	0.0	0.0	0.0	0.0	0.0	0.0	0.0	0.6247	0.0	0.0	0.26068	0.0	0.20859	0.22023	0.0	0.0
s__Collinsella_aerofaciens	0	0.0	0.03136	0.57063	2.63898	0.62927	0.11588	0.71034	0.31584	0.08643	0.66729	0.37526	0.0	1.09847	0.07085	0.20193	0.26627	0.11599	1.09343	1.24698	0.24263	0.88503	4.05073	0.03629	4.15219	0.09914	0.01735	0.0	0.84958	0.75729	0.09636	4.91979	0.12082	1.43513	0.0	0.08496	0.0	0.53074	0.73658	0.12546	0.22519	1.02358	0.0	0.01378	0.0	0.28125	0.04811	0.05694	0.0	0.0	0.03841	0.38477	3.35859	0.04887	0.0	1.73667	0.02091	1.55031	1.58204	0.0	0.15527
s__Klebsiella_quasipneumoniae	0	0.0	0.02038	0.30374	0.71703	3.45615	1.37747	0.0	0.0	0.0	0.0	0.0	0.01387	1.44916	0.03132	0.97875	0.0	0.0	0.0	0.0	0.10893	0.34539	0.10271	0.0	0.26056	0.34387	0.0	0.81443	0.0	0.0	0.0	0.0	0.0	0.0	0.05928	0.0	0.30249	0.45555	0.89918	0.0	0.0	0.0	0.0	0.0	0.02113	0.0	0.0	0.0	0.0	0.0	0.0	0.0	0.0	0.0	0.0	0.0	0.0	0.0	0.0	0.0	0.0
s__Actinomyces_sp_S6_Spd3	0	0.0	0.01419	0.0	0.0	0.0	0.0	0.0	0.0	0.0	0.0	0.0	0.0	0.0	0.00988	0.0	0.0	0.0	0.0	0.0	0.0	0.0	0.0	0.0	0.0	0.0	0.0	0.0	0.0	0.0	0.0	0.0	0.0	0.0	0.0	0.0	0.0	0.0	0.0	0.0	0.0	0.0	0.0	0.0	0.0	0.0	0.0	0.0	0.0	0.0	0.0	0.0	0.0	0.0	0.0	0.0	0.0	0.0	0.0	0.0	0.0
s__Turicimonas_muris	0	0.0	0.01235	0.08887	0.03174	0.0	0.45362	0.0	0.0	0.0	0.0	0.0	0.0	0.0	0.0	0.0	0.0	0.0	0.0	0.01955	0.0	0.0	0.0	0.0	0.0	0.0	0.0	0.0	0.0	0.0	0.0	0.0	0.0	0.0	0.0	0.0	0.0	0.0	0.0	0.0	0.02123	0.0	0.02053	0.0	0.0	0.0	0.0	0.0	0.0	0.0	0.0	0.0	0.0	0.0	0.0	0.0	0.0	0.0	0.0	0.0	0.0
s__Streptococcus_parasanguinis	0	0.0	0.01113	0.64649	4.53896	0.06916	0.0	0.0	0.0	0.0	0.0	0.0	0.0	0.04727	0.01997	0.01996	0.0	0.0	0.0	0.0	0.0	0.0	0.0	0.0	0.00307	0.0	0.0	0.0	0.0	0.0	0.0	0.0	0.0	0.0	0.0	0.0	0.0	0.0	0.0	0.0	0.0	0.0	0.0	0.0	0.0	0.0	0.0	0.0	0.0	0.0	0.0	0.12437	0.025	0.0	0.0	0.0	0.0	0.0	0.0	0.0	0.04536
s__Coprococcus_catus	0	0.0	0.00428	0.00657	0.0	0.0	0.0	0.0	0.0	0.04988	0.0	0.0	0.0	0.0	0.01525	0.0	0.0	0.0	0.0	0.0	0.0	0.00813	0.0093	0.0	0.0	0.0	0.0	0.0	0.0	0.0	0.0	0.0	0.0	0.0	0.0	0.0	0.0	0.0	0.0	0.0	0.0	0.0	0.0	0.0	0.0	0.0	0.0	0.0	0.04243	0.03001	0.0	0.0	0.0	0.0221	0.0	0.0	0.0	0.0122	0.03152	0.01533	0.0
s__Firmicutes_bacterium_CAG_145	0	0.0	0.0	1.57543	0.0	0.0	0.0	0.0	0.0	0.0	0.0	0.0	0.0	0.0	0.0	0.0	0.0	0.0	0.0	0.0	0.0	0.0	0.0	0.0	0.0	0.0	0.0	0.0	0.0	0.0	0.0	0.0	0.0	0.0	0.0	0.0	0.0	0.0	0.0	0.0	0.0	0.0	0.0	0.0	0.0	0.0	0.0	0.0	0.0	0.0	0.0	0.0	0.0	0.0	0.0	0.0	0.0	0.0	0.0	0.0	0.0
s__Enterobacter_mori	0	0.0	0.0	1.46182	0.28047	0.25614	10.33628	0.0	0.0	0.0	0.0	0.0	0.0	0.0807	0.0	0.0	0.0	0.0	0.0	0.0	0.0	0.06161	0.02738	0.0	0.0565	0.0	0.0	0.0	0.0	0.0	0.0	0.0	0.0	0.0	0.03463	0.0	0.0	0.0	0.0	0.0	0.0	0.0	0.0	0.0	0.0	0.0	0.0	0.0	0.0	0.0	0.0	0.0	0.0	0.0	0.0	0.0	0.0	0.0	0.0	0.0	0.0
s__Acidaminococcus_intestini	0	0.0	0.0	1.30472	0.0	0.0	0.0	0.0	0.0	6.10498	0.0	0.0	0.0	2.58218	0.0	0.0	0.0	0.0	0.0	0.0	0.0	0.0	0.0	0.0	0.0	0.0	0.0	0.0	0.0	0.0	0.0	0.0	0.0	0.0	0.04277	0.0	0.0	0.0	0.0	0.0	0.0	0.0	0.0	0.0	0.0	0.0	0.0	0.0	0.0	0.0	0.0	0.0	0.0	0.0	0.0	0.0	0.0	0.0	0.0	0.0	0.0
s__Enterobacter_cloacae_complex	0	0.0	0.0	1.23838	0.79211	3.6398	8.36986	0.0	0.0	0.0	0.0	0.0	0.0	5.25251	0.0	0.0	0.0	0.0	0.0	0.0	0.0	0.57942	0.01966	0.0	0.16624	0.0	0.0	0.0	0.0	0.0	0.0	0.0	0.0	0.0	0.0	0.0	0.0	0.0	0.05556	0.0	0.0	0.0	0.0	0.0	0.0	0.0	0.0	0.0	0.0	0.0	0.0	0.0	0.0	0.0	0.0	0.0	0.0	0.0	0.0	0.0	0.0
s__Morganella_morganii	0	0.0	0.0	1.1905	0.0	0.0	0.0	3.91046	0.0	0.0	0.0	0.0	0.0	0.0	0.0	0.27398	0.0	0.0	0.0	0.0	0.0	0.0	0.0	0.0	0.0	0.0	0.0	0.0	0.0	0.0	0.0	0.0	0.0	0.0	0.0	0.0	0.0	0.0	0.0	0.0	0.0	0.0	0.0	0.0	0.0	0.0	0.0	0.0	0.0	0.0	0.0	0.0	0.33033	0.0	0.0	0.12988	0.0	0.15226	0.08738	0.0	0.0
s__Veillonella_parvula	0	0.0	0.0	1.1009	7.82293	2.68918	0.04931	0.0	0.0	0.0	0.0	0.0	0.0	0.13698	0.0	0.0	0.0	0.08854	0.00471	0.0	0.0	0.0	0.04988	0.34021	0.0	0.0	0.0	0.0	0.0	0.0	0.0	0.0	0.0	0.0	0.0	0.0	0.0	0.0	0.0	0.0	0.0	0.0	0.0	0.0	0.0	0.0	0.0	0.11923	1.96332	2.7883	0.92764	0.0	0.0	2.39495	2.45064	0.42497	0.04537	1.40816	1.08186	2.14321	0.41821
s__Aeromonas_caviae	0	0.0	0.0	1.04113	0.0	0.0	7.80487	0.0	0.0	0.0	0.0	0.0	0.0	0.0	0.0	0.0	0.0	0.0	0.0	0.0	0.0	0.0	0.0	0.0	0.0	0.0	0.0	0.0	0.0	0.0	0.0	0.0	0.0	0.0	0.0	0.0	0.0	0.0	0.0	0.0	0.0	0.0	0.0	0.0	0.0	0.0	0.0	0.0	0.0	0.0	0.0	0.0	0.0	0.0	0.0	0.0	0.0	0.0	0.0	0.0	0.0
s__Citrobacter_freundii	0	0.0	0.0	0.94567	0.67538	0.0	6.06491	0.0	0.0	0.0	0.0	0.0	0.0	0.0	0.0	0.0	0.0	0.0	0.0	0.0	0.0	0.0	0.0	0.0	0.0	0.0	0.0	0.0	0.0	0.0	0.0	0.0	0.0	0.0	0.0	0.0	0.0	0.0	0.0	0.0	0.0	0.0	0.0	0.0	0.0	0.0	0.0	0.0	0.0	0.0	0.0	0.0	0.0	0.0	0.0	0.0	0.0	0.0	0.0	0.0	0.0
s__Ruthenibacterium_lactatiformans	0	0.0	0.0	0.94295	0.0	0.02276	0.0	0.0	0.78571	0.62938	0.28302	0.14108	2.0512	0.12823	0.0	0.0	0.0	0.0	0.0	0.0	0.0	0.0	0.0	0.0	0.0	0.0	0.0	0.0	0.0	0.0	0.0	0.00792	0.0	1.57871	0.0	0.0	0.0	0.0	0.0	0.0	0.00521	0.0	0.0	0.0	0.0	0.0	0.0	0.0	2.21102	2.36582	0.23838	0.0	0.0	1.53582	1.73589	0.12428	0.08595	1.45511	1.23196	1.34613	0.09894
s__Prevotella_buccae	0	0.0	0.0	0.92824	0.0	0.0	7.12627	0.0	0.0	0.0	0.0	0.0	0.0	0.0	0.0	0.0	0.0	0.0	0.0	0.0	0.0	0.0	0.0	0.0	0.0	0.0	0.0	0.0	0.0	0.0	0.0	0.0	0.0	0.0	0.0	0.0	0.0	0.0	0.0	0.0	0.0	0.0	0.0	0.0	0.0	0.0	0.0	0.0	0.0	0.0	0.0	0.0	0.0	0.0	0.0	0.0	0.0	0.0	0.0	0.0	0.0
s__Bacteroides_stercoris	0	0.0	0.0	0.91523	0.0	0.0	0.0	5.41476	0.0	2.45028	0.0	0.0	1.11894	0.49977	0.0	0.0	0.1845	0.0	0.0	20.33553	0.0	0.0	0.0	0.0	0.0	0.0	0.0	0.0	0.0	0.0	0.02855	0.0	0.0	0.0	5.67145	0.0	0.0	0.0	0.00892	0.0	0.28923	0.0	0.0	0.0	0.00798	0.0	0.0	23.77898	0.0	0.0	0.19496	0.0	4.89551	11.15029	0.0	2.86681	0.0	1.81534	2.03374	12.29705	3.51594
s__Streptococcus_oralis	0	0.0	0.0	0.6902	5.05175	0.23255	0.0	0.0	0.0	0.0	0.0	0.0	0.0	0.0	0.0	0.0	0.0	0.0	0.0	0.0	0.0	0.0	0.0	0.0	0.0	0.0	0.0	0.0	0.0	0.0	0.0	0.0	0.0	0.0	0.0	0.0	0.0	0.0	0.0	0.0	0.0	0.0	0.0	0.0	0.0	0.0	0.0	0.0	0.0	0.0	0.0	0.0	0.0	0.0	0.0	0.0	0.0	0.0	0.0	0.0	0.0
s__Clostridium_symbiosum	0	0.0	0.0	0.58823	0.0	0.0	0.0	0.0	0.0	0.07138	0.0	0.0	0.0	0.0	0.0	0.0	0.0	0.0	0.0	0.0	0.0	0.0	0.0	0.0	0.0	0.0	0.0	0.0	0.0	0.0	0.0	0.0	0.0	0.0	0.0	0.0	0.0	0.0	0.0	0.0	0.0	0.0	0.0	0.0	0.0	0.0	0.0	0.0	0.34898	0.2582	0.0	0.0	0.0	0.16147	0.25379	0.0	0.0	0.21158	0.16999	0.18241	0.0
s__Ruminococcus_gnavus	0	0.0	0.0	0.4347	0.20001	2.17502	0.0	1.92142	0.0	0.0	0.0	0.0	0.0	0.0	0.0	0.06111	0.0	0.0	0.0	0.0	0.0	0.0	0.0	0.0	0.0	0.0	0.0	0.0	0.0	0.0	0.0	0.0	0.0	0.0	0.0	0.0	0.0	0.12193	0.0	0.0	0.0	0.0	0.0	0.0	0.0	0.0	0.0	0.0	0.0	0.0	0.0	0.0	1.32613	0.0	0.0	0.64193	0.0	0.54383	0.47184	0.0	0.0
s__Clostridium_clostridioforme	0	0.0	0.0	0.42482	0.0	0.0	0.0	0.0	0.0	0.0	0.0	0.0	0.0	0.0	0.0	0.0	0.0	0.0	0.0	0.0	0.0	0.0	0.0	0.0	0.0	0.0	0.0	0.0	0.0	0.0	0.0	0.0	0.0	0.0	0.0	0.0	0.0	0.0	0.0	0.0	0.0	0.0	0.0	0.0	0.0	0.0	0.0	0.0	0.0	0.0	0.0	0.0	0.0	0.0	0.0	0.0	0.0	0.0	0.0	0.0	0.0
s__Eubacterium_siraeum	0	0.0	0.0	0.40198	0.0	0.0	0.0	0.0	0.0	0.0	0.0	5.26545	0.0	0.04441	0.0	0.0	0.0	0.0	0.0	0.0	0.0	0.0	0.22955	0.0	0.0	0.0	0.0	0.0	0.0	0.0	0.13622	1.19972	0.0	0.04353	0.0	1.56565	0.0	0.0	0.0	0.0	0.01479	0.0	3.38963	0.0	0.0	0.0	0.77347	0.0	0.0	0.0	0.0	1.30945	0.0	0.0	0.02021	0.0	0.55971	0.0	0.0	0.0	0.66825
s__Roseburia_hominis	0	0.0	0.0	0.39178	0.24174	0.0	2.57741	0.0	0.0	0.0	0.08631	0.0	0.93081	0.99253	0.0	0.0	0.0	0.0	0.04632	0.0	0.0	0.0	0.0	0.0763	0.0	0.0	0.0	0.0	0.08257	0.0	0.21297	0.0263	0.0	0.19454	0.57117	2.06063	0.37349	0.0	0.0	0.0	0.0	0.10589	0.01788	0.13245	0.0	0.0	0.0	0.08768	0.0	0.0	0.0	0.0	0.0	0.05238	0.0	0.0	0.0	0.0	0.0	0.09599	0.02039
s__Streptococcus_salivarius	0	0.0	0.0	0.36931	2.8124	0.0	0.02935	0.0	0.0	0.0	0.0	0.0	0.0	0.0	0.0	0.06012	0.0	0.01251	0.0	0.0	0.0	0.0	0.0	0.02832	0.01587	0.12748	0.0	0.0	0.0	0.0	0.0	0.0	0.0	0.0	0.0	0.0	0.0	0.0	0.0	0.0	0.11239	0.0	0.0	0.00469	0.0	0.0	0.0	0.0	0.0	0.0	0.0	0.62175	0.0	0.0	0.0	0.0	0.0	0.0	0.0	0.0	0.23106
s__Clostridium_bolteae	0	0.0	0.0	0.33633	0.15533	0.0	0.0	0.0	0.0	0.0	0.0	0.0	0.3515	0.0	0.0	0.0	0.0	0.0	0.0	0.0	0.0	0.0	0.0	0.0	0.0	0.0	0.0	0.0	0.0	0.0	0.0	0.0	0.0	0.0	0.0	0.0	0.0	0.0	0.0	0.0	0.0	0.0	0.0	0.0	0.0	0.0	0.0	0.0	0.44189	0.37649	0.0	0.0	0.0	0.25238	0.28044	0.0	0.0	0.19342	0.22454	0.20475	0.0
s__Lactobacillus_fermentum	0	0.0	0.0	0.30571	2.10655	0.0	0.0	0.0	0.0	0.0	0.0	0.0	0.0	0.88066	0.0	0.0	0.0	0.0	0.0	0.0	0.0	0.0	0.0	0.0	0.0	0.0	0.0	0.0	0.0	0.0	0.0	0.0	0.0	0.0	0.0	0.0	0.0	0.0	0.0	0.0	0.0	0.0	0.0	0.0	0.0	0.0	0.0	0.0	0.0	0.0	0.0	0.0	0.0	0.0	0.0	0.0	0.0	0.0	0.0	0.0	0.0
s__Clostridium_hylemonae	0	0.0	0.0	0.2735	0.0	0.0	0.0	0.0	0.0	0.0	0.0	0.0	0.0	0.0	0.0	0.0	0.0	0.0	0.0	0.0	0.0	0.0	0.0	0.0	0.0	0.0	0.0	0.0	0.0	0.0	0.0	0.0	0.0	0.0	0.0	0.0	0.0	0.0	0.0	0.0	0.0	0.0	0.0	0.0	0.0	0.0	0.0	0.0	0.0	0.0	0.0	0.0	0.0	0.0	0.0	0.0	0.0	0.0	0.0	0.0	0.0
s__Citrobacter_youngae	0	0.0	0.0	0.26307	0.22759	0.0	1.83598	0.0	0.0	0.0	0.0	0.0	0.0	0.0	0.0	0.0	0.0	0.0	0.0	0.0	0.0	0.0	0.0	0.0	0.0	0.0	0.0	0.0	0.0	0.0	0.0	0.0	0.0	0.0	0.0	0.0	0.0	0.0	0.0	0.0	0.0	0.0	0.0	0.0	0.0	0.0	0.0	0.0	0.0	0.0	0.0	0.0	0.0	0.0	0.0	0.0	0.0	0.0	0.0	0.0	0.04547
s__Alistipes_shahii	0	0.0	0.0	0.20772	0.0	0.0	0.0	0.27459	0.84042	0.02515	0.23501	0.11448	1.33287	0.10785	0.0	0.0	0.0	0.0	0.0	0.09616	0.0	0.0	0.21594	0.3038	0.0	0.01704	0.0	0.0	0.0024	0.0	0.00126	0.01767	0.0	2.04451	0.0	0.0	0.0	0.0	0.0	0.0	0.0	0.0	0.0	0.0	0.0	0.0	0.0	0.15373	0.11812	0.04137	0.13447	0.0	0.09737	0.13448	0.03849	0.16642	0.0	0.19841	0.21754	0.15213	0.06972
s__Gemmiger_formicilis	0	0.0	0.0	0.19565	1.12779	0.0	0.0	0.0	0.0	0.10923	0.12617	0.0	0.13273	0.0088	0.0	0.0	0.0	0.0	0.01271	0.0	0.0	0.00633	0.15339	0.0	0.00813	0.0	0.0	0.0	0.0256	0.0	0.0	0.24602	0.04871	0.08185	0.10177	0.0	0.0	0.0	0.0	0.05102	0.0	0.03705	0.0	0.0	0.0	0.0	0.0	0.0	0.0	0.0	0.0	0.0	0.0	0.0	0.0	0.0	0.0	0.0	0.0	0.0	0.0
s__Paraprevotella_xylaniphila	0	0.0	0.0	0.16763	0.0	0.0	0.0	0.98486	0.0	0.0	0.0	0.0	4.6248	0.0	0.0	0.0	0.0	0.0	0.01504	0.0	0.0	0.0	0.0	0.0	0.0	0.0	0.0	0.0	0.0	0.0	0.0	0.0	0.0	0.79083	0.0	0.0	0.0	0.0	0.0	0.0	0.0	0.0	0.17436	0.0	0.05619	0.0	0.0	0.00442	0.0	0.0	0.0	0.0	1.16475	0.00589	0.0	0.51992	0.0	0.48583	0.48878	0.00427	0.0
s__Veillonella_sp_CAG_933	0	0.0	0.0	0.15433	0.0	0.0	0.0	0.94749	0.0	0.0	0.0	0.0	0.0	0.0	0.0	0.0	0.0	0.0	0.0	0.0	0.0	0.0	0.0	0.0	0.0	0.0	0.0	0.0	0.0	0.0	0.0	0.0	0.0	0.0	0.0	0.0	0.0	0.0	0.0	0.0	0.0	0.0	0.0	0.0	0.0	0.0	0.0	0.0	0.0	0.0	0.0	0.0	1.44612	0.0	0.0	0.59518	0.0	0.39667	0.48045	0.0	0.0
s__Rothia_mucilaginosa	0	0.0	0.0	0.13421	0.96225	0.07875	0.0	0.0	0.0	0.0	0.0	0.0	0.0	0.0	0.0	0.0	0.0	0.0	0.0	0.0	0.0	0.0	0.0	0.0	0.0	0.0	0.0	0.0	0.0	0.01297	0.0	0.0	0.0	0.0	0.0	0.0	0.0	0.21731	0.0	0.0	0.0	0.0	0.0	0.0	0.0	0.0	0.0	0.0	0.0	0.0	0.0	0.0	0.0	0.0	0.0	0.0	0.0	0.0	0.0	0.0	0.0
s__Proteobacteria_bacterium_CAG_139	0	0.0	0.0	0.11702	0.29257	0.0	0.30119	0.0	0.0	0.0	0.0	0.0	0.0	0.0	0.00806	0.0	0.0	0.0	0.0	0.0	0.0	0.0	0.0	0.0	0.0	0.0	0.0	0.0	0.0	0.0	0.0	0.0	0.0	0.0	0.0	0.0	0.0	0.0	0.0	0.0	0.0	0.0	0.02432	0.0	0.0	0.0	0.0	0.0	0.0	0.0	0.0	0.0	0.0	0.0	0.0	0.0	0.0	0.0	0.0	0.0	0.0
s__Klebsiella_aerogenes	0	0.0	0.0	0.10765	0.146	0.15231	0.64401	0.0	0.0	0.0	0.0	0.0	0.0	0.0	0.0	0.0	0.0	0.0	0.0	0.0	0.0	0.0	0.04829	0.0	0.0	0.0	0.0	0.0	0.0	0.0	0.0	0.0	0.0	0.0	0.0	0.0	0.0	0.0	0.0	0.0	0.0	0.0	0.0	0.0	0.0	0.0	0.0	0.0	0.0	0.0	0.0	0.0	0.0	0.0	0.0	0.0	0.0	0.0	0.0	0.0	0.0
s__Haemophilus_parainfluenzae	0	0.0	0.0	0.10129	0.37455	0.82348	0.2968	0.0	0.0	0.0	0.0	0.0	0.0	0.0	0.0	0.04326	0.0	0.07661	0.0	0.0	0.0	0.03676	0.26852	0.01977	0.36969	0.20398	0.0	0.0	0.0	0.03629	0.0	0.0	0.01016	0.0	0.0	0.0	0.0	0.05366	0.0	0.0425	0.62387	0.0	0.0	0.06256	0.0	0.0	0.0	0.0	0.0	0.0	0.0	0.0	0.0	0.0	0.0	0.0	0.0	0.0	0.0	0.0	0.0
s__Citrobacter_amalonaticus	0	0.0	0.0	0.07983	0.0	0.0	0.93122	0.0	0.0	0.0	0.0	0.0	0.0	0.0	0.0	0.0	0.0	0.0	0.0	0.0	0.0	0.0	0.0	0.0	0.0	0.0	0.0	0.0	0.0	0.0	0.0	0.0	0.0	0.0	0.0	0.0	0.0	0.0	0.0	0.0	0.0	0.0	0.0	0.0	0.0	0.0	0.0	0.0	0.0	0.0	0.0	0.0	0.0	0.0	0.0	0.0	0.0	0.0	0.0	0.0	0.0
s__Clostridium_innocuum	0	0.0	0.0	0.07634	0.0	0.0	0.0	0.0	0.0	0.0	0.0	0.0	0.0	0.0	0.0	0.0	0.0	0.0	0.0	0.0	0.0	0.0	0.0	0.0	0.0	0.0	0.0	0.0	0.0	0.0	0.0	0.0	0.0	0.0	0.0	0.0	0.0	0.0	0.0	0.0	0.0	0.0	0.0	0.0	0.0	0.0	0.0	0.0	0.0	0.0	0.0	0.0	0.0	0.0	0.0	0.0	0.0	0.0	0.0	0.0	0.0
s__Aeromonas_media	0	0.0	0.0	0.07234	0.0	0.0	0.7216	0.0	0.0	0.0	0.0	0.0	0.0	0.0	0.0	0.0	0.0	0.0	0.0	0.0	0.0	0.0	0.0	0.0	0.0	0.0	0.0	0.0	0.0	0.0	0.0	0.0	0.0	0.0	0.0	0.0	0.0	0.0	0.0	0.0	0.0	0.0	0.0	0.0	0.0	0.0	0.0	0.0	0.0	0.0	0.0	0.0	0.0	0.0	0.0	0.0	0.0	0.0	0.0	0.0	0.0
s__Agathobaculum_butyriciproducens	0	0.0	0.0	0.07018	0.07375	0.0	0.0	0.02192	0.0	0.0	0.02982	0.0	0.0	0.0	0.0	0.0	0.0	0.057	0.0	0.0	0.0	0.01284	0.29138	0.18803	0.00617	0.0	0.0	0.0	0.0	0.0	0.0	0.34318	0.0	0.29942	0.0	0.0	0.0	4.51517	0.01982	0.0	0.12665	0.0	0.0	0.0	0.0	0.0	0.0	0.0	0.0	0.0	0.09201	0.06315	0.0	0.0	0.0	0.03783	0.0	0.0	0.0	0.0	0.11591
s__Haemophilus_sp_HMSC71H05	0	0.0	0.0	0.06761	0.36112	0.0	0.0	0.0	0.0	0.0	0.0	0.0	0.0	0.0	0.0	0.08019	0.0	0.0	0.0	0.0	0.0	0.01204	0.0	0.06407	0.0	0.03108	0.0	0.0	0.0	0.01481	0.0	0.0	0.0	0.0	0.0	0.0	0.0	0.33613	0.0	0.00876	1.14923	0.0	0.0	0.02568	0.0	0.0	0.0	0.0	0.0	0.0	0.0	0.0	0.0	0.0	0.0	0.0	0.0	0.0	0.0	0.0	0.0
s__Bifidobacterium_catenulatum	0	0.0	0.0	0.06319	0.0	0.01174	0.42667	0.0047	0.0	0.0	0.0	0.0	0.0	0.0	0.01335	0.0	0.0	0.0	0.0	0.0	0.0	0.0	0.0	0.01625	0.0	0.0	0.0	0.0	0.0	0.0	0.0856	0.0	0.0	0.49771	0.07677	0.0	0.01416	0.0	0.00886	0.0	0.0	0.0	0.0047	0.0	0.0	0.0	0.0	0.0	0.0	0.0	0.0	0.0	0.0	0.0	0.0	0.0	0.0069	0.0	0.0	0.0	0.0
s__Allisonella_histaminiformans	0	0.0	0.0	0.05987	0.0	0.0	0.0	0.4898	0.0	0.0	0.0	0.0	0.0	0.02608	0.0	0.0	0.0	0.0	0.0	0.0	0.0	0.0	0.0	0.0	0.0	0.0	0.0	0.0	0.0	0.0	0.0	0.0	0.0	0.0	0.0	0.0	0.0	0.0	0.0	0.0	0.0	0.0	0.0	0.0	0.0	0.0	0.0	0.0	0.0	0.0	0.0	0.0	0.7087	0.0	0.0	0.3342	0.0	0.31548	0.28251	0.0	0.0
s__Klebsiella_michiganensis	0	0.0	0.0	0.05588	0.0	0.0	0.56248	0.0	0.0	0.0	0.0	0.0	0.0	0.0	0.0	0.0	0.0	0.0	0.0	0.0	0.0	0.0	0.0	0.0	0.0	0.0	0.0	0.0	0.0	0.0	0.0	0.0	0.0	0.0	0.0	0.0	0.0	0.0	0.0	0.0	0.0	0.0	0.0	0.0	0.0	0.0	0.0	0.0	0.0	0.0	0.0	0.0	0.0	0.0	0.0	0.0	0.0	0.0	0.0	0.0	0.0
s__Eubacterium_sp_CAG_180	0	0.0	0.0	0.05563	0.44881	0.0	0.0	0.0	13.61307	0.49494	23.81583	16.23956	0.0	0.0	0.0	0.0	0.94927	0.0	0.08159	0.0	0.0	4.21894	0.0	0.0	0.0	0.0	0.0	0.54938	0.0	0.0	1.27782	0.2668	0.0	5.77301	0.0	3.05974	0.0	0.0	0.0	0.0	0.0	0.0	1.65593	0.0	0.51716	2.55447	0.0	1.30126	0.0	0.0	4.15794	13.6355	0.0	0.74726	0.0	1.71125	0.0	0.0	0.0	0.81103	8.22251
s__Citrobacter_portucalensis	0	0.0	0.0	0.05367	0.0	0.0	0.45658	0.0	0.0	0.0	0.0	0.0	0.0	0.0	0.0	0.0	0.0	0.0	0.0	0.0	0.0	0.0	0.0	0.0	0.0	0.0	0.0	0.0	0.0	0.0	0.0	0.0	0.0	0.0	0.0	0.0	0.0	0.0	0.0	0.0	0.0	0.0	0.0	0.0	0.0	0.0	0.0	0.0	0.0	0.0	0.0	0.0	0.0	0.0	0.0	0.0	0.0	0.0	0.0	0.0	0.0
s__Citrobacter_pasteurii	0	0.0	0.0	0.04794	0.0	0.0	0.22249	0.0	0.0	0.0	0.0	0.0	0.0	0.98138	0.0	0.0	0.0	0.0	0.0	0.0	0.0	0.0	0.0	0.0	0.0	0.0	0.0	0.0	0.0	0.0	0.0	0.0	0.0	0.0	0.0	0.0	0.0	0.0	0.0	0.0	0.0	0.0	0.0	0.0	0.0	0.0	0.0	0.0	0.0	0.0	0.0	0.0	0.0	0.0	0.0	0.0	0.0	0.0	0.0	0.0	0.0
s__Lactobacillus_salivarius	0	0.0	0.0	0.0473	0.35212	0.0	0.0	0.0	0.0	0.0	0.0	0.0	0.0	0.0	0.0	0.0	0.0	0.0	0.0	0.0	0.0	0.0	0.0	0.0	0.0	0.0	0.0	0.0	0.0	0.0	0.0	0.0	0.0	0.0	0.0	0.0	0.0	0.0	0.0	0.0	0.0	0.0	0.0	0.0	0.0	0.0	0.0	0.0	0.0	0.0	0.0	0.0	0.0	0.0	0.0	0.0	0.0	0.0	0.0	0.0	0.0
s__Bacteroides_faecis_CAG_32	0	0.0	0.0	0.04395	0.0	0.0	0.0	0.0	0.0	0.0	0.0	0.0	0.0	0.0	0.0	0.0	0.0	0.0	0.0	0.0	0.0	0.0	0.0	0.0	0.0	0.0	0.0	0.0	0.0	0.0	0.0	0.0	0.0	0.0	0.0	0.0	0.0	0.0	0.0	0.0	0.0	0.0	0.0	0.0	0.0	0.0	0.0	0.0	0.0	0.0	0.0	0.0	0.0	0.0	0.0	0.0	0.0	0.0	0.0	0.0	0.0
s__Weissella_confusa	0	0.0	0.0	0.04245	0.32626	0.0	0.0	0.0	0.0	0.0	0.0	0.0	0.0	0.0	0.0	0.05463	0.0	0.10861	0.0	0.0	0.0	0.0	0.0	0.0	0.08978	0.0	0.0	0.00661	0.0	0.0	0.0	0.0	0.0	0.0	0.0	0.0	0.0	0.0	0.0	0.0	0.0	0.0	0.0	0.0	0.0	0.0	0.0	0.0	0.0	0.0	0.0	0.0	0.0	0.0	0.0	0.0	0.0	0.0	0.0	0.0	0.0
s__Blautia_obeum	0	0.0	0.0	0.03835	0.26509	0.0	0.0	0.0	0.0	0.0	0.00596	0.0	0.0	0.0	0.0	0.0	0.0	0.03059	0.0	0.0	0.0	0.46663	0.33325	0.0	0.25703	0.0	0.0	0.0	0.0	0.0	0.0	0.23779	0.0	0.0	0.0	0.0	0.0	0.0	0.0	0.0	0.0	0.0	0.0	0.0	0.0	0.0	0.0	0.0	0.0	0.0	0.0	0.02408	0.0	0.0	0.0	0.0	0.0	0.0	0.0	0.0	0.0
s__Veillonella_sp_T11011_6	0	0.0	0.0	0.03147	0.02811	0.03619	0.15199	0.0	0.0	0.0	0.0	0.0	0.0	0.0	0.0	0.0	0.0	0.0	0.0	0.0	0.0	0.0	0.0	0.0	0.0	0.0	0.0	0.0	0.0	0.0	0.0	0.0	0.0	0.0	0.0	0.0	0.0	0.0	0.0	0.0	0.0	0.0	0.0	0.0	0.0	0.0	0.0	0.0	0.0	0.0	0.0	0.0	0.0	0.0	0.0	0.0	0.0	0.0	0.0	0.0	0.0
s__Proteus_mirabilis	0	0.0	0.0	0.02969	0.0	0.0	0.27553	0.0	0.0	0.0	0.0	0.0	0.0	0.31657	0.0	0.0	0.0	0.0	0.0	0.0	0.0	0.0	0.0	0.0	0.0	0.0	0.0	0.0	0.0	0.0	0.0	0.0	0.0	0.0	0.0	0.0	0.0	0.0	0.0	0.0	0.0	0.0	0.0	0.0	0.0	0.0	0.0	0.0	0.0	0.0	0.0	0.0	0.0	0.0	0.0	0.0	0.0	0.0	0.0	0.0	0.0
s__Kluyvera_georgiana	0	0.0	0.0	0.02647	0.02327	0.0	0.14291	0.0	0.0	0.0	0.0	0.0	0.0	0.0	0.0	0.0	0.0	0.0	0.0	0.0	0.0	0.0	0.0	0.0	0.0	0.0	0.0	0.0	0.0	0.0	0.0	0.0	0.0	0.0	0.0	0.0	0.0	0.0	0.0	0.0	0.0	0.0	0.0	0.0	0.0	0.0	0.0	0.0	0.0	0.0	0.0	0.0	0.0	0.0	0.0	0.0	0.0	0.0	0.0	0.0	0.0
s__Blautia_producta	0	0.0	0.0	0.02599	0.0	0.0	0.0	0.0	0.0	0.0	0.0	0.0	0.0	0.0	0.0	0.0	0.0	0.0	0.0	0.0	0.0	0.0	0.0	0.0	0.0	0.0	0.0	0.0	0.0	0.0	0.0	0.0	0.0	0.0	0.0	0.0	0.0	0.0	0.0	0.0	0.0	0.0	0.0	0.0	0.0	0.0	0.0	0.0	0.0	0.0	0.0	0.0	0.0	0.0	0.0	0.0	0.0	0.0	0.0	0.0	0.0
s__Eubacterium_sp_CAG_38	0	0.0	0.0	0.02091	0.0	0.0	0.15972	0.0	0.0	0.0	0.0	0.0	0.0	0.0	0.0	0.82918	0.0	0.0	0.0	0.0	0.14409	0.0	0.09047	0.0	0.0	0.04495	0.0	0.14081	0.0	0.0	0.0	0.0	0.0	0.0	0.13254	0.11378	0.0	0.0	0.0	0.0	0.0	0.0	0.0	0.0	0.0	0.11419	0.0	0.0	0.0	0.0	0.0	0.69126	0.01688	0.0	0.0	0.0	0.0	0.0	0.0	0.0	0.25666
s__Enterobacter_bugandensis	0	0.0	0.0	0.02073	0.10547	0.0	0.03746	0.0	0.0	0.0	0.0	0.0	0.0	0.0	0.0	0.0	0.0	0.0	0.0	0.0	0.0	0.0	0.46488	0.0	0.13125	0.0	0.0	0.0	0.0	0.0	0.0	0.0	0.0	0.0	0.0	0.0	0.0	0.0	0.0	0.0	0.0	0.0	0.0	0.0	0.0	0.0	0.0	0.0	0.0	0.0	0.0	0.0	0.0	0.0	0.0	0.0	0.0	0.0	0.0	0.0	0.0
s__Bilophila_wadsworthia	0	0.0	0.0	0.01971	0.0	0.0	0.14471	0.0	0.0	0.04489	0.0	0.07835	0.05274	0.0	0.0	0.0	0.0	0.0	0.0	0.0	0.0	0.0	0.12091	0.0	0.0	0.0	0.0	0.0	0.0	0.0	0.0	0.0	0.0	0.32367	0.16072	0.0	0.0	0.0	0.0	0.0	0.0	0.0	0.0	0.0	0.0	0.0	0.0	0.0	0.0	0.0	0.14841	0.0	0.0	0.00656	0.01477	0.14495	0.0	0.0	0.0	0.00966	0.09448
s__Eggerthella_lenta	0	0.0	0.0	0.01929	0.0	0.0	0.0	0.0	0.0	0.0	0.0	0.0	0.0	0.0	0.0	0.0	0.0	0.0	0.0	0.0	0.0	0.0	0.0	0.0	0.0	0.0	0.0	0.0	0.0	0.0	0.0	0.05487	0.0	0.0	0.0	0.0	0.0	0.0	0.0	0.0	0.0	0.0	0.0	0.0	0.0	0.0	0.0	0.0	0.0	0.0	0.0	0.0	0.0	0.0	0.0	0.0	0.0	0.0	0.0	0.0	0.0
s__Rothia_dentocariosa	0	0.0	0.0	0.01745	0.17596	0.0	0.0	0.0	0.0	0.0	0.0	0.0	0.0	0.0	0.0	0.0	0.0	0.0	0.0	0.0	0.0	0.0	0.0	0.0	0.0	0.0	0.0	0.0	0.0	0.0	0.0	0.0	0.0	0.0	0.0	0.0	0.0	0.0	0.0	0.0	0.0	0.0	0.0	0.0	0.0	0.0	0.0	0.0	0.0	0.0	0.0	0.0	0.0	0.0	0.0	0.0	0.0	0.0	0.0	0.0	0.0
s__Bacteroides_caecimuris	0	0.0	0.0	0.01477	0.0	0.0	0.0	0.0	0.0	0.0	0.0	0.0	0.0	0.0	0.0	0.0	0.0	0.0	0.0	0.0	0.0	0.0	0.0	0.0	0.0	0.0	0.0	0.0	0.0	0.0	0.0	0.0	0.0	0.0	0.0	0.0	0.0	0.0	0.0	0.0	0.0	0.0	0.0	0.0	0.0	0.0	0.0	0.0	0.0	0.0	0.0	0.0	0.0	0.0	0.0	0.0	0.0	0.0	0.0	0.0	0.0
s__Eubacterium_sp_CAG_251	0	0.0	0.0	0.01468	0.12234	0.0	0.0	0.0	0.0	0.0	0.0	0.0	0.0	0.0	0.0	0.0	0.05731	0.0	0.15669	0.0	0.0	0.90553	0.04252	2.03714	1.56672	0.0	0.0	0.60213	0.0	0.0	0.0	0.4977	0.0	0.0	0.0	0.0	0.0	0.0	0.0	0.0	0.0	0.0	0.0	0.0	0.0	0.0	0.0	0.0	0.0	0.0	0.0	0.0	0.0	0.0	0.0	0.0	0.0	0.0	0.0	0.0	0.0
s__Gemella_haemolysans	0	0.0	0.0	0.01457	0.13737	0.0	0.0	0.0	0.0	0.0	0.0	0.0	0.0	0.0	0.0	0.0	0.0	0.0	0.0	0.0	0.0	0.0	0.0	0.0	0.0	0.0	0.0	0.0	0.0	0.0	0.0	0.0	0.0	0.0	0.0	0.0	0.0	0.0	0.0	0.0	0.0	0.0	0.0	0.0	0.0	0.0	0.0	0.0	0.0	0.0	0.0	0.0	0.0	0.0	0.0	0.0	0.0	0.0	0.0	0.0	0.0
s__Bacteroides_sp_CAG_530	0	0.0	0.0	0.01298	0.0	0.0	0.0	0.12157	0.0	0.0	0.0	0.69679	0.0	0.0	0.0	0.0	0.0	0.0	0.0	0.0	0.0	0.27253	0.0	0.0	1.03929	0.0	0.0	0.0	0.0	0.0	0.0	0.0	0.0	0.0	0.0	0.0	0.0	0.0	0.0	0.0	0.0	0.0	0.0	0.0	0.0	0.24048	0.47122	0.0	0.0	0.51138	0.0	0.35893	0.08355	0.0	1.08769	0.02145	0.45528	0.01927	0.03083	0.0	0.22871
s__Lactobacillus_vaginalis	0	0.0	0.0	0.0123	0.0	0.0	0.0	0.08532	0.0	0.0	0.0	0.0	0.0	0.0	0.0	0.0	0.0	0.0	0.0	0.0	0.0	0.0	0.0	0.0	0.0	0.0	0.0	0.0	0.0	0.0	0.0	0.0	0.0	0.0	0.0	0.0	0.0	0.0	0.0	0.0	0.0	0.0	0.0	0.0	0.0	0.0	0.0	0.0	0.0	0.0	0.0	0.0	0.14495	0.0	0.0	0.07834	0.0	0.04476	0.01695	0.0	0.0
s__Clostridium_asparagiforme	0	0.0	0.0	0.01104	0.0	0.0	0.0	0.0	0.0	0.0	0.0	0.0	0.0	0.0	0.0	0.0	0.0	0.0	0.0	0.0	0.0	0.0	0.0	0.0	0.0	0.0	0.0	0.0	0.0	0.0	0.0	0.0	0.0	0.0	0.0	0.0	0.0	0.0	0.0	0.0	0.0	0.0	0.0	0.0	0.0	0.0	0.0	0.0	0.0	0.0	0.0	0.0	0.0	0.0	0.0	0.0	0.0	0.0	0.0	0.0	0.0
s__Paraprevotella_clara	0	0.0	0.0	0.01035	0.0	0.0	0.0	0.05727	0.0	0.0	0.0	0.0	0.0	0.0	0.0	0.0	0.0	0.0	0.0	0.0	0.0	0.0	0.0	0.0	0.0	0.0	0.0	0.0	0.0	0.0	0.0	0.0	0.0	0.0	0.0	0.0	0.0	0.0	0.0	0.0	0.0	0.0	0.01513	0.0	0.0	0.0	0.0	0.0	0.0	0.0	0.0	0.0	0.05037	0.0	0.0	0.00549	0.0	0.0146	0.00707	0.0	0.0
s__Gemella_sanguinis	0	0.0	0.0	0.0098	0.08541	0.0	0.0	0.0	0.0	0.0	0.0	0.0	0.0	0.0	0.0	0.0	0.0	0.0	0.0	0.0	0.0	0.0	0.0	0.0	0.0	0.0	0.0	0.0	0.0	0.0	0.0	0.0	0.0	0.0	0.0	0.0	0.0	0.0	0.0	0.0	0.0	0.0	0.0	0.0	0.0	0.0	0.0	0.0	0.0	0.0	0.0	0.0	0.0	0.0	0.0	0.0	0.0	0.0	0.0	0.0	0.0
s__Fusicatenibacter_saccharivorans	0	0.0	0.0	0.00965	0.0	1.16192	0.03612	0.0	0.0	0.0	0.00655	0.01765	0.0	0.04767	0.0	0.92471	0.0	0.0	0.0	0.01048	0.0	0.0	0.01831	0.0	0.0	0.0	0.0	0.0	0.06378	0.0	0.0	0.00305	0.0	0.04804	0.24683	0.0	0.0	0.10829	0.0	0.0	0.0	0.08525	0.0	0.0	0.0	0.0	0.0	0.0	0.0	0.0	0.0	0.0	0.0	0.0	0.0	0.0	0.0	0.0	0.0	0.0	0.0
s__Citrobacter_braakii	0	0.0	0.0	0.00941	0.0	0.0	0.04309	0.0	0.0	0.0	0.0	0.0	0.0	0.0	0.0	0.0	0.0	0.0	0.0	0.0	0.0	0.0	0.0	0.0	0.0	0.0	0.0	0.0	0.0	0.0	0.0	0.0	0.0	0.0	0.0	0.0	0.0	0.0	0.0	0.0	0.0	0.0	0.0	0.0	0.0	0.0	0.0	0.0	0.0	0.0	0.0	0.0	0.0	0.0	0.0	0.0	0.0	0.0	0.0	0.0	0.0
s__Leclercia_adecarboxylata	0	0.0	0.0	0.0084	0.0	0.0	0.10574	0.0	0.0	0.0	0.0	0.0	0.0	0.0	0.0	0.0	0.0	0.0	0.0	0.0	0.0	0.0	0.0	0.0	0.0	0.0	0.0	0.0	0.0	0.0	0.0	0.0	0.0	0.0	0.0	0.0	0.0	0.0	0.0	0.0	0.0	0.0	0.0	0.0	0.0	0.0	0.0	0.0	0.0	0.0	0.0	0.0	0.0	0.0	0.0	0.0	0.0	0.0	0.0	0.0	0.0
s__Firmicutes_bacterium_CAG_94	0	0.0	0.0	0.00797	0.0	0.0	0.0	0.0	0.0	0.0	0.0	0.0	0.0	0.0	0.0	0.0	0.0	0.0	0.0	0.0	0.0	0.0	0.0	0.0	0.0	0.0	0.0	0.0	0.0	0.0	0.0	0.0	0.0	0.0	0.0	0.0	0.0	0.0	0.0	0.0	0.0	0.0	0.0	0.0	0.0	0.0	0.0	0.0	0.0	0.0	0.0	0.0	0.0	0.0	0.0	0.0	0.0	0.0	0.0	0.0	0.0
s__Veillonella_dispar	0	0.0	0.0	0.00781	0.05474	0.14951	0.02889	0.0	0.0	0.0	0.0	0.0	0.0	0.0	0.0	0.0	0.0	0.03674	0.0	0.0	0.0	0.0	0.0	0.01788	0.0	0.0	0.0	0.0	0.0	0.0	0.0	0.0	0.0	0.0	0.0	0.0	0.0	0.0302	0.0	0.0	0.0	0.0	0.0	0.0	0.0	0.0	0.0	0.0	0.0	0.0	0.0	0.0	0.0	0.02365	0.0	0.0	0.0	0.0	0.0	0.0	0.0
s__Streptococcus_infantis	0	0.0	0.0	0.00725	0.1053	0.08837	0.0	0.0	0.0	0.0	0.0	0.0	0.0	0.0	0.0	0.0	0.0	0.0	0.0	0.0	0.0	0.0	0.0	0.0	0.0	0.0	0.0	0.0	0.0	0.0	0.0	0.0	0.0	0.0	0.0	0.0	0.0	0.0	0.0	0.0	0.0	0.0	0.0	0.0	0.0	0.0	0.0	0.0	0.0	0.0	0.0	0.0	0.0	0.0	0.0	0.0	0.0	0.0	0.0	0.0	0.0
s__Streptococcus_sp_HPH0090	0	0.0	0.0	0.00723	0.0	0.0	0.0	0.0	0.0	0.0	0.0	0.0	0.0	0.0	0.0	0.0	0.0	0.0	0.0	0.0	0.0	0.0	0.0	0.0	0.0	0.0	0.0	0.0	0.0	0.0	0.0	0.0	0.0	0.0	0.0	0.0	0.0	0.0	0.0	0.0	0.0	0.0	0.0	0.0	0.0	0.0	0.0	0.0	0.0	0.0	0.0	0.0	0.0	0.0	0.0	0.0	0.0	0.0	0.0	0.0	0.0
s__Citrobacter_werkmanii	0	0.0	0.0	0.00646	0.0	0.0	0.13169	0.0	0.0	0.0	0.0	0.0	0.0	0.05361	0.0	0.0	0.0	0.0	0.0	0.0	0.0	0.0	0.0	0.0	0.0	0.0	0.0	0.0	0.0	0.0	0.0	0.0	0.0	0.0	0.0	0.0	0.0	0.0	0.0	0.0	0.0	0.0	0.0	0.0	0.0	0.0	0.0	0.0	0.0	0.0	0.0	0.0	0.0	0.0	0.0	0.0	0.0	0.0	0.0	0.0	0.0
s__Streptococcus_mitis	0	0.0	0.0	0.00613	0.04148	0.41607	0.0	0.0	0.0	0.0	0.0	0.0	0.0	0.0	0.0	0.0	0.0	0.0	0.0	0.0	0.0	0.0	0.0	0.0	0.0	0.0	0.0	0.0	0.0	0.0	0.0	0.0	0.0	0.0	0.0	0.0	0.0	0.0	0.0	0.0	0.0	0.0	0.0	0.0	0.0	0.0	0.0	0.0	0.0	0.0	0.0	0.0	0.0	0.0	0.0	0.0	0.0	0.0	0.0	0.0	0.0
s__Prevotella_sp_CAG_520	0	0.0	0.0	0.00592	0.0	0.66292	0.0	0.0	0.01013	0.02316	0.0	3.75044	0.0	0.0	0.0	0.0	0.0	0.0	0.0	0.0	0.03299	0.01143	0.0	0.0	0.0	0.0	0.0	0.0	0.0	4.21209	0.0	1.66896	0.0	0.05564	0.0	0.67042	0.0	0.0	0.00172	0.0	0.0	0.0	0.0	15.07377	0.0	0.0	0.0	0.34123	33.46337	27.3363	5.63969	1.09531	0.0	17.86144	19.40123	2.39152	1.70132	21.17911	18.71061	15.63741	2.5482
s__Megasphaera_elsdenii	0	0.0	0.0	0.00511	0.0	0.0	0.0	0.0	0.0	0.09833	0.09152	1.43427	0.0	0.0	0.0	3.61964	0.0	0.07908	2.45761	1.60951	0.0	0.16977	0.01068	2.36881	0.00981	0.38235	0.0	0.11505	0.41344	0.52965	0.15857	0.06228	0.52902	0.1533	1.40679	0.0	0.0	34.44568	0.59944	0.51665	0.0	0.3396	0.0	1.73298	0.07507	6.75373	0.0	0.0	0.0	0.0	0.82521	0.20734	0.0	0.0	0.0	0.32737	0.0	0.0	0.0	0.0	0.40824
s__Lactobacillus_ruminis	0	0.0	0.0	0.00393	0.0	0.53729	0.0	0.0	0.0	0.0	0.08491	0.0544	0.17471	0.03729	0.0	0.02406	0.0	1.37004	0.22307	0.0	0.13407	0.32639	0.66818	1.57041	0.26135	1.62141	0.0	0.20422	1.82899	0.12803	0.05217	0.4194	1.4481	0.0	0.04553	0.0	0.0	12.65032	0.01913	1.67992	0.0	1.70347	0.0	0.76611	0.0	0.00316	0.0	0.0	0.0	0.0	0.0	0.0	0.0	0.0	0.0	0.0	0.0	0.0	0.0	0.0	0.0
s__Veillonella_infantium	0	0.0	0.0	0.00383	0.0253	0.11365	0.0	0.0	0.0	0.0	0.0	0.0	0.0	0.0	0.0	0.0	0.0	0.00453	0.0	0.0	0.0	0.0	0.0	0.0	0.01799	0.0	0.0	0.0	0.0	0.0	0.0	0.0	0.0	0.0	0.0	0.0	0.0	0.0	0.0	0.0	0.0	0.0	0.0	0.0	0.0	0.0	0.0	0.0	0.0	0.0	0.0	0.0	0.0	0.0	0.0	0.0	0.0	0.0	0.0	0.01138	0.0
s__Actinomyces_sp_oral_taxon_181	0	0.0	0.0	0.00201	0.05756	0.0	0.0	0.0	0.0	0.0	0.0	0.0	0.0	0.0	0.0	0.0	0.0	0.0	0.0	0.0	0.0	0.0	0.0	0.0	0.0	0.0	0.0	0.0	0.0	0.0	0.0	0.0	0.0	0.0	0.0	0.0	0.0	0.0	0.0	0.0	0.0	0.0	0.0	0.0	0.0	0.0	0.0	0.0	0.0	0.0	0.0	0.0	0.0	0.0	0.0	0.0	0.0	0.0	0.0	0.0	0.0
s__Kosakonia_pseudosacchari	0	0.0	0.0	0.00185	0.0	0.0	0.03287	0.0	0.0	0.0	0.0	0.0	0.0	0.0	0.0	0.0	0.0	0.0	0.0	0.0	0.0	0.0	0.0	0.0	0.0	0.0	0.0	0.0	0.0	0.0	0.0	0.0	0.0	0.0	0.0	0.0	0.0	0.0	0.0	0.0	0.0	0.0	0.0	0.0	0.0	0.0	0.0	0.0	0.0	0.0	0.0	0.0	0.0	0.0	0.0	0.0	0.0	0.0	0.0	0.0	0.0
s__Atopobium_parvulum	0	0.0	0.0	0.00144	0.0	0.0	0.0	0.0	0.0	0.0	0.0	0.0	0.0	0.0	0.0046	0.0	0.0	0.0	0.0	0.0	0.0	0.0	0.0	0.0	0.0	0.0	0.0	0.0	0.0	0.0	0.0	0.0	0.0	0.0	0.0	0.0	0.0	0.0	0.0	0.0	0.0	0.0	0.0	0.0	0.0	0.0	0.0	0.0	0.0	0.0	0.0	0.0	0.0	0.0	0.0	0.0	0.0	0.0	0.0	0.0	0.0
s__Roseburia_faecis	0	0.0	0.0	0.0013	0.04384	0.0	0.0	0.0	0.0	0.0	0.57448	0.36064	0.03811	1.27425	0.0	0.0	0.32567	0.22592	0.17828	1.44676	1.35301	3.88767	0.676	10.84295	0.0	0.53122	0.26693	0.39952	2.21518	2.51703	3.21093	3.66468	0.14384	0.0	2.88268	0.89691	0.0	0.9567	0.0	0.1409	0.0	2.04118	0.03205	14.32672	0.20676	0.30681	0.0	0.0	0.0	0.0	0.0	0.02584	0.0027	0.0	0.0	0.0	0.0	0.0	0.0	0.0	0.0
s__Blautia_coccoides	0	0.0	0.0	0.00115	0.0	0.00322	0.0	0.0	0.0	0.0	0.0	0.0	0.0	0.0	0.0	0.0	0.0	0.0	0.0	0.0	0.0	0.0	0.0	0.0	0.0	0.0	0.0	0.0	0.0	0.0	0.0	0.0	0.0	0.0	0.0	0.0	0.0	0.0	0.0	0.0	0.0	0.0	0.0	0.0	0.0	0.0	0.0	0.0	0.0	0.0	0.0	0.0	0.0	0.0	0.0	0.0	0.0	0.0	0.0	0.0	0.0
s__Scardovia_wiggsiae	0	0.0	0.0	0.00074	0.0391	0.0	0.0	0.0	0.0	0.0	0.0	0.0	0.0	0.0	0.0	0.0	0.0	0.0	0.0	0.0	0.0	0.0	0.0	0.0	0.0	0.0	0.0	0.0	0.0	0.0	0.0	0.0	0.0	0.0	0.0	0.0	0.0	0.05273	0.0	0.0	0.0	0.0	0.0	0.0	0.0	0.0	0.0	0.0	0.0	0.0	0.0	0.0	0.0	0.0	0.0	0.0	0.0	0.0	0.0	0.0	0.0
s__Erysipelatoclostridium_ramosum	0	0.0	0.0	0.00055	0.0	0.129	0.0	0.0	0.0	0.0	0.0	0.0	0.0	0.0	0.0	0.0	0.0	0.0	0.0	0.0	0.0	0.0	0.0	0.0	0.0	0.0	0.0	0.0	0.0	0.0	0.0	0.0	0.0	0.0	0.0	0.0	0.0	0.0	0.0	0.0	0.0	0.0	0.0	0.0	0.0	0.0	0.0	0.0	0.0	0.0	0.0	0.0	0.0	0.0	0.0	0.0	0.0	0.0	0.0	0.0	0.0
s__Streptococcus_vestibularis	0	0.0	0.0	0.0	0.20676	0.0	0.0	0.0	0.0	0.0	0.0	0.0	0.0	0.0	0.0	0.0	0.0	0.0	0.0	0.0	0.0	0.0	0.0	0.0	0.0	0.0	0.0	0.0	0.0	0.0	0.0	0.0	0.0	0.0	0.0	0.0	0.0	0.0	0.0	0.0	0.0	0.0	0.0	0.0	0.0	0.0	0.0	0.0	0.0	0.0	0.0	0.0	0.0	0.0	0.0	0.0	0.0	0.0	0.0	0.0	0.0
s__Streptococcus_peroris	0	0.0	0.0	0.0	0.02958	0.0	0.0	0.0	0.0	0.0	0.0	0.0	0.0	0.0	0.0	0.0	0.0	0.0	0.0	0.0	0.0	0.0	0.0	0.0	0.0	0.0	0.0	0.0	0.0	0.0	0.0	0.0	0.0	0.0	0.0	0.0	0.0	0.0	0.0	0.0	0.0	0.0	0.0	0.0	0.0	0.0	0.0	0.0	0.0	0.0	0.0	0.0	0.0	0.0	0.0	0.0	0.0	0.0	0.0	0.0	0.0
s__Klebsiella_oxytoca	0	0.0	0.0	0.0	0.02729	0.27293	0.10672	0.0	0.0	0.0	0.0	0.0	0.0	0.0	0.0	0.0	0.0	0.0	0.0	0.0	0.0	0.0	0.0	0.0	0.0	0.0	0.0	0.0	0.0	0.0	0.0	0.0	0.0	0.0	0.0	0.0	0.0	0.0	0.0	0.0	0.0	0.0	0.0	0.0	0.0	0.0	0.0	0.0	0.0	0.0	0.0	0.0	0.0	0.0	0.0	0.0	0.0	0.0	0.0	0.0	0.0
s__Blautia_wexlerae	0	0.0	0.0	0.0	0.02051	0.02773	0.0	0.0	0.0	0.0	0.0	0.0	0.0	0.0	0.0	0.0	0.0	0.0	0.02705	0.0	0.0	0.0	0.0	0.0	0.0	0.0	0.0	0.0	0.04282	0.0	0.0	0.39361	0.0	0.0	0.0	0.0	0.0	0.0	0.0	0.0	0.0	0.03394	0.0	0.0	0.0	0.0	0.0	0.0	0.0	0.0	0.0	0.05546	0.0	0.0	0.0	0.0	0.0	0.0	0.0	0.0	0.00769
s__Actinomyces_sp_HPA0247	0	0.0	0.0	0.0	0.01859	0.0	0.0	0.0	0.0	0.0	0.0	0.0	0.0	0.0	0.0	0.0	0.0	0.0	0.0	0.0	0.0	0.0	0.0	0.0	0.0	0.0	0.0	0.0	0.0	0.0	0.0	0.0	0.0	0.0	0.0	0.0	0.0	0.0	0.0	0.0	0.0	0.0	0.0	0.0	0.0	0.0	0.0	0.0	0.0	0.0	0.0	0.0	0.0	0.0	0.0	0.0	0.0	0.0	0.0	0.0	0.0
s__Clostridium_bolteae_CAG_59	0	0.0	0.0	0.0	0.01299	0.0	0.0	0.0	0.0	0.0	0.0	0.0	0.0	0.0	0.0	0.0	0.0	0.0	0.0	0.0	0.0	0.0	0.0	0.0	0.0	0.0	0.0	0.0	0.0	0.0	0.0	0.0	0.0	0.0	0.0	0.0	0.0	0.0	0.0	0.0	0.0	0.0	0.0	0.0	0.0	0.0	0.0	0.0	0.0	0.0	0.0	0.0	0.0	0.0	0.0	0.0	0.0	0.0	0.0	0.0	0.0
s__Lactobacillus_agilis	0	0.0	0.0	0.0	0.01277	0.0	0.0	0.0	0.0	0.0	0.0	0.0	0.0	0.0	0.0	0.0	0.0	0.0	0.0	0.0	0.0	0.0	0.0	0.0	0.0	0.0	0.0	0.0	0.0	0.0	0.0	0.0	0.0	0.0	0.0	0.0	0.0	0.0	0.0	0.0	0.0	0.0	0.0	0.0	0.0	0.0	0.0	0.0	0.0	0.0	0.0	0.0	0.0	0.0	0.0	0.0	0.0	0.0	0.0	0.0	0.0
s__Veillonella_atypica	0	0.0	0.0	0.0	0.0	3.55535	0.0	0.0	0.0	0.0	0.0	0.0	0.0	0.0	0.0	0.09021	0.0	0.00526	0.0	0.0	0.0	0.0	0.22452	0.08391	0.1152	0.0028	0.0	0.0	0.0	0.0	0.0	0.0	0.0	0.0	0.0	0.0	0.0	0.0	0.0	0.0	0.0	0.0	0.0	0.0	0.0	0.0	0.0	0.39425	0.0	0.0	0.56137	0.0	0.0	0.15853	0.0	0.25467	0.0	0.0	0.0	0.17653	0.18427
s__Dialister_succinatiphilus	0	0.0	0.0	0.0	0.0	0.5332	0.0	0.0	0.0	0.0	0.33836	0.0	0.0	8.58405	0.0	0.97189	0.0	0.0	0.0	0.0	0.0	2.22671	1.05636	0.0	0.0	1.14083	0.0	0.0	0.0	0.0	0.97919	0.0	5.68813	8.49075	1.9395	0.0	0.0	3.05297	20.05831	4.8239	0.0	0.0	0.0	0.0	0.0	0.0	0.0	0.35229	0.0	0.0	0.0	0.0	0.0	0.10664	0.0	0.0	0.0	0.0	0.0	0.1365	0.0
s__Megasphaera_sp_DISK_18	0	0.0	0.0	0.0	0.0	0.43425	0.0	0.0	0.0	0.0	0.0	0.0	0.0	0.56916	0.0	0.0	0.0	0.0	0.0	0.0	0.0	0.0	0.0	0.0	0.0	0.0	0.0	0.0	0.0	0.0	0.0	0.0	0.0	0.0	0.0	0.0	0.0	0.0	0.0	0.0	0.0	0.0	0.0	0.0	0.0	0.0	0.0	0.0	0.0	0.0	0.0	0.0	0.0	0.0	0.0	0.0	0.0	0.0	0.0	0.0	0.0
s__Butyricicoccus_pullicaecorum	0	0.0	0.0	0.0	0.0	0.31086	0.0	0.0	0.0	0.0	0.0	0.0	0.0	0.0	0.0	0.0	0.0	0.0	0.0	0.0	0.0	0.0	0.0	0.0	0.0	0.0	0.0	0.0	0.0	0.0	0.0	0.0	0.0	0.0	0.0	0.0	0.0	0.0	0.0	0.0	0.0	0.0	0.0	0.0	0.0	0.0	0.0	0.0	0.0	0.0	0.0	0.0	0.0	0.0	0.0	0.0	0.0	0.0	0.0	0.0	0.0
s__Megamonas_funiformis	0	0.0	0.0	0.0	0.0	0.22565	0.0	0.0	0.0	0.0	0.0	0.0	0.0	0.0	0.0	0.0	0.0	0.20414	0.48931	0.0	0.0	0.0	0.0	0.0	0.15466	0.07869	0.26655	0.0	0.0	0.0	0.0	0.0	0.0	0.0	0.0	0.0	0.0	0.0	0.03666	0.0	0.0	0.0	0.0	0.0	1.63396	0.0	0.0	0.0237	0.0	0.0	0.0	0.0	0.0	0.0	0.0	0.0	0.0	0.0	0.0	0.03694	0.0
s__Veillonella_tobetsuensis	0	0.0	0.0	0.0	0.0	0.07192	0.0	0.0	0.0	0.0	0.0	0.0	0.0	0.0	0.0	0.0	0.0	0.0	0.0	0.0	0.0	0.0	0.02721	0.0	0.0	0.0	0.0	0.0	0.0	0.0	0.0	0.0	0.0	0.0	0.0	0.0	0.0	0.0	0.0	0.0	0.0	0.0	0.0	0.0	0.0	0.0	0.0	0.0	0.0	0.0	0.0	0.0	0.0	0.0	0.0	0.0	0.0	0.0	0.0	0.0	0.0
s__Ruminococcus_bicirculans	0	0.0	0.0	0.0	0.0	0.06238	0.0	0.0	0.0	0.28427	0.0	0.0	1.30858	0.0	0.0	0.37382	0.0	0.01765	0.0	0.0	0.00342	0.90413	0.0	0.17207	0.0	0.0	0.0	0.0	0.13797	0.0	0.0	0.0	0.0	0.0	2.0714	0.06955	0.0	0.0	0.0	0.0	0.0	0.14991	0.0	0.0	0.0	0.0	0.0	0.0	0.0	0.0	0.0	0.66254	0.0	0.0	0.0	0.0	0.0	0.0	0.0	0.0	0.2605
s__Veillonella_rogosae	0	0.0	0.0	0.0	0.0	0.05522	0.0	0.0	0.0	0.0	0.0	0.0	0.0	0.0	0.0	0.0	0.0	0.0	0.0	0.0	0.0	0.0	0.0	0.0	0.0	0.0	0.0	0.0	0.0	0.0	0.0	0.0	0.0	0.0	0.0	0.0	0.0	0.0	0.0	0.0	0.0	0.0	0.0	0.0	0.0	0.0	0.0	0.0	0.0	0.0	0.0	0.0	0.0	0.0	0.0	0.0	0.0	0.0	0.0	0.0	0.0
s__Bifidobacterium_ruminantium	0	0.0	0.0	0.0	0.0	0.04492	0.0	0.0	0.0	0.1396	0.0	0.0	0.0	0.0	0.0	0.0	0.0	0.0	0.0	0.0	0.0	0.0	0.89154	0.0	0.0	0.0	0.0	0.0	1.88864	0.0	0.119	0.0	0.36568	0.0	0.0	0.0	0.0	0.0	0.0	0.44776	0.0	2.03959	0.0	0.11884	0.01148	0.0	0.0	0.0	0.0	0.0	0.0	0.0	0.0	0.0	0.0	0.0	0.0	0.0	0.0	0.0	0.0
s__Megamonas_hypermegale	0	0.0	0.0	0.0	0.0	0.02677	0.0	0.0	0.0	0.0	0.0	0.0	0.0	0.04622	0.0	0.0	0.0	0.0	0.02458	0.0	0.0	0.0	0.0	0.0	0.0	0.0	0.0	0.0	0.0	0.0	0.0	0.0	0.0	0.0	0.0	0.0	0.0	0.0	0.04788	0.0	0.0	0.0	0.0	0.0	0.24321	0.0	0.0	0.0	0.0	0.0	0.0	0.0	0.0	0.0	0.0	0.0	0.0	0.0	0.0	0.0266	0.0
s__Anaerotruncus_colihominis	0	0.0	0.0	0.0	0.0	0.02501	0.0	0.0	0.0	0.0	0.0	0.0	0.0	0.0	0.0	0.0	0.0	0.0	0.0	0.0	0.0	0.0	0.0	0.0	0.0	0.0	0.0	0.0	0.0	0.0	0.0	0.0	0.0	0.0	0.0	0.0	0.0	0.0	0.0	0.0	0.0	0.0	0.0	0.0	0.0	0.0	0.0	0.0	0.0	0.0	0.0	0.0	0.0	0.0	0.0	0.0	0.0	0.0	0.0	0.0	0.0
s__Alistipes_onderdonkii	0	0.0	0.0	0.0	0.0	0.01389	0.0	0.0	0.0	0.0	0.0	0.0	0.0	0.01796	0.0	0.0	0.0	0.0	0.0	0.0	0.0	0.0	0.0	0.0	0.0	0.0	0.0	0.0	0.0	0.0	0.0	0.0	0.0	0.20612	0.0	0.0	0.0	0.0	0.0	0.0	0.0	0.0	0.01704	0.0	0.0	0.0	0.0	0.0	0.66848	0.67478	0.0	0.0	0.0	0.23483	0.39664	0.0	0.0	0.41135	0.52905	0.40639	0.0
s__Actinomyces_sp_ICM47	0	0.0	0.0	0.0	0.0	0.01154	0.0	0.0	0.0	0.0	0.0	0.0	0.0	0.0	0.0	0.0	0.0	0.0	0.0	0.0	0.0	0.0	0.0	0.0	0.0	0.0	0.0	0.0	0.0	0.0	0.0	0.0	0.0	0.0	0.0	0.0	0.0	0.0	0.0	0.0	0.0	0.0	0.0	0.0	0.0	0.0	0.0	0.0	0.0	0.0	0.0	0.0	0.0	0.0	0.0	0.0	0.0	0.0	0.0	0.0	0.0
s__Olsenella_scatoligenes	0	0.0	0.0	0.0	0.0	0.00977	0.0	0.0	0.0	0.97637	0.00688	0.32282	0.0	0.0	0.0	0.01211	0.0	0.0	0.0	0.0	0.0	0.0	0.09314	0.09349	0.0	0.0	0.0	0.0	2.14563	0.0	0.0	0.20413	0.30505	0.0	0.07096	0.06066	0.0	0.0	0.0	0.38124	0.27885	1.70838	0.0	0.0	0.0	0.0	0.0	0.0	0.0	0.0	0.0	0.0	0.0	0.0	0.0	0.0	0.0	0.0	0.0	0.0	0.0
s__Citrobacter_farmeri	0	0.0	0.0	0.0	0.0	0.0	0.04092	0.0	0.0	0.0	0.0	0.0	0.0	0.0	0.0	0.0	0.0	0.0	0.0	0.0	0.0	0.0	0.0	0.0	0.0	0.0	0.0	0.0	0.0	0.0	0.0	0.0	0.0	0.0	0.0	0.0	0.0	0.0	0.0	0.0	0.0	0.0	0.0	0.0	0.0	0.0	0.0	0.0	0.0	0.0	0.0	0.0	0.0	0.0	0.0	0.0	0.0	0.0	0.0	0.0	0.0
s__Providencia_rettgeri	0	0.0	0.0	0.0	0.0	0.0	0.03315	0.0	0.0	0.0	0.0	0.0	0.0	0.0	0.0	0.0	0.0	0.0	0.0	0.0	0.0	0.0	0.0	0.0	0.0	0.0	0.0	0.0	0.0	0.0	0.0	0.0	0.0	0.0	0.0	0.0	0.0	0.0	0.0	0.0	0.0	0.0	0.0	0.0	0.0	0.0	0.0	0.0	0.0	0.0	0.0	0.0	0.0	0.0	0.0	0.0	0.0	0.0	0.0	0.0	0.0
s__Lactobacillus_paragasseri	0	0.0	0.0	0.0	0.0	0.0	0.0	0.01748	0.0	0.0	0.0	0.0	0.0	0.0	0.0	0.0	0.0	0.0	0.0	0.0	0.0	0.0	0.0	0.0	0.0	0.0	0.0	0.0	0.0	0.0	0.0	0.0	0.0	0.0	0.0	0.0	0.0	0.0	0.0	0.0	0.0	0.0	0.0	0.0	0.0	0.0	0.0	0.0	0.0	0.0	0.0	0.0	0.12664	0.0	0.0	0.0	0.0	0.01778	0.0	0.0	0.0
s__Bacteroides_coprocola	0	0.0	0.0	0.0	0.0	0.0	0.0	0.00282	0.0	0.0	0.0	0.0	0.0	0.0	0.0	0.0	0.0	0.0	0.0	0.0	0.0	0.0	0.04174	0.0	0.0	0.0	0.0	0.0	0.0	0.0	0.0	0.0	0.0	0.0	0.0	0.0	0.0	0.0	0.0	0.0	0.0	0.0	0.0	0.0	0.03584	0.0	0.0	0.0	0.0	0.0	0.0	0.0	0.00753	0.0	0.0	0.0	0.0	0.0	0.0	0.0	0.0
s__Methanobrevibacter_smithii	0	0.0	0.0	0.0	0.0	0.0	0.0	0.0	19.73944	6.0529	0.0	3.91161	0.0	0.0	0.0	0.0	0.37419	0.0	0.0	0.0	0.57571	0.0	0.0	0.0	0.0	0.0	0.0	0.0	0.0	0.0	0.0	0.0	0.0	0.0	0.0	0.2615	0.0	0.0	0.0	0.0	0.63353	0.0	0.0	0.0	0.0	0.01149	7.35236	0.19662	0.5279	0.47314	0.17853	0.91338	0.0	0.34405	0.71767	0.06709	7.25853	0.28251	0.29173	0.21462	0.59617
s__Prevotella_nigrescens	0	0.0	0.0	0.0	0.0	0.0	0.0	0.0	3.25128	0.0	0.0	0.0	0.0	0.0	0.0	0.17807	0.0	0.0	0.0	0.0	0.0	0.0	0.0	0.0	0.0	0.0	0.0	0.0	0.0	0.0	0.0	0.0	0.0	0.0	0.0	0.0	0.0	0.0	0.0	0.0	0.0	0.0	0.0	0.0	0.0	0.0	0.0	0.47753	0.0	0.0	0.0	0.0	0.0	0.16153	0.0	0.0	0.0	0.0	0.0	0.24612	0.00969
s__Porphyromonas_endodontalis	0	0.0	0.0	0.0	0.0	0.0	0.0	0.0	2.49325	0.0	0.0	0.0	0.0	0.0	0.0	0.0	0.0	0.0	0.0	0.0	0.0	0.0	0.0	0.0	0.0	0.0	0.0	0.0	0.0	0.0	0.0	0.0	0.0	0.0	0.0	0.0	0.0	0.0	0.0	0.0	0.0	0.0	0.0	0.0	0.0	0.0	0.0	0.89946	0.0	0.0	0.0	0.0	0.0	0.43578	0.0	0.0	0.0	0.0	0.0	0.54677	0.10178
s__Clostridium_sp_CAG_964	0	0.0	0.0	0.0	0.0	0.0	0.0	0.0	2.07311	0.0	0.0	0.0	0.0	0.0	0.0	0.0	0.0	0.0	0.0	0.0	0.0	0.0	0.0	0.0	0.0	0.0	0.0	0.0	0.0	0.0	0.0	0.0	0.0	0.0	0.0	0.0	0.0	0.0	0.0	0.0	0.0	0.0	0.0	0.0	0.0	0.0	0.0	0.0	0.0	0.0	0.0	0.0	0.0	0.0	0.07117	0.0	0.0	0.0	0.0	0.0	0.0
s__Dialister_pneumosintes	0	0.0	0.0	0.0	0.0	0.0	0.0	0.0	1.5376	0.0	0.0	0.0	0.0	0.0	0.0	0.0	0.0	0.0	0.0	0.0	0.0	0.0	0.0	0.0	0.0	0.0	0.0	0.0	0.0	0.0	0.0	0.0	0.0	0.0	0.0	0.0	0.0	0.0	0.0	0.0	0.0	0.0	0.0	0.0	0.0	0.0	0.0	0.81918	0.0	0.1653	0.0	0.0	0.0	0.44691	0.35538	0.0	0.0	0.0	0.0	0.47493	0.07196
s__Prevotella_sp_CAG_5226	0	0.0	0.0	0.0	0.0	0.0	0.0	0.0	0.23478	0.0	0.0	1.31634	1.15589	0.0	0.0	0.0	7.7555	0.0	0.0	0.0	2.24856	0.0	0.0	0.0	13.5502	0.0	0.0	6.64838	0.0	7.15372	0.0	0.0	0.0	0.29926	0.0	1.01217	0.0	0.0	0.0	0.0	0.0	0.0	0.0	0.0	0.0	1.52298	0.0	0.0	0.0	0.25668	2.31389	0.0	0.0	0.0	0.68724	1.10252	0.0	0.0	0.0	0.0	1.01751
s__Ruminococcus_sp_CAG_563	0	0.0	0.0	0.0	0.0	0.0	0.0	0.0	0.18922	0.0	0.0	0.0	0.0	0.0	0.0	0.0	0.0	0.0	0.0	0.0	0.17465	0.0	0.15402	0.0	0.0	0.0	0.0	0.0	0.0	0.0	0.0	0.0	0.0	0.0	0.0	0.0	0.29442	0.0	0.0	0.0	0.0	0.0	0.0	0.0	0.0	0.0	0.0	0.0	0.0	0.0	0.0	0.01187	0.0	0.0	0.0	0.0	0.0	0.0	0.0	0.0	0.03955
s__Mogibacterium_diversum	0	0.0	0.0	0.0	0.0	0.0	0.0	0.0	0.16843	0.0	0.0	0.0	0.0	0.0	0.0	0.0	0.0	0.0	0.0	0.0	0.0	0.0	0.0	0.0	0.0	0.0	0.0	0.0	0.0	0.0	0.0	0.0	0.0	0.0	0.0	0.0	0.0	0.0	0.0	0.0	0.0	0.0	0.0	0.0	0.0	0.0	0.0	0.0	0.0	0.0	0.0	0.0	0.0	0.0	0.0	0.0	0.0	0.0	0.0	0.0	0.0
s__Firmicutes_bacterium_CAG_238	0	0.0	0.0	0.0	0.0	0.0	0.0	0.0	0.04188	0.0	0.0	0.0	0.0	0.0	0.0	0.0	0.0	0.0	0.0	0.0	0.0	0.0	0.0	0.0	0.0	0.0	0.0	0.0	0.0	0.0	0.0	0.0	0.0	0.14676	0.0	0.0	0.0	0.0	0.0	0.0	0.0	0.0	0.0	0.0	0.0	0.0	0.0	0.0	0.15238	0.12231	0.32239	0.03739	0.0	0.09724	0.27573	0.17611	0.0	0.0639	0.07664	0.07457	0.15964
s__Bacteroides_cellulosilyticus	0	0.0	0.0	0.0	0.0	0.0	0.0	0.0	0.0395	0.0	0.0	0.0	0.02566	0.0	0.0	0.0	0.0	0.0	0.0	0.0	0.0	0.0	0.0	0.1557	0.0	0.0	0.0	0.0	0.0	0.0	0.0	0.0	0.0	0.0	0.02704	0.14743	0.0	0.0	0.0	0.0	0.0	0.0	0.0	0.0	0.0	0.0	2.49345	0.0	0.0	0.0	0.0	0.0	0.0	0.0	0.0	0.0	2.25243	0.0	0.0	0.0	0.0
s__Desulfovibrionaceae_bacterium	0	0.0	0.0	0.0	0.0	0.0	0.0	0.0	0.00957	0.0	0.0	0.0	0.0	0.0	0.0	0.0	0.0	0.0	0.0	0.0	0.0	0.0	0.0	0.0	0.0	0.0	0.0	0.0	0.0	0.0	0.0	0.0	0.0	0.0	0.0	0.0	0.0	0.0	0.0	0.0	0.0	0.0	0.0	0.0	0.0	0.0	0.0	0.0	0.0	0.0	0.0	0.0	0.0	0.0	0.0	0.0	0.0	0.0	0.0	0.0	0.0
s__Alistipes_inops	0	0.0	0.0	0.0	0.0	0.0	0.0	0.0	0.0	6.83359	0.0	0.0	0.0	0.0	0.0	0.0	0.0	0.0	0.0	0.0	0.0	0.0	0.0	0.0	0.0	0.0	0.0	0.0	0.0	0.0	0.0	0.0	0.0	0.0	0.0	0.0	0.0	0.0	0.0	0.0	0.0	0.0	0.0	0.0	0.0	0.0	0.0	0.0	0.0	0.0	0.0	0.0	0.0	0.0	0.0	0.0	0.0	0.0	0.0	0.0	0.0
s__Alistipes_finegoldii	0	0.0	0.0	0.0	0.0	0.0	0.0	0.0	0.0	1.49305	0.10108	0.0	0.17508	0.0	0.0	0.0	0.00606	0.0	0.0	0.0	0.0	0.0	0.01593	0.0	0.0	0.0	0.0	0.0	0.14516	0.0	0.0	0.0	0.0	0.00632	1.01851	0.0	0.0	0.0	0.0	0.0	0.0	0.11965	0.00209	0.0	0.00267	0.0	0.0	0.0	0.28375	0.19309	0.0	0.0	0.0	0.1534	0.09753	0.0	0.0	0.20557	0.19009	0.12372	0.0
s__Desulfovibrio_legallii	0	0.0	0.0	0.0	0.0	0.0	0.0	0.0	0.0	0.94967	0.0	0.0	0.0	0.0	0.0	0.0	0.0	0.0	0.0	0.0	0.0	0.0	0.0	0.0	0.0	0.0	0.0	0.0	0.0	0.0	0.0	0.0	0.0	0.0	0.0	0.0	0.0	0.0	0.0	0.0	0.0	0.0	0.0	0.0	0.0	0.0	0.0	0.0	0.0	0.0	0.0	0.0	0.0	0.0	0.0	0.0	0.0	0.0	0.0	0.0	0.0
s__Bacteroides_salyersiae	0	0.0	0.0	0.0	0.0	0.0	0.0	0.0	0.0	0.90493	0.0	0.0	2.55609	0.0	0.0	0.0	0.0	0.0	0.0	0.0	0.0	0.0	0.0	0.0	0.0	0.0	0.0	0.0	0.0	0.0	0.0	0.0	0.0	0.0	0.0	0.0	0.0	0.0	0.0	0.0	0.0	0.0	0.0	0.0	0.0	0.0	0.0	0.18882	0.0	0.0	0.0	0.0	0.0	0.06509	0.0	0.0	0.0	0.0	0.0	0.08542	0.0
s__Mitsuokella_multacida	0	0.0	0.0	0.0	0.0	0.0	0.0	0.0	0.0	0.35383	0.0	14.87293	0.00507	2.18985	0.0	2.04268	0.0	0.0	0.0	0.02719	0.005	2.45278	0.00858	0.0	0.0	0.0	0.0	0.77294	6.58793	0.0	0.0	0.11087	0.03984	0.0	0.0	6.03051	0.0	0.0	0.02055	0.0037	0.0	6.18794	0.0	2.53942	0.0	4.18196	0.0	0.0	0.0	0.0	0.0	0.0	0.0	0.0	0.0	0.0	0.0	0.0	0.0	0.0	0.0
s__Alistipes_indistinctus	0	0.0	0.0	0.0	0.0	0.0	0.0	0.0	0.0	0.26672	0.00217	0.0	3.19228	0.23173	0.0	0.0	0.0	0.0	0.0	0.0	0.0	0.0	0.0	0.0	0.0	0.0	0.0	0.0	0.0	0.0	0.0	0.57081	0.0	0.0	0.05101	0.0	0.0	0.0	0.02064	0.0	0.0	0.0	0.1835	0.0	0.0	0.0	0.0	0.0	0.0	0.0	0.0	0.0	0.0	0.0	0.0	0.0	0.0	0.0	0.0	0.0	0.0
s__Holdemanella_biformis	0	0.0	0.0	0.0	0.0	0.0	0.0	0.0	0.0	0.2242	0.0	0.0	0.0	0.0	0.00642	0.0	0.0	0.02558	0.0	0.0	0.0	0.00438	0.0	0.0	0.71611	0.00614	0.0	0.0	0.0	0.0	0.0	0.0	0.0	0.0	0.0	0.0	0.0	0.0	0.0	0.0	0.0	0.0	0.0	0.17975	0.0	0.0	0.0	0.2445	0.03294	0.0	0.0	0.35232	0.0	0.12629	0.00852	0.0	0.0	0.00326	0.0	0.12401	0.19873
s__Firmicutes_bacterium_CAG_83	0	0.0	0.0	0.0	0.0	0.0	0.0	0.0	0.0	0.0132	0.0238	0.0	0.66718	0.98584	0.0	0.0	0.05704	0.0	0.0	0.0	0.02167	0.0	0.0	0.3546	0.0	0.04307	0.0	0.0	0.03318	0.0	0.0	1.236	0.09352	0.88217	1.02316	0.24079	0.21584	0.0	0.00442	0.07781	0.0341	0.0	0.0	0.01134	0.39665	0.01215	0.0	0.0	0.0	0.0	0.0	1.40568	0.0	0.01157	0.01275	0.0	0.0	0.0	0.0	0.00534	0.75197
s__Ruminococcus_sp_CAG_488	0	0.0	0.0	0.0	0.0	0.0	0.0	0.0	0.0	0.0	1.40294	0.0	0.0	0.0	0.0	0.0	0.0	0.0	0.0	0.0	0.04271	0.0	0.0	0.0	0.0	0.0	0.0	0.0	0.0	0.0	0.0	0.0	0.0	0.0	0.0	0.50432	0.0	0.0	0.0	0.0	0.0	0.0	0.0	0.0	0.0	0.0	2.87736	0.22632	0.0	0.0	0.0	6.04063	0.0	0.09146	0.0	0.0	2.75893	0.0	0.0	0.11328	2.77101
s__Prevotella_sp_AM42_24	0	0.0	0.0	0.0	0.0	0.0	0.0	0.0	0.0	0.0	0.6015	0.9759	0.0	0.66671	0.0	0.0	0.0	0.0	0.0	0.0	6.34547	0.0	0.0	0.0	0.0	0.0	2.50676	9.46985	0.0	2.42708	0.0	1.10536	0.0	0.0	0.0	0.0	2.1583	0.0	0.0	0.0	0.0	0.0	0.0	3.45132	0.0	7.90176	0.02025	1.89779	0.0	0.0	0.03175	0.19092	0.0	1.07671	0.0	0.02398	0.07369	0.0	0.0	1.33615	0.55817
s__Eubacterium_sp_OM08_24	0	0.0	0.0	0.0	0.0	0.0	0.0	0.0	0.0	0.0	0.16642	0.0	0.0	0.0	0.0	0.0	0.0	0.0	0.0	0.0	0.0	0.0	0.0	0.0	0.0	0.0	0.0	0.0	0.0	0.0	0.0	0.0	0.0	0.0	0.02377	0.0	0.0	0.0	0.0	0.0	0.06067	0.0	0.0	0.0	0.0	0.0	0.0	0.0	0.0	0.0	0.0	0.0	0.0	0.0	0.0	0.0	0.0	0.0	0.0	0.0	0.0
s__Ruminococcus_lactaris	0	0.0	0.0	0.0	0.0	0.0	0.0	0.0	0.0	0.0	0.11695	0.0	0.0	0.0	0.0	0.0	0.0	0.0	0.0	0.0	0.0	0.0	0.01139	0.0	0.0	0.0	0.0	0.0	0.0	0.0	0.0	0.18177	0.0	0.0	0.0	0.0	0.0	0.0	0.0	0.0	0.0	0.0	0.0	0.0	0.0	0.0	0.0	0.0	0.0	0.0	0.0	0.0	0.0	0.0	0.0	0.0	0.0	0.0	0.0	0.0	0.0
s__Gemella_morbillorum	0	0.0	0.0	0.0	0.0	0.0	0.0	0.0	0.0	0.0	0.06999	0.0	0.0	0.0	0.0	0.0	0.0	0.0	0.0	0.0	0.0	0.0	0.0	0.0	0.0	0.0	0.0	0.0	0.0	0.0	0.0	0.0	0.0	0.0	0.0	0.0	0.0	0.0	0.0	0.0	0.0	0.0	0.0	0.0	0.0	0.0	0.0	0.0	0.0	0.0	0.0	0.0	0.0	0.00655	0.0	0.0	0.0	0.0	0.0	0.0	0.0
s__Desulfovibrio_piger	0	0.0	0.0	0.0	0.0	0.0	0.0	0.0	0.0	0.0	0.06242	0.0	0.0	0.0	0.0	0.0	0.0	0.0	0.0	0.10086	0.0	0.0	0.0	0.0	0.0	0.0	0.0	0.0	0.0	0.0	0.05036	0.0	0.0	1.1927	0.0	0.0	0.0	0.0	0.0	0.0	0.0	0.0	0.0	0.0	0.0	0.19402	0.0	0.0	0.08795	0.37898	0.34465	0.4962	0.0	0.23606	0.43669	0.19634	0.0	0.11144	0.05284	0.16486	0.38468
s__Fusobacterium_varium	0	0.0	0.0	0.0	0.0	0.0	0.0	0.0	0.0	0.0	0.02789	0.0	0.0	0.0	0.0	0.0	0.0	0.0	0.0	0.0	0.0	0.0	0.0	0.12338	0.0	0.0	0.0	0.0	0.0	0.0	0.0	0.0	0.0	0.0	0.0	0.0	0.0	0.0	0.0	0.0	0.0	0.0	0.0	0.0	0.0	0.0	0.0	0.0	0.0	0.0	0.0	0.0	0.0	0.0	0.0	0.0	0.0	0.0	0.0	0.0	0.0
s__Intestinimonas_butyriciproducens	0	0.0	0.0	0.0	0.0	0.0	0.0	0.0	0.0	0.0	0.02204	0.55327	0.25517	0.0	0.0	0.0	0.0	0.0	0.0	0.0	0.0	0.0	0.0	0.0	0.0	0.0	0.0	0.0	0.0	0.0	0.0	0.0	0.0	0.0	0.09649	0.0	0.0	0.0	0.0	0.0	0.0	0.0	0.0	0.0	0.0	0.0	0.0	0.18751	0.0	0.0	0.25404	0.0	0.0	0.13724	0.00599	0.12523	0.0	0.0	0.0	0.13152	0.13489
s__Catenibacterium_mitsuokai	0	0.0	0.0	0.0	0.0	0.0	0.0	0.0	0.0	0.0	0.02022	0.23918	0.0	0.0	0.0	0.0	0.0	0.0	0.01699	0.07043	0.08881	0.30588	0.0799	0.0	0.06916	0.0	0.0	0.04305	0.0	0.21677	0.0	0.92135	0.0	0.0	0.0	0.0	0.0	0.0	0.0	0.0	0.0	0.0	0.0	0.13566	0.01373	0.13002	0.12981	0.0	0.0271	0.04065	0.05272	0.38542	0.0	0.0	0.05451	0.02513	0.15398	0.0	0.0	0.0	0.22908
s__Roseburia_intestinalis	0	0.0	0.0	0.0	0.0	0.0	0.0	0.0	0.0	0.0	0.01533	0.0	0.0	0.0	0.0	0.25577	0.0854	0.0	0.01845	0.0	0.0	0.19796	0.0	3.3992	0.0	0.0269	0.0	0.2868	0.10362	0.0	0.0	1.98425	0.0	0.0	0.18476	0.47816	0.0	0.0	0.0	0.0	0.05585	0.1392	0.0	0.078	0.0	0.01791	0.0	0.0	0.0	0.0	0.0	0.0	0.0	0.0	0.0	0.0	0.0	0.0	0.0	0.0	0.0
s__Bifidobacterium_kashiwanohense	0	0.0	0.0	0.0	0.0	0.0	0.0	0.0	0.0	0.0	0.00437	0.0	0.0	0.0	0.0	0.0	0.0	0.0	0.0	0.0	0.0	0.0	0.0	0.00606	0.0	0.0	0.0	0.0	0.0	0.0	0.0	0.0	0.0	0.0	0.0	0.0	0.0	0.0	0.0	0.0	0.0	0.0	0.0	0.0	0.0	0.0	0.0	0.0	0.0	0.0	0.0	0.0	0.0	0.0	0.0	0.0	0.0	0.0	0.0	0.0	0.0
s__Mitsuokella_jalaludinii	0	0.0	0.0	0.0	0.0	0.0	0.0	0.0	0.0	0.0	0.00303	0.0222	0.0	0.0	0.0	0.0	0.0	0.0	0.0	0.43328	0.09962	0.27138	0.0	0.0	0.0	0.0	0.0	0.0	0.0	0.0	0.0	0.0	0.20152	0.07949	0.0	0.0	0.0	0.0	0.15256	0.27064	0.0	0.0	0.0	0.30526	0.0	0.05506	0.0	0.0	0.0	0.0	0.0	0.0	0.0	0.0	0.0	0.0	0.0	0.0	0.0	0.0	0.0
s__Prevotella_sp_CAG_873	0	0.0	0.0	0.0	0.0	0.0	0.0	0.0	0.0	0.0	0.0	7.18833	0.0	0.0	0.0	0.0	0.0	0.0	0.0	0.0	0.0	0.0	0.0	0.0	0.0	0.0	0.0	0.0	0.0	0.0	0.0	0.0	0.0	0.0	0.0	0.0	0.0	0.0	0.0	0.0	0.0	0.0	0.0	1.45984	0.0	0.0	0.0	0.0	0.0	0.0	0.0	0.0	0.0	0.0	0.0	0.0	0.0	0.0	0.0	0.0	0.0
s__Acidaminococcus_sp_CAG_542	0	0.0	0.0	0.0	0.0	0.0	0.0	0.0	0.0	0.0	0.0	4.52673	0.0	0.0	0.0	0.0	0.0	0.0	0.0	0.0	0.0	0.0	0.0	0.0	0.0	0.0	0.0	0.0	0.78763	0.0	0.0	0.0	0.0	0.0	0.0	0.0	0.0	0.0	0.0	0.0	0.0	0.94821	0.0	0.0	0.0	0.0	0.0	0.0	0.0	0.0	0.0	0.0	0.0	0.0	0.0	0.0	0.0	0.0	0.0	0.0	0.0
s__Firmicutes_bacterium_CAG_791	0	0.0	0.0	0.0	0.0	0.0	0.0	0.0	0.0	0.0	0.0	1.04148	0.0	0.0	0.0	0.0	0.0	0.0	0.0	0.0	0.0	0.0	0.0	0.0	0.0	0.0	0.0	0.0	0.0	0.15394	0.0	0.0	0.0	0.0	0.0	0.0	0.0	0.0	0.0	0.0	0.0	0.0	0.0	0.2216	0.0	0.0	2.99887	0.0	0.0	0.0	0.0	3.29779	0.0	0.0	0.0	0.0	3.11299	0.0	0.0	0.0	1.79389
s__Fusobacterium_nucleatum	0	0.0	0.0	0.0	0.0	0.0	0.0	0.0	0.0	0.0	0.0	1.0212	0.0	0.0	0.0	0.0	0.0	0.0	0.0	0.0	0.0	0.0	0.0	0.0	0.0	0.0	0.0	0.0	0.0	0.0	0.0	0.0	0.0	0.0	0.0	0.0	0.0	0.0	0.0	0.0	0.0	0.0	0.0	0.0	0.0	0.0	0.0	0.06626	0.0	0.0	0.0	0.0	0.0	0.06445	0.0	0.0	0.0	0.0	0.0	0.04337	0.0
s__Solobacterium_moorei	0	0.0	0.0	0.0	0.0	0.0	0.0	0.0	0.0	0.0	0.0	0.68947	0.0	0.0	0.0	0.0	0.0	0.0	0.0	0.0	0.0	0.0	0.0	0.0	0.0	0.0	0.0	0.0	0.0	0.0	0.0	0.0	0.0	0.0	0.0	0.0	0.0	0.0	0.0	0.0	0.0	0.0	0.0	0.0	0.0	0.0	0.0	0.01109	0.0	0.0	0.0	0.0	0.0	0.01662	0.0	0.0	0.0	0.0	0.0	0.00494	0.0
s__Prevotella_sp_CAG_1092	0	0.0	0.0	0.0	0.0	0.0	0.0	0.0	0.0	0.0	0.0	0.41027	0.0	0.0	0.0	0.0	0.0	0.0	0.0	0.0	0.0	0.3914	0.0	0.0	0.0	0.0	0.0	0.0	0.0	0.06174	0.0	0.0	0.0	0.0	0.0	0.0	0.15185	0.0	0.0	0.0	0.0	0.0	0.0	0.23157	0.0	0.0502	24.2257	0.06098	0.0	0.0	0.55507	0.13047	0.0	0.00903	0.03988	0.21387	21.96925	0.0	0.0	0.01154	0.23875
s__Acidaminococcus_fermentans	0	0.0	0.0	0.0	0.0	0.0	0.0	0.0	0.0	0.0	0.0	0.05805	0.0	0.0	0.0	0.0	0.0	0.0	0.0	0.0	0.0	0.0	0.0	0.0	0.0	0.0	0.0	0.0	0.0	0.0	0.0	0.0	0.0	0.0	0.0	0.0	0.0	0.0	0.0	0.0	0.0	0.0	0.0	0.0	0.0	0.0	0.0	0.0	0.0	0.0	0.0	0.0	0.0	0.0	0.0	0.0	0.0	0.0	0.0	0.0	0.0
s__Fusobacterium_naviforme	0	0.0	0.0	0.0	0.0	0.0	0.0	0.0	0.0	0.0	0.0	0.03577	0.0	0.0	0.0	0.0	0.0	0.0	0.0	0.0	0.0	0.0	0.0	0.0	0.0	0.0	0.0	0.0	0.0	0.0	0.0	0.0	0.0	0.0	0.0	0.0	0.0	0.0	0.0	0.0	0.0	0.0	0.0	0.0	0.0	0.0	0.0	0.0	0.0	0.0	0.0	0.0	0.0	0.0	0.0	0.0	0.0	0.0	0.0	0.0	0.0
s__Cetobacterium_somerae	0	0.0	0.0	0.0	0.0	0.0	0.0	0.0	0.0	0.0	0.0	0.02348	0.0	0.0	0.0	0.0	0.0	0.0	0.0	0.0	0.0	0.0	0.0	0.0	0.0	0.0	0.0	0.0	0.0	0.0	0.0	0.0	0.0	0.0	0.0	0.0	0.0	0.0	0.0	0.0	0.0	0.0	0.0	0.0	0.0	0.0	0.0	0.0	0.0	0.0	0.0	0.0	0.0	0.0	0.0	0.0	0.0	0.0	0.0	0.0	0.0
s__Barnesiella_intestinihominis	0	0.0	0.0	0.0	0.0	0.0	0.0	0.0	0.0	0.0	0.0	0.0	13.58181	0.0	0.0	0.0	0.0	0.0	0.0	0.0	0.0	0.0	0.0	0.0	0.0	0.0	0.0	0.0	0.28367	0.0	0.0	0.0	0.04059	0.0	3.02869	0.0	0.0	0.0	0.0	0.04358	0.0	0.31879	0.0	0.0	0.01148	0.01433	0.0	0.0	0.02612	0.0	0.0	0.0	0.0	0.0276	0.0	0.0	0.0	0.0	0.01966	0.03065	0.0
s__Butyricimonas_synergistica	0	0.0	0.0	0.0	0.0	0.0	0.0	0.0	0.0	0.0	0.0	0.0	0.66489	0.0	0.0	0.0	0.0	0.0	0.0	0.0	0.0	0.0	0.25018	0.0	0.0	0.0	0.0	0.0	0.0	0.0	0.0	0.0	0.0	0.0	0.0	0.0	0.0	0.0	0.0	0.0	0.0	0.0	0.0	0.0	0.05667	0.0	0.0	0.0	0.0	0.0	0.0	0.0	0.0	0.0	0.0	0.0	0.0	0.0	0.0	0.0	0.0
s__Lawsonibacter_asaccharolyticus	0	0.0	0.0	0.0	0.0	0.0	0.0	0.0	0.0	0.0	0.0	0.0	0.03152	0.0	0.0	0.0	0.0	0.0	0.0	0.0	0.0	0.0	0.0	0.0	0.0	0.0	0.0	0.0	0.0	0.0	0.0	0.0	0.0	0.0	0.0	0.0	0.0	0.0	0.0	0.0	0.0	0.0	0.0	0.0	0.0	0.0	0.0	0.0	0.0	0.0	0.0	0.0	0.0	0.0	0.0	0.0	0.0	0.0	0.0	0.0	0.0
s__Prevotella_sp_885	0	0.0	0.0	0.0	0.0	0.0	0.0	0.0	0.0	0.0	0.0	0.0	0.0	6.2955	0.0	0.0	0.0	0.0	9.26992	0.0	0.0	4.25004	0.0	0.0	0.0	0.0	0.0	4.7674	0.0	2.77877	0.0	0.0	0.0	0.0	0.0	0.43939	0.0	0.0	0.0	0.0	0.0	0.0	0.0	1.82746	0.0	0.0	0.96428	7.1897	0.0	0.0	2.61595	0.24014	0.0	3.97263	0.0	1.20863	0.98378	0.0	0.0	4.22922	2.42117
s__Pluralibacter_gergoviae	0	0.0	0.0	0.0	0.0	0.0	0.0	0.0	0.0	0.0	0.0	0.0	0.0	0.10545	0.0	0.0	0.0	0.0	0.0	0.0	0.0	0.0	0.0	0.0	0.0	0.0	0.0	0.0	0.0	0.0	0.0	0.0	0.0	0.0	0.0	0.0	0.0	0.0	0.0	0.0	0.0	0.0	0.0	0.0	0.0	0.0	0.0	0.0	0.0	0.0	0.0	0.0	0.0	0.0	0.0	0.0	0.0	0.0	0.0	0.0	0.0
s__Bacteroides_faecis	0	0.0	0.0	0.0	0.0	0.0	0.0	0.0	0.0	0.0	0.0	0.0	0.0	0.0	0.12511	0.0	0.0	0.0	0.0	0.0	0.0	0.0	0.0	0.0	0.0	0.0	0.0	0.0	0.0	0.0	0.0	0.0	0.0	0.0	0.0	0.0	0.0	0.0	0.0	0.0	0.0	0.0	0.0	0.0	0.0	0.0	0.0	0.0	0.0	0.0	0.0	0.0	0.0	0.0	0.0	0.0	0.0	0.0	0.0	0.0	0.0
s__Lactobacillus_pontis	0	0.0	0.0	0.0	0.0	0.0	0.0	0.0	0.0	0.0	0.0	0.0	0.0	0.0	0.00707	0.0	0.0	0.0	0.0	0.0	0.0	0.0	0.0	0.0	0.0	0.0	0.0	0.0	0.0	0.0	0.0	0.0	0.0	0.0	0.0	0.0	0.0	0.0	0.0	0.0	0.0	0.0	0.0	0.0	0.0	0.0	0.0	0.0	0.0	0.0	0.0	0.0	0.0	0.0	0.0	0.0	0.0	0.0	0.0	0.0	0.0
s__Prevotella_sp_oral_taxon_473	0	0.0	0.0	0.0	0.0	0.0	0.0	0.0	0.0	0.0	0.0	0.0	0.0	0.0	0.0	1.89369	0.0	0.0	0.0	0.0	0.0	0.0	0.0	0.0	0.0	0.0	0.0	0.0	0.0	0.0	0.0	0.0	0.0	0.0	0.0	0.0	0.0	0.0	0.0	0.0	0.0	0.0	0.0	0.0	0.0	0.0	0.0	0.00474	0.0	0.0	0.0	0.0	0.0	0.0301	0.0	0.0	0.0	0.0	0.0	0.00428	0.0
s__Megasphaera_micronuciformis	0	0.0	0.0	0.0	0.0	0.0	0.0	0.0	0.0	0.0	0.0	0.0	0.0	0.0	0.0	0.05648	0.0	0.0	0.0	0.0	0.0	0.0	0.0	0.0	0.0	0.0	0.0	0.0	0.0	0.0	0.0	0.0	0.0	0.0	0.0	0.0	0.0	0.0	0.0	0.0	0.0	0.0	0.0	0.0	0.0	0.0	0.0	0.0	0.0	0.0	0.0	0.0	0.0	0.0	0.0	0.0	0.0	0.0	0.0	0.0	0.0
s__Streptococcus_infantarius	0	0.0	0.0	0.0	0.0	0.0	0.0	0.0	0.0	0.0	0.0	0.0	0.0	0.0	0.0	0.03721	0.0	0.0	0.0	0.0	0.0	0.0	0.0	0.0	0.0	0.0	0.0	0.16367	0.0	0.0	0.0	0.0	0.0	0.0	0.0	0.0	0.0	0.0	0.0	0.0	0.0	0.0	0.0	0.15052	0.0	0.0	0.0	0.0	0.0	0.0	0.0	0.0	0.0	0.0	0.0	0.0	0.0	0.0	0.0	0.0	0.0
s__Streptococcus_salivarius_CAG_79	0	0.0	0.0	0.0	0.0	0.0	0.0	0.0	0.0	0.0	0.0	0.0	0.0	0.0	0.0	0.00696	0.0	0.0	0.0	0.0	0.0	0.0	0.0	0.0	0.0	0.0	0.0	0.0	0.0	0.0	0.0	0.0	0.0	0.0	0.0	0.0	0.0	0.0	0.0	0.0	0.0	0.0	0.0	0.0	0.0	0.0	0.0	0.0	0.0	0.0	0.0	0.0	0.0	0.0	0.0	0.0	0.0	0.0	0.0	0.0	0.0
s__Phascolarctobacterium_succinatutens	0	0.0	0.0	0.0	0.0	0.0	0.0	0.0	0.0	0.0	0.0	0.0	0.0	0.0	0.0	0.0	2.68908	0.0	0.0	0.0	0.06182	0.0	0.0	0.0	0.0	0.0	0.0	2.34437	0.0	0.0	0.0	0.0	0.0	0.0	0.0	0.0	0.0	0.0	0.0	0.0	0.0	0.0	0.0	0.49705	0.0	0.0	0.0	0.0	0.0	0.07313	0.0	0.63305	0.0	0.0	0.16901	0.0	0.0	0.0	0.0	0.0	0.33754
s__Comamonas_kerstersii	0	0.0	0.0	0.0	0.0	0.0	0.0	0.0	0.0	0.0	0.0	0.0	0.0	0.0	0.0	0.0	0.06448	0.0	0.0	0.0	0.00876	0.44447	7.55889	0.0	0.0	0.0	0.0	0.0	0.0	0.0	0.0	0.0	0.0	0.0	0.02104	0.0	0.0	0.0	0.0	0.0	0.0	0.0	0.0	0.16035	0.0	0.0	0.0	0.0	0.0	0.0	0.0	3.38988	0.0	0.0	0.0	0.0	0.0	0.0	0.0	0.0	1.91922
s__Lachnospira_pectinoschiza	0	0.0	0.0	0.0	0.0	0.0	0.0	0.0	0.0	0.0	0.0	0.0	0.0	0.0	0.0	0.0	0.04542	0.0	0.0	0.0	0.0	1.04583	0.0	0.0	0.39185	0.03337	0.5934	1.85656	0.0	0.0	0.0	0.0	0.0	0.0	0.0	0.0	0.0	0.0	0.0	0.0	0.01599	0.0	0.0	0.0	0.0	0.08756	0.0	0.0	0.0	0.0	0.0	0.0	0.0	0.0	0.0	0.0	0.0	0.0	0.0	0.0	0.0
s__Ruminococcus_sp_CAG_330	0	0.0	0.0	0.0	0.0	0.0	0.0	0.0	0.0	0.0	0.0	0.0	0.0	0.0	0.0	0.0	0.00443	0.0	0.0	0.0	0.0	0.09779	0.0	0.0	0.0	0.0	0.0	0.0	0.49768	0.0	0.0	0.0	0.0	0.0	0.0	0.0	0.0	0.0	0.0	0.0	0.0	0.37967	0.0	0.0	0.0	0.0	0.0	0.0	0.0	0.0	0.0	0.0	0.0	0.0	0.0	0.0	0.0	0.0	0.0	0.0	0.0
s__Turicibacter_sanguinis	0	0.0	0.0	0.0	0.0	0.0	0.0	0.0	0.0	0.0	0.0	0.0	0.0	0.0	0.0	0.0	0.0	0.00741	0.0	0.0	0.0	0.0	0.0	0.0	0.0	0.0	0.0	0.0	0.0	0.0	0.0	0.0	0.0	0.0	0.0	0.0	0.0	0.0	0.0	0.0	0.0	0.0	0.0	0.0	0.0	0.00269	0.0	0.0	0.0	0.0	0.0	0.0	0.0	0.0	0.0	0.0	0.0	0.0	0.0	0.0	0.0
s__Bifidobacterium_angulatum	0	0.0	0.0	0.0	0.0	0.0	0.0	0.0	0.0	0.0	0.0	0.0	0.0	0.0	0.0	0.0	0.0	0.0	0.05929	0.0	0.0	0.0	0.24031	0.0	0.15065	0.0	0.0	0.02641	0.0	0.14504	0.0	0.0	0.0	0.0	0.0	0.0	0.0	0.0	0.0	0.0	0.01902	0.0	0.0	0.0	0.0	0.0	0.0	0.0	0.0	0.0	0.0	0.0	0.0	0.0	0.0	0.0	0.0	0.0	0.0	0.0	0.0
s__Bacteroides_sp_CAG_462	0	0.0	0.0	0.0	0.0	0.0	0.0	0.0	0.0	0.0	0.0	0.0	0.0	0.0	0.0	0.0	0.0	0.0	0.0	8.91957	0.0	0.0	0.0	0.0	0.0	0.0	0.0	0.0	0.0	0.0	0.0	0.0	0.0	0.0	0.0	0.0	0.0	0.0	0.0	0.0	0.0	0.0	0.0	0.0	0.0	0.0	0.0	0.0	0.0	0.0	0.0	0.0	0.0	0.0	0.0	0.0	0.0	0.0	0.0	0.0	0.0
s__Eubacterium_ventriosum	0	0.0	0.0	0.0	0.0	0.0	0.0	0.0	0.0	0.0	0.0	0.0	0.0	0.0	0.0	0.0	0.0	0.0	0.0	0.62572	0.0	0.03577	0.0	0.19317	0.0	0.0	0.0	0.0	0.0	0.0	0.0	0.12962	0.0	0.0	0.0	0.0	0.0	0.0	0.0	0.0	0.0	0.0	0.0	0.0	0.0	0.0	0.0	0.0	0.0	0.0	0.0	0.0	0.0	0.0	0.0	0.0	0.0	0.0	0.0	0.0	0.0
s__Fusobacterium_mortiferum	0	0.0	0.0	0.0	0.0	0.0	0.0	0.0	0.0	0.0	0.0	0.0	0.0	0.0	0.0	0.0	0.0	0.0	0.0	0.05449	0.0	0.0	0.0	0.0	0.0	0.0	0.0	0.0	0.0	0.0	0.0	0.0	0.0	0.0	0.0	0.0	0.0	0.0	0.0	0.0	0.0	0.0	0.0	0.0	0.0	0.0	0.0	0.0	0.0	0.0	0.0	0.38848	0.0	0.0	0.0	0.0	0.0	0.0	0.0	0.0	0.20731
s__Lactobacillus_delbrueckii	0	0.0	0.0	0.0	0.0	0.0	0.0	0.0	0.0	0.0	0.0	0.0	0.0	0.0	0.0	0.0	0.0	0.0	0.0	0.0304	0.0	0.0	0.0	0.04207	0.0	0.0318	0.04064	0.0	0.0	0.0	0.0	0.0	0.0	0.0	0.0	0.0	0.0	0.0	0.0	0.0	0.27101	0.0	0.0	0.0	0.0	0.0	0.0	0.0	0.0	0.0	0.0	0.0	0.0	0.0	0.0	0.0	0.0	0.0	0.0	0.0	0.0
s__Butyrivibrio_crossotus	0	0.0	0.0	0.0	0.0	0.0	0.0	0.0	0.0	0.0	0.0	0.0	0.0	0.0	0.0	0.0	0.0	0.0	0.0	0.0	5.87205	7.93841	0.0	0.0	0.0	0.0	0.0	0.0	0.0	0.0	0.0	0.0	0.0	0.0	0.0	0.6187	22.8028	0.0	0.0	0.0	0.0	0.0	0.0	0.0	0.0	1.00703	0.0	0.17391	0.0	0.0	0.29378	9.84162	0.0	0.05631	0.0	0.14747	0.0	0.0	0.0	0.08191	4.57095
s__Butyrivibrio_sp_CAG_318	0	0.0	0.0	0.0	0.0	0.0	0.0	0.0	0.0	0.0	0.0	0.0	0.0	0.0	0.0	0.0	0.0	0.0	0.0	0.0	1.772	0.75004	0.0	0.0	0.0	0.0	0.0	0.0	0.0	0.0	0.0	0.0	0.0	0.0	0.0	0.0	0.06515	0.0	0.0	0.0	0.0	0.0	0.0	0.0	0.0	1.44801	0.0	0.18264	0.6712	0.5257	0.0	0.28915	0.0	0.34052	0.57521	0.0	0.0	0.31678	0.30019	0.38935	0.16562
s__Clostridium_sp_CAG_510	0	0.0	0.0	0.0	0.0	0.0	0.0	0.0	0.0	0.0	0.0	0.0	0.0	0.0	0.0	0.0	0.0	0.0	0.0	0.0	0.1296	0.0	0.0	0.0	0.0	0.0	0.0	0.0	0.0	0.0	0.0	16.59821	0.0	0.0	0.0	0.0	5.60659	0.0	0.0	0.0	0.0	0.0	0.0	0.0	0.0	0.0	15.12954	1.15555	0.21401	0.51898	0.0	1.54857	0.0	0.73803	0.63507	0.0	13.97693	0.09273	0.11877	0.76343	0.94573
s__Firmicutes_bacterium_CAG_95	0	0.0	0.0	0.0	0.0	0.0	0.0	0.0	0.0	0.0	0.0	0.0	0.0	0.0	0.0	0.0	0.0	0.0	0.0	0.0	0.06824	0.0	0.03078	0.0	0.0	0.0	0.0	0.0	0.0	0.0	0.0	0.0	0.0	0.0	0.0	0.0	0.05651	0.0	0.0	0.0	0.0	0.0	0.0	0.0	0.0	0.0	3.84183	0.0	0.0	0.0	0.0	0.73986	0.0	0.00217	0.08473	0.0	3.72578	0.0	0.0	0.0	0.38381
s__Ruminococcus_torques	0	0.0	0.0	0.0	0.0	0.0	0.0	0.0	0.0	0.0	0.0	0.0	0.0	0.0	0.0	0.0	0.0	0.0	0.0	0.0	0.05164	0.4691	0.14718	0.00707	0.23904	0.13794	0.0125	0.0	0.0	0.0	0.0	0.28434	0.0	0.0	0.0	0.0	0.0	0.0	0.0	0.0	0.0	0.0	0.0	0.0	0.0	0.00713	0.05844	0.04646	0.0	0.0	0.0	0.03526	0.0	0.0	0.00697	0.0	0.14143	0.0	0.0	0.03683	0.02879
s__Blastocystis_sp_subtype_1	0	0.0	0.0	0.0	0.0	0.0	0.0	0.0	0.0	0.0	0.0	0.0	0.0	0.0	0.0	0.0	0.0	0.0	0.0	0.0	0.02419	0.0	0.0	0.0	0.0	0.0	0.0	0.0	0.0	0.0	0.0	0.0	0.0	0.0	0.0	0.0	0.0	0.0	0.0	0.0	0.0	0.0	0.0	0.0	0.0	0.0	0.79825	0.0	0.02999	0.24851	0.0	0.0	0.0	0.01003	0.69929	0.0	0.84587	0.01373	0.0144	0.0	0.0
s__Eubacterium_hallii	0	0.0	0.0	0.0	0.0	0.0	0.0	0.0	0.0	0.0	0.0	0.0	0.0	0.0	0.0	0.0	0.0	0.0	0.0	0.0	0.00448	0.0	0.00613	0.0	0.0	0.0	0.0	0.0	0.0	0.0	0.0	0.0	0.0	0.0	0.0	0.0	0.0	0.0	0.0	0.0	0.0	0.0	0.0	0.0	0.0	0.0	0.0	0.0	0.0	0.0	0.0	0.0	0.0	0.0	0.0	0.0	0.0	0.0	0.0	0.0	0.0
s__Clostridium_sp_CAG_632	0	0.0	0.0	0.0	0.0	0.0	0.0	0.0	0.0	0.0	0.0	0.0	0.0	0.0	0.0	0.0	0.0	0.0	0.0	0.0	0.0	2.78951	0.0	0.0	0.0	0.0	0.0	0.0	0.0	0.0	0.0	0.0	0.0	0.0	0.0	0.0	3.21085	0.0	0.0	0.0	0.0	0.0	0.0	0.0	0.0	0.0	0.0	0.0	0.27925	0.28189	0.21499	2.80454	0.0	0.14953	0.24772	0.0285	0.0	0.14941	0.16812	0.114	1.42905
s__Anaerobiospirillum_thomasii	0	0.0	0.0	0.0	0.0	0.0	0.0	0.0	0.0	0.0	0.0	0.0	0.0	0.0	0.0	0.0	0.0	0.0	0.0	0.0	0.0	0.05535	0.0	0.0	0.0	0.0	0.0	0.0	0.0	0.0	0.0	0.0	0.0	0.0	0.0	0.0	0.0	0.0	0.0	0.0	0.0	0.0	0.0	0.0	0.0	0.05292	0.0	0.0	0.0	0.0	0.0	0.0	0.0	0.0	0.0	0.0	0.0	0.0	0.0	0.0	0.0
s__Clostridium_leptum	0	0.0	0.0	0.0	0.0	0.0	0.0	0.0	0.0	0.0	0.0	0.0	0.0	0.0	0.0	0.0	0.0	0.0	0.0	0.0	0.0	0.04054	0.0	0.0	0.0	0.0	0.0	0.0	0.0	0.0	0.0	0.0	0.0	0.0	0.0	0.0	0.0	0.0	0.0	0.0	0.0	0.0	0.0	0.0	0.0	0.0	0.0	0.0	0.0	0.0	0.0	0.0	0.0	0.0	0.0	0.0	0.0	0.0	0.0	0.0	0.0
s__Candidatus_Gastranaerophilales_bacterium_HUM_9	0	0.0	0.0	0.0	0.0	0.0	0.0	0.0	0.0	0.0	0.0	0.0	0.0	0.0	0.0	0.0	0.0	0.0	0.0	0.0	0.0	0.0	1.43208	0.0	0.0	0.0	0.0	0.0	0.0	0.0	0.0	0.0	0.0	0.0	0.0	0.0	0.0	0.0	0.0	0.0	0.0	0.0	0.0	0.0	0.0	0.0	0.0	0.0	0.0	0.0	0.0	0.0	0.0	0.0	0.0	0.0	0.0	0.0	0.0	0.0	0.0
s__Coprobacter_secundus	0	0.0	0.0	0.0	0.0	0.0	0.0	0.0	0.0	0.0	0.0	0.0	0.0	0.0	0.0	0.0	0.0	0.0	0.0	0.0	0.0	0.0	0.28558	0.0	0.0	0.0	0.0	0.0	0.02027	0.0	0.0	0.0	0.0	0.0	0.0	0.0	0.0	0.0	0.0	0.0	0.0	0.05395	0.0	0.0	0.0	0.0	0.0	0.0	0.0	0.0	0.0	0.0	0.0	0.0	0.0	0.0	0.0	0.0	0.0	0.0	0.0
s__Victivallis_vadensis	0	0.0	0.0	0.0	0.0	0.0	0.0	0.0	0.0	0.0	0.0	0.0	0.0	0.0	0.0	0.0	0.0	0.0	0.0	0.0	0.0	0.0	0.18388	0.0	0.0	0.0	0.0	0.0	0.0	0.0	0.0	0.0	0.0	0.0	0.0	0.0	0.0	0.0	0.0	0.0	0.0	0.0	0.0	0.0	0.0	0.0	0.0	0.0	0.0	0.0	0.0	0.0	0.0	0.0	0.0	0.0	0.01098	0.0	0.0	0.0	0.0
s__Lactobacillus_acidipiscis	0	0.0	0.0	0.0	0.0	0.0	0.0	0.0	0.0	0.0	0.0	0.0	0.0	0.0	0.0	0.0	0.0	0.0	0.0	0.0	0.0	0.0	0.10168	0.0	0.0	0.0	0.0	0.0	0.0	0.0	0.0	0.0	0.0	0.0	0.0	0.0	0.0	0.0	0.0	0.0	0.0	0.0	0.0	0.0	0.0	0.0	0.0	0.0	0.0	0.0	0.0	0.0	0.0	0.0	0.0	0.0	0.0	0.0	0.0	0.0	0.0
s__Clostridium_sp_CAG_167	0	0.0	0.0	0.0	0.0	0.0	0.0	0.0	0.0	0.0	0.0	0.0	0.0	0.0	0.0	0.0	0.0	0.0	0.0	0.0	0.0	0.0	0.03308	0.0	0.0	0.0	0.0	0.0	0.0	0.0	0.0	0.0	0.0	0.0	0.0	0.0	0.0	0.0	0.0	0.0	0.0	0.0	0.0	0.0	0.0	0.0	0.0	0.0	0.0	0.0	0.0	0.0	0.0	0.0	0.0	0.0	0.0	0.0	0.0	0.0	0.0
s__Roseburia_sp_CAG_182	0	0.0	0.0	0.0	0.0	0.0	0.0	0.0	0.0	0.0	0.0	0.0	0.0	0.0	0.0	0.0	0.0	0.0	0.0	0.0	0.0	0.0	0.0249	0.0	0.0	0.0	0.0	0.0	0.0	0.0	0.0	0.0	0.0	0.0	0.0	0.0	0.0	0.0	0.0	0.0	0.0	0.0	0.0	0.0	0.0	0.0	0.0	0.0	0.0	0.0	0.0	0.00495	0.0	0.0	0.0	0.0	0.0	0.0	0.0	0.0	0.0
s__Clostridium_sp_CAG_253	0	0.0	0.0	0.0	0.0	0.0	0.0	0.0	0.0	0.0	0.0	0.0	0.0	0.0	0.0	0.0	0.0	0.0	0.0	0.0	0.0	0.0	0.0	0.07982	0.0	0.0	0.0	0.0	0.0	0.0	0.0	0.0	0.0	0.0	0.0	0.0	0.0	0.0	0.0	0.0	0.0	0.0	0.0	0.0	0.0	0.0	0.0	0.0	0.0	0.0	0.0	0.0	0.0	0.0	0.0	0.0	0.0	0.0	0.0	0.0	0.0
s__Eubacterium_ramulus	0	0.0	0.0	0.0	0.0	0.0	0.0	0.0	0.0	0.0	0.0	0.0	0.0	0.0	0.0	0.0	0.0	0.0	0.0	0.0	0.0	0.0	0.0	0.05679	0.0	0.0	0.0	0.0	0.0	0.0	0.0	0.0	0.0	0.0	0.0	0.0	0.0	0.0	0.0	0.0	0.0	0.0	0.0	0.0	0.0	0.0	0.0	0.0	0.0	0.0	0.0	0.01578	0.0	0.0	0.0	0.0	0.0	0.0	0.0	0.0	0.0
s__Veillonella_rodentium	0	0.0	0.0	0.0	0.0	0.0	0.0	0.0	0.0	0.0	0.0	0.0	0.0	0.0	0.0	0.0	0.0	0.0	0.0	0.0	0.0	0.0	0.0	0.00819	0.0	0.0	0.0	0.0	0.0	0.0	0.0	0.0	0.0	0.0	0.0	0.0	0.0	0.0	0.0	0.0	0.0	0.0	0.0	0.0	0.0	0.0	0.0	0.0	0.0	0.0	0.0	0.0	0.0	0.0	0.0	0.0	0.0	0.0	0.0	0.0	0.0
s__Bacteroides_finegoldii	0	0.0	0.0	0.0	0.0	0.0	0.0	0.0	0.0	0.0	0.0	0.0	0.0	0.0	0.0	0.0	0.0	0.0	0.0	0.0	0.0	0.0	0.0	0.0	0.0	0.20251	0.0	0.0	0.0	0.0	0.0	0.0	0.0	0.0	0.0	0.0	0.0	0.0	0.0	0.0	0.0	0.0	0.0	0.0	0.0	0.0	0.0	0.0	0.0	0.0	0.0	0.0	0.0	0.0	0.0	0.0	0.0	0.0	0.0	0.0	0.0
s__Campylobacter_jejuni	0	0.0	0.0	0.0	0.0	0.0	0.0	0.0	0.0	0.0	0.0	0.0	0.0	0.0	0.0	0.0	0.0	0.0	0.0	0.0	0.0	0.0	0.0	0.0	0.0	0.00681	0.0	0.0	0.0	0.0	0.0	0.0	0.0	0.0	0.0	0.0	0.0	0.0	0.0	0.0	0.0	0.0	0.0	0.0	0.0	0.0	0.0	0.0	0.0	0.0	0.0	0.0	0.0	0.0	0.0	0.0	0.0	0.0	0.0	0.0	0.0
s__Lactobacillus_rogosae	0	0.0	0.0	0.0	0.0	0.0	0.0	0.0	0.0	0.0	0.0	0.0	0.0	0.0	0.0	0.0	0.0	0.0	0.0	0.0	0.0	0.0	0.0	0.0	0.0	0.0	0.0	0.03426	0.0	0.0	0.0	0.0	0.0	0.0	0.0	0.0	0.0	0.0	0.0	0.0	0.0	0.0	0.0	0.0	0.0	0.0	0.0	0.0	0.0	0.0	0.0	0.0	0.0	0.0	0.0	0.0	0.0	0.0	0.0	0.0	0.0
s__Ruminococcus_callidus	0	0.0	0.0	0.0	0.0	0.0	0.0	0.0	0.0	0.0	0.0	0.0	0.0	0.0	0.0	0.0	0.0	0.0	0.0	0.0	0.0	0.0	0.0	0.0	0.0	0.0	0.0	0.0	0.0	0.0	0.03234	0.0	0.0	0.0	0.0	0.0	0.0	0.0	0.0	0.0	0.0	0.0	0.0	0.0	0.0	0.0	0.0	0.0	0.0	0.0	0.0	0.0	0.0	0.0	0.0	0.0	0.0	0.0	0.0	0.0	0.0
s__Asaccharobacter_celatus	0	0.0	0.0	0.0	0.0	0.0	0.0	0.0	0.0	0.0	0.0	0.0	0.0	0.0	0.0	0.0	0.0	0.0	0.0	0.0	0.0	0.0	0.0	0.0	0.0	0.0	0.0	0.0	0.0	0.0	0.0	0.81535	0.01785	0.0	0.0	0.0	0.0	0.0	0.0	0.01988	0.0	0.0	0.0	0.0	0.0	0.0	0.0	0.0	0.0	0.0	0.0	0.0	0.0	0.0	0.0	0.0	0.0	0.0	0.0	0.0	0.0
s__Adlercreutzia_equolifaciens	0	0.0	0.0	0.0	0.0	0.0	0.0	0.0	0.0	0.0	0.0	0.0	0.0	0.0	0.0	0.0	0.0	0.0	0.0	0.0	0.0	0.0	0.0	0.0	0.0	0.0	0.0	0.0	0.0	0.0	0.0	0.30485	0.00184	0.0	0.0	0.0	0.0	0.0	0.0	0.02412	0.0	0.0	0.0	0.0	0.0	0.0	0.0	0.0	0.0	0.0	0.0	0.0	0.0	0.0	0.0	0.0	0.0	0.0	0.0	0.0	0.0
s__Intestinibacter_bartlettii	0	0.0	0.0	0.0	0.0	0.0	0.0	0.0	0.0	0.0	0.0	0.0	0.0	0.0	0.0	0.0	0.0	0.0	0.0	0.0	0.0	0.0	0.0	0.0	0.0	0.0	0.0	0.0	0.0	0.0	0.0	0.10534	0.0	0.0	0.0	0.0	0.0	0.0	0.0	0.0	0.0	0.0	0.0	0.0	0.0	0.0	0.0	0.0	0.0	0.0	0.0	0.0	0.0	0.0	0.0	0.0	0.0	0.0	0.0	0.0	0.0
s__Firmicutes_bacterium_CAG_534	0	0.0	0.0	0.0	0.0	0.0	0.0	0.0	0.0	0.0	0.0	0.0	0.0	0.0	0.0	0.0	0.0	0.0	0.0	0.0	0.0	0.0	0.0	0.0	0.0	0.0	0.0	0.0	0.0	0.0	0.0	0.0	0.0	4.67829	0.0	0.0	0.35898	0.0	0.0	0.0	0.0	0.0	0.0	0.0	0.0	0.0	0.0	0.0	0.0	0.00781	0.49334	2.64189	0.0	0.0	0.09565	0.14728	0.0	0.0	0.0	0.0	1.49142
s__Eubacterium_sp_CAG_786	0	0.0	0.0	0.0	0.0	0.0	0.0	0.0	0.0	0.0	0.0	0.0	0.0	0.0	0.0	0.0	0.0	0.0	0.0	0.0	0.0	0.0	0.0	0.0	0.0	0.0	0.0	0.0	0.0	0.0	0.0	0.0	0.0	0.0	0.0	0.0	0.87827	0.0	0.0	0.0	0.0	0.0	0.0	0.0	0.0	0.0	0.0	0.0	0.0	0.0	0.0	0.0	0.0	0.0	0.0	0.0	0.0	0.0	0.0	0.0	0.0
s__Pantoea_dispersa	0	0.0	0.0	0.0	0.0	0.0	0.0	0.0	0.0	0.0	0.0	0.0	0.0	0.0	0.0	0.0	0.0	0.0	0.0	0.0	0.0	0.0	0.0	0.0	0.0	0.0	0.0	0.0	0.0	0.0	0.0	0.0	0.0	0.0	0.0	0.0	0.24775	0.0	0.0	0.0	0.0	0.0	0.0	0.0	0.0	0.0	0.0	0.0	0.0	0.0	0.0	0.0	0.0	0.0	0.0	0.0	0.0	0.0	0.0	0.0	0.0
s__Bifidobacterium_dentium	0	0.0	0.0	0.0	0.0	0.0	0.0	0.0	0.0	0.0	0.0	0.0	0.0	0.0	0.0	0.0	0.0	0.0	0.0	0.0	0.0	0.0	0.0	0.0	0.0	0.0	0.0	0.0	0.0	0.0	0.0	0.0	0.0	0.0	0.0	0.0	0.0	0.1323	0.0	0.0	0.0	0.0	0.0	0.0	0.0	0.0	0.0	0.0	0.0	0.0	0.0	0.0	0.0	0.0	0.0	0.0	0.0	0.0	0.0	0.0	0.0
s__Neisseria_subflava	0	0.0	0.0	0.0	0.0	0.0	0.0	0.0	0.0	0.0	0.0	0.0	0.0	0.0	0.0	0.0	0.0	0.0	0.0	0.0	0.0	0.0	0.0	0.0	0.0	0.0	0.0	0.0	0.0	0.0	0.0	0.0	0.0	0.0	0.0	0.0	0.0	0.04857	0.0	0.0	0.0	0.0	0.0	0.0	0.0	0.0	0.0	0.0	0.0	0.0	0.0	0.0	0.0	0.0	0.0	0.0	0.0	0.0	0.0	0.0	0.0
s__Parvimonas_sp_KA00067	0	0.0	0.0	0.0	0.0	0.0	0.0	0.0	0.0	0.0	0.0	0.0	0.0	0.0	0.0	0.0	0.0	0.0	0.0	0.0	0.0	0.0	0.0	0.0	0.0	0.0	0.0	0.0	0.0	0.0	0.0	0.0	0.0	0.0	0.0	0.0	0.0	0.0	0.0	0.0	0.12899	0.0	0.0	0.0	0.0	0.0	0.0	0.0	0.0	0.0	0.0	0.0	0.0	0.0	0.0	0.0	0.0	0.0	0.0	0.0	0.0
s__Eisenbergiella_massiliensis	0	0.0	0.0	0.0	0.0	0.0	0.0	0.0	0.0	0.0	0.0	0.0	0.0	0.0	0.0	0.0	0.0	0.0	0.0	0.0	0.0	0.0	0.0	0.0	0.0	0.0	0.0	0.0	0.0	0.0	0.0	0.0	0.0	0.0	0.0	0.0	0.0	0.0	0.0	0.0	0.0	0.0	0.0162	0.0	0.0	0.0	0.0	0.0	0.0	0.0	0.0	0.0	0.0	0.0	0.0	0.0	0.0	0.0	0.0	0.0	0.0
s__Treponema_succinifaciens	0	0.0	0.0	0.0	0.0	0.0	0.0	0.0	0.0	0.0	0.0	0.0	0.0	0.0	0.0	0.0	0.0	0.0	0.0	0.0	0.0	0.0	0.0	0.0	0.0	0.0	0.0	0.0	0.0	0.0	0.0	0.0	0.0	0.0	0.0	0.0	0.0	0.0	0.0	0.0	0.0	0.0	0.0	0.76578	0.0	0.0	0.0	0.0	0.0	0.0	0.05232	0.0	0.0	0.0	0.0	0.00975	0.0	0.0	0.0	0.0	0.02698
s__Phascolarctobacterium_sp_CAG_266	0	0.0	0.0	0.0	0.0	0.0	0.0	0.0	0.0	0.0	0.0	0.0	0.0	0.0	0.0	0.0	0.0	0.0	0.0	0.0	0.0	0.0	0.0	0.0	0.0	0.0	0.0	0.0	0.0	0.0	0.0	0.0	0.0	0.0	0.0	0.0	0.0	0.0	0.0	0.0	0.0	0.0	0.0	0.0	0.01833	0.0	0.0	0.0	0.0	0.0	0.0	0.0	0.0	0.0	0.0	0.0	0.0	0.0	0.0	0.0	0.0
s__Haemophilus_pittmaniae	0	0.0	0.0	0.0	0.0	0.0	0.0	0.0	0.0	0.0	0.0	0.0	0.0	0.0	0.0	0.0	0.0	0.0	0.0	0.0	0.0	0.0	0.0	0.0	0.0	0.0	0.0	0.0	0.0	0.0	0.0	0.0	0.0	0.0	0.0	0.0	0.0	0.0	0.0	0.0	0.0	0.0	0.0	0.0	0.0	0.04731	0.0	0.0	0.0	0.0	0.0	0.0	0.0	0.0	0.0	0.0	0.0	0.0	0.0	0.0	0.0
s__Parabacteroides_sp_CAG_409	0	0.0	0.0	0.0	0.0	0.0	0.0	0.0	0.0	0.0	0.0	0.0	0.0	0.0	0.0	0.0	0.0	0.0	0.0	0.0	0.0	0.0	0.0	0.0	0.0	0.0	0.0	0.0	0.0	0.0	0.0	0.0	0.0	0.0	0.0	0.0	0.0	0.0	0.0	0.0	0.0	0.0	0.0	0.0	0.0	0.01185	0.0	0.0	0.0	0.0	0.0	0.01606	0.0	0.0	0.0	0.0	0.0	0.0	0.0	0.0	0.0
s__Prevotella_corporis	0	0.0	0.0	0.0	0.0	0.0	0.0	0.0	0.0	0.0	0.0	0.0	0.0	0.0	0.0	0.0	0.0	0.0	0.0	0.0	0.0	0.0	0.0	0.0	0.0	0.0	0.0	0.0	0.0	0.0	0.0	0.0	0.0	0.0	0.0	0.0	0.0	0.0	0.0	0.0	0.0	0.0	0.0	0.0	0.0	0.00427	0.0	0.0	0.0	0.0	0.0	0.0	0.0	0.0	0.02827	0.0	0.0	0.0	0.0	0.0	0.0
s__Anaerotruncus_sp_CAG_528	0	0.0	0.0	0.0	0.0	0.0	0.0	0.0	0.0	0.0	0.0	0.0	0.0	0.0	0.0	0.0	0.0	0.0	0.0	0.0	0.0	0.0	0.0	0.0	0.0	0.0	0.0	0.0	0.0	0.0	0.0	0.0	0.0	0.0	0.0	0.0	0.0	0.0	0.0	0.0	0.0	0.0	0.0	0.0	0.0	0.0	0.13434	0.0	0.0	0.0	0.0	0.0	0.0	0.0	0.0	0.0	0.19466	0.0	0.0	0.0	0.0
s__Prevotella_intermedia	0	0.0	0.0	0.0	0.0	0.0	0.0	0.0	0.0	0.0	0.0	0.0	0.0	0.0	0.0	0.0	0.0	0.0	0.0	0.0	0.0	0.0	0.0	0.0	0.0	0.0	0.0	0.0	0.0	0.0	0.0	0.0	0.0	0.0	0.0	0.0	0.0	0.0	0.0	0.0	0.0	0.0	0.0	0.0	0.0	0.0	0.0	0.72082	0.0	0.0	0.0	0.0	0.0	0.37553	0.0	0.0	0.0	0.0	0.0	0.29878	0.07496
s__Bifidobacterium_pseudolongum	0	0.0	0.0	0.0	0.0	0.0	0.0	0.0	0.0	0.0	0.0	0.0	0.0	0.0	0.0	0.0	0.0	0.0	0.0	0.0	0.0	0.0	0.0	0.0	0.0	0.0	0.0	0.0	0.0	0.0	0.0	0.0	0.0	0.0	0.0	0.0	0.0	0.0	0.0	0.0	0.0	0.0	0.0	0.0	0.0	0.0	0.0	0.3339	0.0	0.0	0.0	0.0	0.0	0.18464	0.0	0.0	0.0	0.0	0.0	0.18117	0.00543
s__Pyramidobacter_piscolens	0	0.0	0.0	0.0	0.0	0.0	0.0	0.0	0.0	0.0	0.0	0.0	0.0	0.0	0.0	0.0	0.0	0.0	0.0	0.0	0.0	0.0	0.0	0.0	0.0	0.0	0.0	0.0	0.0	0.0	0.0	0.0	0.0	0.0	0.0	0.0	0.0	0.0	0.0	0.0	0.0	0.0	0.0	0.0	0.0	0.0	0.0	0.16561	0.0	0.0	0.0	0.0	0.0	0.09913	0.0	0.0	0.0	0.0	0.0	0.13811	0.0
s__Prevotella_sp_F0091	0	0.0	0.0	0.0	0.0	0.0	0.0	0.0	0.0	0.0	0.0	0.0	0.0	0.0	0.0	0.0	0.0	0.0	0.0	0.0	0.0	0.0	0.0	0.0	0.0	0.0	0.0	0.0	0.0	0.0	0.0	0.0	0.0	0.0	0.0	0.0	0.0	0.0	0.0	0.0	0.0	0.0	0.0	0.0	0.0	0.0	0.0	0.08331	0.0	0.0	0.0	0.0	0.0	0.03595	0.0	0.0	0.0	0.0	0.0	0.06002	0.0
s__Dialister_invisus	0	0.0	0.0	0.0	0.0	0.0	0.0	0.0	0.0	0.0	0.0	0.0	0.0	0.0	0.0	0.0	0.0	0.0	0.0	0.0	0.0	0.0	0.0	0.0	0.0	0.0	0.0	0.0	0.0	0.0	0.0	0.0	0.0	0.0	0.0	0.0	0.0	0.0	0.0	0.0	0.0	0.0	0.0	0.0	0.0	0.0	0.0	0.05955	0.0	0.0	0.0	0.0	0.0	0.04988	0.0	0.0	0.0	0.0	0.0	0.03582	0.0
s__Eubacterium_coprostanoligenes	0	0.0	0.0	0.0	0.0	0.0	0.0	0.0	0.0	0.0	0.0	0.0	0.0	0.0	0.0	0.0	0.0	0.0	0.0	0.0	0.0	0.0	0.0	0.0	0.0	0.0	0.0	0.0	0.0	0.0	0.0	0.0	0.0	0.0	0.0	0.0	0.0	0.0	0.0	0.0	0.0	0.0	0.0	0.0	0.0	0.0	0.0	0.02101	0.0	0.0	0.0	0.0	0.0	0.0271	0.0	0.0	0.04165	0.0	0.0	0.01497	0.01171
s__Prevotella_melaninogenica	0	0.0	0.0	0.0	0.0	0.0	0.0	0.0	0.0	0.0	0.0	0.0	0.0	0.0	0.0	0.0	0.0	0.0	0.0	0.0	0.0	0.0	0.0	0.0	0.0	0.0	0.0	0.0	0.0	0.0	0.0	0.0	0.0	0.0	0.0	0.0	0.0	0.0	0.0	0.0	0.0	0.0	0.0	0.0	0.0	0.0	0.0	0.01599	0.0	0.0	0.0	0.0	0.0	0.0	0.0	0.0	0.0	0.0	0.0	0.0	0.0
s__Enterococcus_faecium	0	0.0	0.0	0.0	0.0	0.0	0.0	0.0	0.0	0.0	0.0	0.0	0.0	0.0	0.0	0.0	0.0	0.0	0.0	0.0	0.0	0.0	0.0	0.0	0.0	0.0	0.0	0.0	0.0	0.0	0.0	0.0	0.0	0.0	0.0	0.0	0.0	0.0	0.0	0.0	0.0	0.0	0.0	0.0	0.0	0.0	0.0	0.0	0.27885	0.07678	0.0	0.0	0.0	0.08152	0.08964	0.0	0.0	0.07798	0.1518	0.06762	0.0
s__Bacteroides_clarus	0	0.0	0.0	0.0	0.0	0.0	0.0	0.0	0.0	0.0	0.0	0.0	0.0	0.0	0.0	0.0	0.0	0.0	0.0	0.0	0.0	0.0	0.0	0.0	0.0	0.0	0.0	0.0	0.0	0.0	0.0	0.0	0.0	0.0	0.0	0.0	0.0	0.0	0.0	0.0	0.0	0.0	0.0	0.0	0.0	0.0	0.0	0.0	0.23676	0.06336	0.0	0.0	0.0	0.05894	0.07154	0.0	0.0	0.12601	0.07789	0.02459	0.0
s__Eisenbergiella_tayi	0	0.0	0.0	0.0	0.0	0.0	0.0	0.0	0.0	0.0	0.0	0.0	0.0	0.0	0.0	0.0	0.0	0.0	0.0	0.0	0.0	0.0	0.0	0.0	0.0	0.0	0.0	0.0	0.0	0.0	0.0	0.0	0.0	0.0	0.0	0.0	0.0	0.0	0.0	0.0	0.0	0.0	0.0	0.0	0.0	0.0	0.0	0.0	0.12202	0.22251	0.0	0.0	0.0	0.16342	0.1353	0.0	0.0	0.09235	0.05729	0.10879	0.0
s__Enterococcus_gallinarum	0	0.0	0.0	0.0	0.0	0.0	0.0	0.0	0.0	0.0	0.0	0.0	0.0	0.0	0.0	0.0	0.0	0.0	0.0	0.0	0.0	0.0	0.0	0.0	0.0	0.0	0.0	0.0	0.0	0.0	0.0	0.0	0.0	0.0	0.0	0.0	0.0	0.0	0.0	0.0	0.0	0.0	0.0	0.0	0.0	0.0	0.0	0.0	0.10575	0.02976	0.0	0.0	0.0	0.02063	0.06307	0.0	0.0	0.04968	0.01951	0.04077	0.0
s__Clostridium_citroniae	0	0.0	0.0	0.0	0.0	0.0	0.0	0.0	0.0	0.0	0.0	0.0	0.0	0.0	0.0	0.0	0.0	0.0	0.0	0.0	0.0	0.0	0.0	0.0	0.0	0.0	0.0	0.0	0.0	0.0	0.0	0.0	0.0	0.0	0.0	0.0	0.0	0.0	0.0	0.0	0.0	0.0	0.0	0.0	0.0	0.0	0.0	0.0	0.10155	0.06653	0.0	0.0	0.0	0.02915	0.02065	0.0	0.0	0.05481	0.06288	0.03027	0.0
s__Ruminococcaceae_bacterium_D5	0	0.0	0.0	0.0	0.0	0.0	0.0	0.0	0.0	0.0	0.0	0.0	0.0	0.0	0.0	0.0	0.0	0.0	0.0	0.0	0.0	0.0	0.0	0.0	0.0	0.0	0.0	0.0	0.0	0.0	0.0	0.0	0.0	0.0	0.0	0.0	0.0	0.0	0.0	0.0	0.0	0.0	0.0	0.0	0.0	0.0	0.0	0.0	0.03857	0.16531	0.05846	0.0	0.0	0.10662	0.19158	0.01943	0.0	0.04528	0.02098	0.07916	0.0
s__Hungatella_hathewayi	0	0.0	0.0	0.0	0.0	0.0	0.0	0.0	0.0	0.0	0.0	0.0	0.0	0.0	0.0	0.0	0.0	0.0	0.0	0.0	0.0	0.0	0.0	0.0	0.0	0.0	0.0	0.0	0.0	0.0	0.0	0.0	0.0	0.0	0.0	0.0	0.0	0.0	0.0	0.0	0.0	0.0	0.0	0.0	0.0	0.0	0.0	0.0	0.01893	0.0	0.0	0.0	0.0	0.00488	0.01804	0.0	0.0	0.00806	0.01006	0.0042	0.0
s__Treponema_berlinense	0	0.0	0.0	0.0	0.0	0.0	0.0	0.0	0.0	0.0	0.0	0.0	0.0	0.0	0.0	0.0	0.0	0.0	0.0	0.0	0.0	0.0	0.0	0.0	0.0	0.0	0.0	0.0	0.0	0.0	0.0	0.0	0.0	0.0	0.0	0.0	0.0	0.0	0.0	0.0	0.0	0.0	0.0	0.0	0.0	0.0	0.0	0.0	0.0	0.10316	0.0	0.0	0.0	0.0	0.1769	0.0	0.0	0.0	0.0	0.0	0.0
s__Streptococcus_pasteurianus	0	0.0	0.0	0.0	0.0	0.0	0.0	0.0	0.0	0.0	0.0	0.0	0.0	0.0	0.0	0.0	0.0	0.0	0.0	0.0	0.0	0.0	0.0	0.0	0.0	0.0	0.0	0.0	0.0	0.0	0.0	0.0	0.0	0.0	0.0	0.0	0.0	0.0	0.0	0.0	0.0	0.0	0.0	0.0	0.0	0.0	0.0	0.0	0.0	0.02388	0.0	0.0	0.0	0.0	0.01773	0.0	0.0	0.0	0.01694	0.0	0.0
s__Roseburia_sp_CAG_309	0	0.0	0.0	0.0	0.0	0.0	0.0	0.0	0.0	0.0	0.0	0.0	0.0	0.0	0.0	0.0	0.0	0.0	0.0	0.0	0.0	0.0	0.0	0.0	0.0	0.0	0.0	0.0	0.0	0.0	0.0	0.0	0.0	0.0	0.0	0.0	0.0	0.0	0.0	0.0	0.0	0.0	0.0	0.0	0.0	0.0	0.0	0.0	0.0	0.0	0.18565	0.0	0.0	0.0	0.0	0.02558	0.0	0.0	0.0	0.0	0.03243
s__Firmicutes_bacterium_CAG_555	0	0.0	0.0	0.0	0.0	0.0	0.0	0.0	0.0	0.0	0.0	0.0	0.0	0.0	0.0	0.0	0.0	0.0	0.0	0.0	0.0	0.0	0.0	0.0	0.0	0.0	0.0	0.0	0.0	0.0	0.0	0.0	0.0	0.0	0.0	0.0	0.0	0.0	0.0	0.0	0.0	0.0	0.0	0.0	0.0	0.0	0.0	0.0	0.0	0.0	0.14546	0.15047	0.0	0.0	0.0	0.02827	0.0	0.0	0.0	0.0	0.12252
s__Streptococcus_anginosus_group	0	0.0	0.0	0.0	0.0	0.0	0.0	0.0	0.0	0.0	0.0	0.0	0.0	0.0	0.0	0.0	0.0	0.0	0.0	0.0	0.0	0.0	0.0	0.0	0.0	0.0	0.0	0.0	0.0	0.0	0.0	0.0	0.0	0.0	0.0	0.0	0.0	0.0	0.0	0.0	0.0	0.0	0.0	0.0	0.0	0.0	0.0	0.0	0.0	0.0	0.00602	0.0	0.0	0.0	0.0	0.0	0.0	0.0	0.0	0.0	0.0
s__Ruminococcus_obeum_CAG_39	0	0.0	0.0	0.0	0.0	0.0	0.0	0.0	0.0	0.0	0.0	0.0	0.0	0.0	0.0	0.0	0.0	0.0	0.0	0.0	0.0	0.0	0.0	0.0	0.0	0.0	0.0	0.0	0.0	0.0	0.0	0.0	0.0	0.0	0.0	0.0	0.0	0.0	0.0	0.0	0.0	0.0	0.0	0.0	0.0	0.0	0.0	0.0	0.0	0.0	0.0	0.01607	0.0	0.0	0.0	0.0	0.0	0.0	0.0	0.0	0.0
s__Streptococcus_lutetiensis	0	0.0	0.0	0.0	0.0	0.0	0.0	0.0	0.0	0.0	0.0	0.0	0.0	0.0	0.0	0.0	0.0	0.0	0.0	0.0	0.0	0.0	0.0	0.0	0.0	0.0	0.0	0.0	0.0	0.0	0.0	0.0	0.0	0.0	0.0	0.0	0.0	0.0	0.0	0.0	0.0	0.0	0.0	0.0	0.0	0.0	0.0	0.0	0.0	0.0	0.0	0.0	0.0	0.0	0.11862	0.0	0.0	0.0	0.0	0.0	0.0
s__Prevotella_timonensis	0	0.0	0.0	0.0	0.0	0.0	0.0	0.0	0.0	0.0	0.0	0.0	0.0	0.0	0.0	0.0	0.0	0.0	0.0	0.0	0.0	0.0	0.0	0.0	0.0	0.0	0.0	0.0	0.0	0.0	0.0	0.0	0.0	0.0	0.0	0.0	0.0	0.0	0.0	0.0	0.0	0.0	0.0	0.0	0.0	0.0	0.0	0.0	0.0	0.0	0.0	0.0	0.0	0.0	0.07313	0.0	0.0	0.0	0.0	0.0	0.0
s__Campylobacter_ureolyticus	0	0.0	0.0	0.0	0.0	0.0	0.0	0.0	0.0	0.0	0.0	0.0	0.0	0.0	0.0	0.0	0.0	0.0	0.0	0.0	0.0	0.0	0.0	0.0	0.0	0.0	0.0	0.0	0.0	0.0	0.0	0.0	0.0	0.0	0.0	0.0	0.0	0.0	0.0	0.0	0.0	0.0	0.0	0.0	0.0	0.0	0.0	0.0	0.0	0.0	0.0	0.0	0.0	0.0	0.01134	0.0	0.0	0.0	0.0	0.0	0.0
s__Prevotella_sp_oral_taxon_376	0	0.0	0.0	0.0	0.0	0.0	0.0	0.0	0.0	0.0	0.0	0.0	0.0	0.0	0.0	0.0	0.0	0.0	0.0	0.0	0.0	0.0	0.0	0.0	0.0	0.0	0.0	0.0	0.0	0.0	0.0	0.0	0.0	0.0	0.0	0.0	0.0	0.0	0.0	0.0	0.0	0.0	0.0	0.0	0.0	0.0	0.0	0.0	0.0	0.0	0.0	0.0	0.0	0.0	0.0	0.0	0.0	0.0	0.0	0.01141	0.0
