clade_name	NCBI_tax_id	C16-20005-GH	C16-20006-GH	C16-20007-GH	C16-20008-GH	C16-20009-GH	C16-20010-GH	C16-20011-GH	C16-20029-GH	C16-20030-GH	C16-20032-GH	C16-20047-GH	C16-20048-GH	C16-20049-GH	C16-20050-GH	C16-20065-GH	C16-20066-GH	C16-20073-GH	C16-20074-GH	C16-20108-GH	C16-20110-GH	C16-20111-GH	C16-20112-GH	C16-20113-GH	C16-20124-GH	C16-20125-GH	C16-20126-GH	C16-20127-GH	C16-20138-GH	C16-20241-GH	C16-20242-GH	C16-20243-GH	C16-20244-GH	C16-20245-GH	C16-20246-GH	C16-20247-GH	C16-20273-GH	C16-20274-GH	C16-20275-GH	C16-20288-GH	C16-20292-GH	C16-20362-GH	C16-20363-GH	C16-20374-GH	C16-20375-GH
s__Prevotella_copri	0	23.40241	27.00293	34.85515	20.35912	36.31118	30.71758	0.84322	15.17232	52.23663	44.95728	1.31915	3.39248	11.53423	1.14686	15.48998	0.00131	3.0658	45.20982	9.61055	47.44246	5.29538	19.67262	40.8708	55.63767	5.21079	0.00024	40.2392	31.14356	39.20873	13.19783	0.0	19.69444	8.71158	16.71932	15.35536	37.95588	6.03165	9.59853	0.0028	14.02864	22.98489	13.10072	1.05933	0.28901
s__Prevotella_sp_CAG_520	0	17.1939	39.12203	0.00963	0.02723	0.11126	1.74361	0.0	0.00205	0.00278	3.97508	0.0	0.0	0.0	0.0	14.97869	0.0	0.0	0.0	0.0	0.0	2.89168	0.0081	20.58917	0.0	0.05031	0.0	0.00089	0.0	11.87275	6.1263	0.0	42.90507	0.0	44.04861	0.0	6.91338	0.0	0.0	0.0	0.0	0.0086	4.09544	0.40742	0.0
s__Prevotella_sp_CAG_5226	0	9.43975	0.0	6.15674	0.0	0.0	4.32941	0.0	1.08054	0.0	0.64318	0.0	0.0	0.0	0.0	0.70303	0.0	0.0	0.0	0.0	0.0	0.0	0.0	0.0	0.0	0.0	0.0	0.0	0.0	0.0	0.00163	0.0	0.0	0.0	0.0	0.0	0.0	0.0	2.4227	0.0	0.0	0.0	0.00171	0.0	1.05812
s__Butyrivibrio_crossotus	0	7.59587	0.76266	3.92892	0.0	0.84672	2.20856	0.0	42.79785	0.70774	0.08633	23.50414	4.87887	0.0	18.1374	0.22317	0.0	0.22146	0.0	14.01481	4.09938	16.43319	1.40329	0.0	0.0	2.07881	4.08617	1.56422	0.0	0.0	14.98909	0.68049	0.0	0.04159	0.0	0.0	8.47371	0.0	0.0	0.0	0.0	10.78844	5.58086	0.0	0.02921
s__Butyrivibrio_sp_CAG_318	0	4.2339	0.0	0.0	0.47132	1.03507	0.36515	0.0	0.2128	0.0	0.0	0.0	0.27546	0.0	0.0	1.08061	0.0	0.0	0.0	4.7764	0.0	25.92444	10.70752	0.0	0.0	0.0	0.0089	0.46304	0.0	0.35085	0.0	0.00772	0.0	0.30642	0.0	0.0	2.37898	0.0	0.0	0.0	0.0	0.0	0.0	0.0	0.0
s__Eubacterium_rectale	0	4.17021	0.05127	8.05915	5.59821	0.27498	0.89396	0.00956	0.92596	2.6201	3.47126	1.55419	0.0853	1.3283	0.27777	2.27811	0.0	5.61202	1.51064	12.02964	4.20717	0.08861	1.86652	0.98193	0.0	11.76617	15.93913	2.03172	21.31142	1.60403	1.74395	4.37176	7.23289	2.21461	6.05766	0.0	0.0	5.38403	5.21801	6.33883	10.10257	22.50273	11.65964	4.94676	19.2202
s__Prevotella_sp_CAG_1092	0	3.45463	0.0	3.0786	7.76365	4.17529	0.0	0.0	0.0	0.0	2.67118	0.0	0.0	0.0	0.0	0.0	0.0	0.0	0.0	0.0	0.0	0.0	0.0	0.0	0.0	0.0	0.0	0.0	0.0	4.82682	0.7572	0.0	1.35325	1.23864	1.1814	0.0	0.22931	0.0	0.0	0.0	0.0	0.0	2.79077	0.06726	0.0
s__Faecalibacterium_prausnitzii	0	2.67777	2.61987	2.97648	6.04799	2.84001	5.60066	0.24215	5.03872	8.7149	5.24595	6.90282	3.12735	29.90331	19.64386	12.83063	0.9132	10.14719	2.69111	13.38403	5.2449	4.85736	3.89012	5.71871	16.41233	6.72906	5.26506	28.94007	10.06529	4.17689	7.86554	1.22784	2.84756	4.3009	4.86373	3.64025	2.21753	0.0	2.78826	7.03896	5.17871	3.52098	7.12067	10.89124	0.68363
s__Roseburia_inulinivorans	0	2.42322	1.57121	9.04159	0.02157	2.83328	5.54621	0.0	0.17154	0.37286	1.65849	0.45842	0.42515	2.91185	1.09384	0.2034	0.0	12.75302	1.63377	0.20211	6.07194	1.24981	3.3015	0.43199	0.48015	2.4024	3.8068	2.21982	1.51729	0.67418	0.01737	0.0	2.79805	1.17147	3.01394	0.5208	3.0482	0.28005	0.54148	0.57172	1.56261	2.65174	0.35543	0.04937	0.02427
s__Prevotella_sp_AM42_24	0	2.28627	0.0	1.49622	0.10183	6.58341	2.37123	0.0	0.6741	1.65562	2.40511	0.0	0.0	0.0	0.0	2.73508	0.0	0.0	13.41118	1.04855	7.68459	1.65533	4.50473	9.6146	0.0	0.08866	0.0	0.0	10.30988	5.74974	2.69761	0.0	0.0	0.66261	0.0	0.0	1.04337	0.0	0.0	0.0	6.41138	0.37461	18.10423	0.20133	0.31293
s__Prevotella_sp_CAG_279	0	2.09166	2.13123	0.05639	0.46333	0.23363	0.27088	0.0	0.99097	1.17676	0.0	0.0	0.0	0.0	0.0	0.73265	0.0	0.0	0.0	0.0	0.0	0.31266	0.0	0.0	1.29068	10.29767	0.0	0.0	0.0	0.74298	1.39762	10.5103	0.55327	10.92588	0.35335	0.0	0.0	0.0	0.0	0.67741	1.75781	2.03859	0.6039	0.11153	0.0
s__Bacteroides_sp_CAG_530	0	2.02307	6.26218	2.8426	3.13146	0.0	1.4283	0.0	0.0	0.0	0.0	0.0	0.0	0.0	0.0	0.0	0.0	0.0	0.0	0.0	0.0	0.0	0.0	0.0	0.0	0.33232	0.0	0.0	0.0	0.33839	0.30133	0.0	2.66426	0.0	2.90847	0.0	0.32876	2.96002	0.0	0.0	2.1898	0.32368	0.42996	0.37818	0.0
s__Clostridium_sp_CAG_590	0	1.58925	0.0	0.0	0.0	0.0	0.73845	0.0	0.06817	0.0	0.0	0.0	0.0	0.14623	0.0	0.0	0.0	0.0	0.0	0.04111	0.50452	0.0	0.0	0.00284	0.0	0.0	0.00843	0.0	0.0	0.00786	0.0	0.0	0.0	0.0	0.0	0.0	0.0	0.0	0.0	0.0	0.0	0.23829	0.41108	0.32069	0.0
s__Ruminococcus_bromii	0	1.18662	1.2891	1.1587	2.89797	2.07583	0.00223	0.02249	1.00523	0.66203	2.94026	6.63859	3.99253	2.31627	0.00156	0.6611	3.92952	0.0	0.64687	0.10237	0.0337	2.11662	14.65787	2.43178	0.0	0.00849	1.62656	0.0	0.55737	0.0	0.00638	0.05061	0.0049	0.89054	0.00805	0.0	1.00671	0.0	0.0	0.0	0.00157	0.0	0.68522	5.8908	0.00918
s__Mitsuokella_multacida	0	1.1765	0.0	0.0	0.0	0.18964	0.03715	0.0	0.0	0.00627	0.0	0.0	0.0	0.0	0.0	0.0	1.32347	0.0	0.0	0.0	0.79833	0.0	0.0	0.0	0.0116	0.0	0.0	0.07724	0.0	3.46404	0.0	0.02457	0.0	0.0	0.0	0.0	0.26208	0.0	0.0	0.0	5.22325	0.02583	0.04091	0.17269	0.1676
s__Bacteroides_pectinophilus	0	1.15897	0.0	0.0	0.0	0.0	0.0	0.0	0.41572	0.38364	0.0	0.0	0.0	0.0	0.0	0.0	0.0	0.0	0.0	0.0	0.0	0.0	0.0	0.0	0.0	0.0	0.76218	0.0	0.0	0.0	0.27497	0.0	0.0	0.0	0.0	0.0	0.01717	0.0	0.0	0.0	0.0	0.0	0.0	0.0	0.0
s__Prevotella_stercorea	0	1.14695	2.92921	1.50031	9.0405	22.16916	11.71325	0.45638	6.59687	6.8645	4.57273	0.00136	0.0	0.0	0.0	6.89027	0.0	0.0	0.00076	0.0	0.0	0.18598	4.80967	1.61542	0.0	0.00374	0.0	5.4025	0.0	0.92914	1.65433	0.0	3.1857	0.19457	3.70884	0.0	6.5096	0.0	0.0	0.0	0.0	3.18608	10.82649	0.27209	0.0
s__Dorea_longicatena	0	1.09364	0.1471	2.63849	0.09446	0.8479	0.43099	0.01578	0.30189	0.52405	0.25031	0.32838	0.42686	0.58057	0.28836	0.08018	0.57967	0.83086	0.31481	0.19629	0.27835	0.27917	0.59973	0.27181	0.08435	0.45378	0.15118	0.35146	0.03747	0.51023	0.41253	0.122	0.4656	3.20376	0.49192	1.22989	0.76934	4.79129	0.84611	2.06666	2.58475	0.62137	0.32183	1.46308	0.36925
s__Eubacterium_sp_CAG_180	0	0.99306	0.0	0.03091	0.01459	0.03743	0.04132	0.00947	0.0	0.0	0.05408	0.0	2.70635	0.0	0.0	0.00314	0.0	0.0	0.0	0.0	0.0	0.6469	0.0	0.08201	0.0	0.01148	0.11019	0.0	0.0	7.02809	0.0	0.0	0.0	0.03724	0.0	0.0	3.68916	0.0	0.0	4.70648	0.0	2.11133	0.0	0.00124	0.0
s__Coprococcus_comes	0	0.96596	0.30204	0.33853	1.14047	0.08896	0.13881	0.03097	0.13218	0.26334	0.16705	0.18911	0.46174	0.23018	0.54428	0.33262	0.0	1.55845	0.01826	0.08065	0.06687	1.13911	0.68355	0.17673	0.10337	0.21095	0.08162	0.39173	0.07866	0.06965	0.49399	0.03419	0.07897	0.25785	0.0796	0.1131	0.51147	3.23561	0.15877	0.57634	1.08925	0.32169	0.16861	1.73384	0.42657
s__Anaerostipes_hadrus	0	0.70512	0.23113	0.5421	1.21112	0.03555	0.04712	0.01034	0.06703	0.06976	0.06743	0.0661	0.18636	0.06128	0.11304	0.0	0.0	2.37095	0.19692	0.00085	0.09376	0.01517	0.04274	0.01499	0.03187	0.25991	0.17562	0.0671	0.31108	0.02902	0.03078	0.02545	1.13464	2.42074	1.73457	9.44662	0.13822	0.0	0.24066	0.0226	0.09734	0.12771	0.0159	0.29845	0.12626
s__Eubacterium_eligens	0	0.68165	1.76102	1.47772	1.37953	1.84667	4.09923	0.00443	2.57514	0.70272	1.3427	2.74749	3.65841	1.30556	3.21677	0.19479	0.0	0.56595	0.23733	7.98446	1.83759	1.14165	1.43024	0.13297	2.82213	8.16457	3.11923	0.5701	1.75815	0.74505	1.30766	4.83025	1.77524	4.57501	1.41374	1.48965	1.6145	0.0	0.05786	1.50807	1.40067	1.1895	3.58816	1.63365	2.14941
s__Eubacterium_siraeum	0	0.67399	0.0	0.0	0.12573	0.00428	0.16442	0.0	0.03196	0.0	0.00318	0.3888	1.40461	0.0	0.48195	0.05943	0.0	0.0	0.00059	0.03384	0.0258	0.0	0.11521	0.0	0.0	0.0	0.01775	0.00842	1.46454	0.04207	0.00432	0.0	0.0	0.0	0.0	0.0	0.46213	0.0	0.0	0.06646	0.0	0.02318	0.00549	0.22663	0.01261
s__Catenibacterium_mitsuokai	0	0.66813	0.0	0.099	0.0	0.02242	0.13971	0.0	0.05499	0.42643	0.09017	0.04264	0.0	0.37866	0.0	0.49585	0.0	0.0	0.0	0.0	0.04007	0.45804	0.20964	0.05561	0.0	0.63629	0.0	0.0	0.0	0.86497	0.20101	0.0	0.0	0.38786	0.0	0.0	1.05673	0.0	0.0	0.0	1.11575	0.42534	0.07406	2.21779	0.0166
s__Dorea_formicigenerans	0	0.66625	0.35045	0.62973	0.46718	0.21494	0.32133	0.00599	0.22546	0.15061	0.65504	0.19429	0.27659	0.50638	0.12683	0.94169	0.0	0.13447	0.11646	0.12723	0.33213	0.3314	0.24877	0.04153	0.08969	0.23116	0.18113	0.19144	0.08703	0.44046	0.38183	0.07152	0.35644	0.77581	0.50694	0.21053	0.48027	0.89178	0.69335	1.52802	1.13794	0.85595	0.6799	0.54359	0.19256
s__Eubacterium_hallii	0	0.50784	0.2121	0.09996	0.09552	0.06904	0.13908	0.0	0.13508	0.28019	0.0981	0.04913	0.19986	0.05933	0.34037	0.02736	0.0	0.22667	0.05948	0.14569	0.35808	0.04265	0.11568	0.02104	0.1757	0.13732	0.39356	0.06283	0.00727	0.39773	0.09231	0.20891	0.02368	1.04927	0.01913	0.06645	0.43933	0.01356	0.64349	0.45138	0.31904	0.36922	0.07886	2.56948	0.07808
s__Oscillibacter_sp_57_20	0	0.50641	0.22569	0.87792	2.84679	0.33447	0.71961	0.0	1.60319	0.3531	0.44204	4.97236	4.20528	4.2305	2.04726	3.19949	0.0	0.02736	1.87	1.42893	0.51134	0.78856	0.19045	0.1435	0.1669	0.50198	1.44112	0.85385	0.29142	0.14601	1.50988	0.0	0.05031	1.94218	0.03997	0.0	0.45319	0.0	0.33757	0.72428	0.08352	0.24816	0.56724	1.29816	0.85841
s__Phascolarctobacterium_succinatutens	0	0.48899	0.0	0.4229	0.95099	2.29216	1.28034	0.0	0.0	0.0	0.0	0.0	0.0	0.0	0.0	7.66665	0.0	0.0	4.05232	0.0	0.0	0.0	11.42776	0.52272	0.69826	0.0	0.0	4.79865	0.0	0.0	2.70308	3.91573	0.69561	0.0	0.82165	0.0	0.0	0.0	0.0	2.54582	0.00496	0.20288	3.45823	0.5333	0.79262
s__Collinsella_aerofaciens	0	0.45355	0.18652	1.10384	0.64513	0.45667	0.67951	0.26144	0.72272	0.39932	0.25712	0.16983	0.79396	0.38988	0.35011	1.32156	0.0	0.65758	0.59103	0.17543	0.52225	0.19245	0.1667	0.15613	0.14483	0.29585	0.08479	0.08978	0.13968	0.44312	0.37367	0.02305	0.19259	0.33433	0.29983	0.15377	0.41655	1.18749	1.43324	0.5691	2.37004	1.02775	0.48259	1.02767	0.02668
s__Ruminococcus_torques	0	0.38477	1.67581	2.50535	1.07445	0.89791	1.79539	0.16109	0.38572	0.46132	10.11437	0.49561	1.09906	0.66363	0.59932	1.37697	0.0	2.71984	2.01928	1.19032	0.64271	0.53398	0.46944	0.53039	0.01423	0.75891	0.13139	1.62206	0.39988	0.2058	1.64465	0.06279	0.17945	3.94275	0.36705	5.61865	0.15768	0.29411	1.00481	0.27973	0.46596	1.47421	0.38535	0.77681	0.68994
s__Fusicatenibacter_saccharivorans	0	0.37977	0.12879	0.14708	0.02786	0.0611	0.09935	0.0	0.05895	0.10264	0.03338	0.17283	0.08432	0.43202	0.44611	0.01392	0.0	0.46636	0.0514	0.02133	0.26285	0.02568	0.06572	0.03257	0.02284	0.12538	0.15258	0.11033	0.06483	0.07393	0.01115	0.04589	0.06855	2.1974	0.11433	0.3939	0.11222	0.0	0.9687	0.56463	0.38411	0.12449	0.03204	0.60869	0.5341
s__Megasphaera_elsdenii	0	0.32966	0.0	0.0	0.0	0.0	0.0	0.0	0.0	0.0	0.0	0.0	0.0	0.0	0.0	0.0	0.17552	0.0	0.0	0.0	0.0	0.0	0.0	0.0	0.0	0.0	0.0	0.0	0.0	0.00197	0.0	0.0	0.0	0.0	0.0	0.0	0.0	0.0	0.0	0.0	0.5438	0.00522	0.0	0.0	0.0
s__Agathobaculum_butyriciproducens	0	0.2831	0.08251	0.05695	0.10316	0.0247	0.02796	0.0	0.04677	0.02305	0.09693	0.0752	0.17254	0.16498	0.03517	0.02137	0.0	0.38009	0.03273	0.01249	0.0821	0.0	0.0383	0.02384	0.02706	0.02863	0.0068	0.01436	0.06591	0.07838	0.04024	0.00461	0.16609	0.2381	0.16934	0.41311	0.07242	0.0	0.02577	0.26778	0.06936	0.03403	0.02942	0.0961	0.00164
s__Gemmiger_formicilis	0	0.2546	0.00494	0.08026	0.06503	0.13202	0.01736	0.01297	0.10854	0.05609	0.02107	0.08141	0.09588	0.27422	0.20971	0.03228	0.0	0.00794	0.0312	0.14153	0.06098	0.08785	0.00571	0.01094	0.09518	0.18135	0.27507	0.00878	0.05264	0.03697	0.05293	0.03619	0.09418	0.32119	0.13508	0.10482	0.11937	0.0	0.28274	0.20955	0.29352	0.09794	0.02661	0.16707	0.02408
s__Blautia_wexlerae	0	0.22637	0.10384	0.16088	0.40179	0.01704	0.01267	0.01848	0.01799	0.0	0.27721	0.02258	0.13079	0.0	0.24439	0.04525	0.01337	1.25034	0.08149	0.17861	0.00891	0.01825	0.01712	0.13066	0.33127	0.18767	0.88646	0.08219	0.18903	0.02281	0.02483	0.11994	0.12403	0.65735	0.15869	1.6262	0.06483	0.0	0.07582	0.16767	0.09777	0.12893	0.0033	0.17515	0.67569
s__Anaerobiospirillum_thomasii	0	0.22592	0.0	0.08562	0.0	0.13239	0.0	0.0	0.00538	0.01411	0.0	0.0	0.0	0.0	0.0	0.10972	0.0	0.0	0.0	0.0	0.0	0.00939	0.0	0.10821	0.0	0.0	0.0	0.0	0.0	0.17826	0.01001	0.0	0.0	0.0	0.0	0.0	0.29857	0.0	0.0	0.0	0.00591	0.20062	0.05841	0.02261	0.0
s__Blautia_obeum	0	0.1939	0.07743	0.01139	0.00881	0.02201	0.067	0.0	0.03895	0.02252	0.00562	0.02519	0.03823	0.3886	0.56429	0.0713	0.0	0.59509	0.03989	0.00536	0.11525	0.01604	0.01431	0.01447	0.00398	0.20799	0.06084	0.00299	0.01422	0.11807	0.05266	0.0069	0.02571	0.44357	0.01974	0.0	0.70847	0.23424	0.09595	0.58331	0.84711	0.13993	0.08681	0.03165	0.0
s__Haemophilus_parainfluenzae	0	0.16577	0.167	0.43327	0.09443	0.39932	0.90884	0.00661	0.01507	0.06875	0.41528	0.37094	0.0	0.12292	0.00382	0.58852	0.09999	3.02475	0.0132	0.0	0.0624	0.01968	0.08542	0.62529	0.08574	0.14144	0.04387	0.04332	0.18007	0.16682	0.00817	0.2208	0.40066	0.0105	0.3884	1.84036	0.90995	1.49602	0.01846	0.11067	2.50495	0.37211	0.0	0.0	0.30788
s__Firmicutes_bacterium_CAG_83	0	0.14248	0.0	1.35635	0.01256	0.15208	0.05316	0.17891	1.7445	2.02213	0.35334	1.72306	0.65892	4.45238	0.22944	0.56678	0.0	0.01651	4.62218	2.22507	0.13335	0.52139	0.12916	0.14466	0.45653	1.46622	0.29378	0.14388	0.03793	0.74348	0.4418	0.35727	0.0	0.2366	0.0	0.0	0.03823	0.0	1.82054	0.03715	0.03712	0.00318	0.12883	0.18731	0.00663
s__Eubacterium_ramulus	0	0.14101	0.02594	0.07257	0.08026	0.1491	0.06985	0.00379	0.07366	0.02469	0.0141	0.01193	0.12628	0.11508	0.01469	0.46465	0.0	0.09092	0.08909	0.0	0.01122	0.10699	0.03767	0.0	0.03223	0.04215	0.09983	0.04821	0.0066	0.0	0.03396	0.0	0.2189	0.0494	0.24846	0.07396	0.07726	0.70531	0.0147	0.06272	0.00626	0.03426	0.0	0.04005	0.15869
s__Escherichia_coli	0	0.14009	0.12813	0.01035	0.0	0.47955	3.12654	20.36397	0.50917	1.8622	0.09188	0.26368	0.44029	0.17087	0.0	0.50735	7.01396	0.67135	0.16843	0.10021	0.1861	0.01982	0.57175	0.0	0.07154	0.0	0.52676	0.05737	1.3069	0.87091	0.85782	0.19535	0.00856	0.19468	0.00972	19.97463	0.83699	4.8361	0.75777	3.24165	1.57727	0.43216	0.18224	0.90335	0.89897
s__Holdemanella_biformis	0	0.13332	0.6902	0.0775	0.38944	1.66462	0.14799	0.18115	0.04408	0.04625	0.08922	0.0639	0.01516	0.06452	1.39269	0.11937	0.0	0.0	0.19345	0.0768	0.23058	2.0588	0.21735	0.10477	0.0	0.18352	0.0	0.10937	0.0	0.17768	0.18532	0.0	0.69173	2.13595	0.68613	2.13296	0.33	0.0	0.21693	4.87124	1.49992	0.28105	0.10708	1.17705	0.13122
s__Brachyspira_sp_CAG_700	0	0.12836	0.0	0.0	2.223	0.0	0.0	0.0	0.0	0.0	0.0	0.0	0.0	0.0	0.0	0.0	0.0	0.0	0.0	0.0	0.0	0.0	0.0	0.81492	0.0	0.0	0.0	0.0	0.0	0.0	0.0	0.0	0.0	0.0	0.0	0.0	0.0	0.0	0.0	0.0	0.0	0.0	0.0	0.0	0.0
s__Coprococcus_catus	0	0.12109	0.02099	0.04006	0.03046	0.04306	0.04688	0.0091	0.13123	0.01258	0.00035	0.02798	0.08018	0.05351	0.01337	0.08933	0.0	0.03183	0.0	0.0116	0.05975	0.06419	0.05982	0.00066	0.02062	0.05247	0.03626	0.06317	0.03782	0.02837	0.01225	0.0	0.0	0.08962	0.0	0.00063	0.17909	0.0	0.1189	0.17297	0.04602	0.06729	0.01677	0.22299	0.20309
s__Roseburia_sp_CAG_471	0	0.10031	0.14595	0.05778	0.0	0.0	0.00589	0.0	0.01938	0.06021	0.0	0.00253	0.07185	0.02279	0.02284	0.08926	0.0	0.01682	0.0	0.0	0.06992	0.00064	0.13066	0.0251	0.01775	0.00472	0.29671	0.04062	0.0	0.0545	0.01046	0.03908	0.21158	0.61363	0.24841	0.11855	0.16415	0.0	0.00237	0.00315	0.10376	0.11786	0.04785	0.02746	0.00081
s__Clostridium_sp_CAG_167	0	0.09872	0.0	0.0	0.0	0.18041	0.01535	0.0	0.19204	0.0	0.0	0.01309	0.0	0.31331	0.09758	0.0	0.0	0.0	0.0	0.0	0.0	0.0	0.0	0.0	0.0	0.0	0.27735	0.0	0.0	0.0	0.0	0.0	0.0	0.0	0.0	0.0	0.0	0.0	0.0	0.0	0.0	0.0	0.0	0.0	0.0
s__Parabacteroides_distasonis	0	0.09251	0.71399	0.00185	0.40352	0.03811	0.05097	3.18948	0.13022	0.34249	0.24952	0.53168	1.33157	0.18998	1.08048	0.01845	4.46767	0.13962	0.30809	0.06949	0.1493	0.01744	0.19101	0.13243	0.36643	0.99192	1.31053	0.27248	1.35701	0.0	0.0	1.07226	0.1231	1.62468	0.13703	0.33008	0.45428	1.95834	0.88661	0.65153	0.09145	0.07993	0.08968	0.0	0.1965
s__Clostridium_sp_CAG_632	0	0.07207	0.0	0.10603	0.48263	0.0	0.0	0.0	0.02973	0.11778	0.0	0.1182	0.02305	0.0	0.0	0.46909	0.0	0.0	0.0	1.16102	0.72692	4.53302	0.0	0.0	0.0	0.00051	0.0	0.0	0.0	0.14108	0.0187	0.0	0.0	0.0	0.0	0.0	0.27241	0.0	0.0	0.0	0.0	3.34636	0.0	0.0	0.0
s__Streptococcus_salivarius	0	0.07012	0.0	0.08289	0.13039	0.24974	0.00689	0.03101	0.00603	0.0	0.00615	0.01579	0.0	0.0	0.0013	0.17947	0.03083	5.36277	0.01177	0.00746	0.32079	0.30208	0.46261	2.62194	0.00912	0.18206	0.1045	0.00774	0.38663	0.24909	0.0	0.83916	1.87187	0.12821	1.6699	1.43416	0.01705	0.15908	0.05822	0.26189	1.1982	0.0	0.0	0.0	0.0032
s__Veillonella_parvula	0	0.06887	0.0	0.11513	0.0	0.21136	0.50328	0.00918	0.29906	0.0	0.26937	0.12896	0.0	0.19811	0.00904	0.09012	0.06443	0.81309	0.01773	0.0	0.01721	0.08868	0.19237	1.52688	0.16116	0.03537	0.01765	0.01713	0.16908	0.04583	0.01433	0.18802	0.0623	0.0	0.07964	0.32581	0.03832	0.27278	0.05969	0.07768	2.31321	0.00399	0.0	0.0	0.01105
s__Haemophilus_sp_HMSC71H05	0	0.06777	0.0	0.05677	0.09143	0.11372	0.08137	0.0	0.00847	0.0074	0.08227	0.0	0.0	0.0	0.0	0.0	0.01162	0.0	0.0	0.0	0.03354	0.03695	0.0436	0.12777	0.1279	0.0	0.03242	0.0565	0.02456	0.10677	0.00824	0.03272	0.14446	0.08185	0.13768	2.60339	0.16915	0.0	0.01244	0.0	1.00476	0.06537	0.01255	0.0	0.0
s__Slackia_isoflavoniconvertens	0	0.06373	0.0	0.07485	0.00776	0.00915	0.01186	0.02409	0.02982	0.02274	0.03696	0.01152	0.17771	0.00963	0.01942	0.00875	0.0	0.0232	0.0	0.00125	0.08599	0.01331	0.00229	0.0	0.0	0.04357	0.0	0.0	0.0	0.00228	0.04296	0.00241	0.02331	0.04767	0.04668	0.0615	0.01945	0.0	0.0	0.0	0.45262	0.01306	0.01769	0.03274	0.02088
s__Oscillibacter_sp_CAG_241	0	0.05442	0.0	0.07513	0.7057	0.35833	0.03995	0.63467	1.58052	0.2004	0.02723	0.72924	2.47135	1.80143	5.63825	3.4389	0.0	0.0	1.57355	2.17046	0.0985	0.57526	0.17136	0.05358	0.07327	0.27623	0.19473	0.01468	0.0063	0.10061	3.363	0.03748	0.0	0.13864	0.0	0.0	0.11757	0.0	0.0	0.12468	0.11539	0.22568	0.01576	1.14518	0.07829
s__Ruminococcus_sp_CAG_563	0	0.05104	0.0	0.0	0.48464	0.04795	0.00333	0.0	0.0	0.00821	0.0	0.0	0.52788	0.00383	0.0003	0.0	0.0	0.0	0.0	0.00129	0.0	11.2397	0.0	0.0	0.00087	0.0	0.0	0.0	0.0	0.03426	0.0	0.0	0.0	1.59747	0.0	0.0	0.0039	0.0	0.0	0.0	0.0	0.0	0.0	0.00067	0.0
s__Firmicutes_bacterium_CAG_110	0	0.04779	0.0	0.01872	0.33672	0.11105	0.0303	0.0	0.11538	0.27326	0.24975	0.294	1.63079	4.0338	0.02307	0.15253	0.0	0.0	0.0	0.22329	0.0479	0.76486	0.20925	0.02816	0.10626	0.00824	0.26029	0.15657	0.0	0.00909	1.27669	0.0	0.0	0.20292	0.0	0.0	0.08208	0.0	0.0	0.0	0.0	0.01106	0.21919	0.62996	0.01836
s__Bacteroides_vulgatus	0	0.03756	0.9392	0.00299	0.06986	0.05559	0.42079	31.56972	0.56317	0.07243	0.22767	3.27364	2.57812	1.17401	2.85489	0.01889	0.01974	2.43224	0.24456	0.59755	0.40678	0.02597	0.479	0.03333	0.61906	6.14678	11.80992	0.0	0.0	0.03049	0.02758	6.04839	0.17984	1.29799	0.1495	10.21997	0.72841	0.0	18.45823	7.34236	0.7003	1.53618	0.12306	3.12408	43.6558
s__Ruminococcus_bicirculans	0	0.03743	0.0	0.04074	0.00285	0.03418	0.0	0.0	0.09348	0.35875	0.17344	0.0	0.16202	2.56719	0.54078	0.93542	0.0	0.0	2.75041	0.02637	0.0	0.20449	0.00429	0.0	4.96138	1.13803	0.0	0.0	0.0	0.52501	6.34627	1.99754	0.0	0.0	0.0	0.0	0.02361	0.0	0.00348	0.15713	0.00134	0.37064	0.50363	0.37163	0.03514
s__Streptococcus_parasanguinis	0	0.03346	0.0	0.11353	0.06833	0.07625	0.0	0.13713	0.0716	0.0	0.03763	0.0	0.0	0.0	0.0	0.00239	0.05364	0.54333	0.01251	0.0	0.22151	0.10492	0.13696	1.31565	0.05601	0.04013	0.0609	0.01259	0.12175	0.15521	0.0	0.13774	1.11636	0.01617	0.88298	0.66155	0.03664	0.03999	0.0	0.03536	0.64412	0.03184	0.0	0.02653	0.0
s__Veillonella_dispar	0	0.03105	0.00722	0.19588	0.0	0.21923	0.14042	0.02729	0.08693	0.0	0.42218	0.01393	0.0	0.13087	0.0	0.05378	0.00974	3.34113	0.10026	0.0	0.1142	0.02949	0.0361	1.14654	0.13779	0.0	0.01696	0.01887	0.29819	0.06298	0.0	0.0649	0.74029	0.07702	0.43806	3.17939	0.13055	0.02035	0.06249	0.0	0.5013	0.0874	0.0	0.0	0.00347
s__Clostridium_sp_CAG_413	0	0.03097	0.0	0.0	0.00947	0.07756	0.37269	0.0	0.0	4.70171	0.05446	0.0	5.51482	0.0	0.0	0.0	0.0	0.0	0.0	0.0	0.0	0.0	0.0	0.0	0.0	0.0	0.0	0.0	0.0	0.0	22.56526	0.0	0.0	0.0	0.0	0.0	0.0	0.0	0.0	0.0	0.0	0.0	0.0	42.87031	0.0
s__Eubacterium_sp_OM08_24	0	0.03055	0.0	0.09788	0.07388	0.12099	0.05078	0.0	0.17347	0.0	0.0	0.0	0.0	0.0	0.0	10.04341	0.0	0.05907	0.0	0.16403	0.0	0.64287	0.0	0.0	0.0	0.38539	0.0	0.0	0.0	0.0	0.21469	0.05035	0.0	5.49285	0.0	0.0	0.08731	0.0	0.0	1.71473	0.0	0.71427	0.0	0.0	0.0
s__Eubacterium_coprostanoligenes	0	0.0183	0.0	0.0	0.0	0.01176	0.00717	0.0	0.0	0.0	1.41227	0.0	0.01453	0.0	0.03429	0.0	0.0	0.0	0.0	0.0	0.0	0.01702	0.0	0.02636	0.0	0.0	0.0	0.02327	0.0	0.01928	0.01982	0.02361	0.1843	0.0	0.27126	0.0	0.01594	0.0	0.0	0.0	0.0	0.0	0.00694	0.02938	0.0
s__Neisseria_flavescens	0	0.01011	0.0	0.07476	0.0	0.0	0.0	0.0	0.0	0.0	0.00621	0.0	0.0	0.0	0.0	0.0	0.0	0.149	0.0	0.0	0.0	0.0	0.0	0.0252	0.0	0.0	0.0	0.0	0.0	0.0	0.0	0.0	0.03846	0.0	0.0116	0.02413	0.0	0.0	0.0	0.0	0.0	0.0	0.0	0.0	0.0
s__Rothia_mucilaginosa	0	0.00987	0.0	0.02643	0.00488	0.00651	0.0	0.01171	0.0	0.0	0.00112	0.0	0.0	0.0	0.0	0.03277	0.00096	0.07604	0.0	0.0	0.0	0.00067	0.0	0.01872	0.0	0.0	0.0	0.0	0.00669	0.00838	0.0	0.01789	0.11452	0.0	0.13168	0.10588	0.00685	0.00337	0.0	0.00132	0.0	0.0	0.0	0.0	0.0
s__Blastocystis_sp_subtype_1	0	0.00926	0.0	0.01773	0.0	0.0	0.0	0.0	0.0	0.0	0.0	0.0	0.0	0.0	0.00536	0.032	0.0	0.0	0.0	0.0	0.07054	0.0	0.0	0.0	0.0	0.0	0.0	0.0	0.0	0.0	0.0	0.0	0.0	0.13853	0.0	0.0	0.0	0.0	0.0	0.0	0.0	0.00279	0.0	0.0	0.0
s__Firmicutes_bacterium_CAG_95	0	0.00855	0.02223	0.00869	0.03658	0.00218	0.02721	0.0	0.83049	0.5171	0.01445	0.88175	0.7718	0.4399	0.00583	0.53879	0.0	0.0	0.0	0.06594	0.05296	0.4488	0.2778	0.0	0.10786	0.0	0.0	0.02715	0.02619	0.00761	0.04063	0.0	0.0004	0.08861	0.0	0.02013	0.26285	0.0	0.0	0.0	0.0	0.01413	0.04855	0.61425	0.0
s__Firmicutes_bacterium_CAG_170	0	0.00834	0.0	0.05092	1.52387	0.01241	0.01156	0.0	1.25088	0.75141	0.03976	2.90973	1.0276	10.76389	0.53059	0.08348	0.0	0.0	0.02193	6.68758	0.05902	0.02003	0.04755	0.0	0.59171	0.0	0.0	0.11308	0.01059	0.02906	1.10387	0.0	0.0	0.27902	0.0	0.0	1.60437	0.0	0.0	0.0	0.0	0.01433	0.0	0.21528	0.0
s__Roseburia_hominis	0	0.00787	0.0033	0.28194	0.25511	0.05851	0.48464	0.0	0.18701	0.0	0.0	0.02651	0.09352	0.4764	0.58223	0.0	0.0	0.0	0.00612	0.0	0.53981	0.0	0.05191	0.0037	0.0	0.17061	0.7351	0.0	0.03631	0.0	0.03786	0.0	0.0706	2.29089	0.04471	0.00788	0.22245	0.00699	0.2029	0.0	0.0	0.01221	0.0	0.05068	0.0
s__Allisonella_histaminiformans	0	0.00773	0.0	0.0	0.0	0.0	0.0	0.00178	0.00329	0.0	0.0	0.0	0.0	0.0	0.0	0.0	0.0	0.0	0.0	0.0	0.0	0.0	0.0	0.0	0.0	0.0	0.0	0.0	0.0	0.00083	0.0	0.0	0.0	0.0	0.0	0.0	0.0	0.0	0.0	0.04059	0.01331	0.0	0.0	0.0	0.0
s__Haemophilus_sputorum	0	0.00726	0.00844	0.00384	0.0	0.0	0.127	0.0	0.0	0.0	0.0	0.02102	0.0	0.0	0.0	0.10165	0.0	0.02738	0.0	0.0	0.0	0.0	0.0	0.0	0.0	0.0056	0.0	0.0	0.00199	0.0	0.0	0.0	0.0	0.0	0.0	0.00041	0.0	0.09685	0.0	0.0	0.0	0.0	0.0	0.0	0.0
s__Alistipes_finegoldii	0	0.00558	0.0	0.0	0.0	0.0	0.0	0.0	0.01284	0.0	0.0	0.01518	0.23403	0.18051	0.0	0.0	0.0	0.0	0.57852	0.0	0.00365	0.0	0.0077	0.0	0.00268	0.32189	0.1292	0.0	0.03411	0.0	0.0	0.0	0.0	0.0	0.0	0.0	0.0	0.0	0.00135	0.08299	0.0	0.0	0.0	0.0	0.00426
s__Coprococcus_eutactus	0	0.00499	0.0	4.28545	0.0451	0.22213	0.00834	0.0	0.40838	1.27765	0.08622	0.01688	0.0007	0.67486	0.0	0.0	0.0	0.0	0.9305	0.02201	0.0	0.02305	0.0	0.03184	0.0	0.00153	0.0	0.02947	0.0	0.03515	0.0	0.0	0.0	0.0	0.0	0.0	0.00257	0.0	0.08614	0.0	0.0	1.52341	0.0	0.47337	0.11254
s__Firmicutes_bacterium_CAG_534	0	0.00463	0.0	0.0	0.03683	0.0	0.0	0.0	0.90954	0.00106	0.0	0.0	2.2146	0.0199	0.0	0.0	0.0	0.0	0.0	0.0	0.0	0.0	0.0	0.0	0.0	0.0	0.0	0.0	0.0	0.0	0.82308	0.0	0.0	0.0	0.0	0.0	0.05115	0.0	0.0	0.0	0.0	0.0	0.0	0.0	0.0
s__Clostridium_sp_CAG_510	0	0.00201	0.0	0.76231	0.87438	0.0	0.01349	0.0	0.0	0.81282	0.92833	0.06071	1.83398	0.0	0.0	0.0	0.0	0.0	0.0	0.0	0.47279	0.1381	0.05079	0.0	0.0	0.0	0.60326	0.79597	0.0	0.0	0.0445	0.0	0.0	0.07298	0.0	0.0	0.16846	0.0	0.0	0.0	0.0	0.0	0.0	0.0	0.12179
s__Streptococcus_mitis	0	0.00137	0.0	0.0377	0.01249	0.0485	0.21601	0.2501	0.0204	0.00058	0.08423	0.07922	0.0	0.00351	0.0213	0.10383	0.01287	0.18733	0.0	0.0	0.0	0.0	0.05289	0.0	0.03618	0.00802	0.01764	0.0057	0.00949	0.0	0.0	0.0	0.09418	0.0	0.17826	0.43531	0.00223	0.0	0.0	0.0	0.0	0.0	0.0	0.0	0.00463
s__Fusobacterium_mortiferum	0	0.0	2.60198	0.0	0.0	0.0	0.0	0.0	0.0	0.0	0.0	0.0	0.0	0.0	0.0	0.0	0.0	0.0	0.0	0.0	0.0	0.0	0.00234	0.0	0.0	0.1514	0.0	0.0	0.0	0.0	0.0	0.0	0.0	0.0	0.0	0.0	0.0	0.0	0.0	0.0	0.0	0.0	0.0	0.0	0.0
s__Parabacteroides_merdae	0	0.0	0.67323	0.0	0.21456	0.0	0.0	0.0	0.38881	0.00764	0.0206	0.26446	0.01003	0.06707	0.31409	0.0	0.0	0.0	0.74531	0.0	0.32355	0.0	0.0	0.06325	0.89813	0.34249	0.00031	0.02334	0.0	0.0	0.0	0.16876	0.0	1.18737	0.0	0.0	0.0	0.0	5.04107	0.82084	0.38699	0.03252	0.0	0.0	0.52285
s__Bacteroides_caccae	0	0.0	0.56897	0.0	0.0	0.0	0.0	0.09952	0.04067	0.00959	0.76975	1.36819	0.1057	0.21706	0.0	0.0	5.46982	0.6653	0.00596	0.07666	0.35556	0.0	0.77585	0.21009	0.73133	1.17881	0.23682	0.45066	0.0	0.0	0.0	0.80827	0.00418	0.69276	0.00051	0.24464	0.11516	0.0	2.91276	2.23694	0.05624	0.0	0.0	0.0	0.91147
s__Bacteroides_clarus	0	0.0	0.53702	0.0	0.0	0.0	0.0	0.0	0.0	0.0	0.05045	0.0	0.71781	0.0	0.0	0.0	0.0	0.0	0.0	0.07847	0.01345	0.0	0.0	0.0	0.0	1.34889	0.13933	0.0	0.0	0.0	0.0	0.0	0.0	0.0	0.0	0.0	0.0	0.0	0.0	0.0	0.0	0.0	0.0	0.0	0.04838
s__Megamonas_funiformis	0	0.0	0.47651	0.0	0.0	0.0	0.0	31.11939	0.0	0.0	0.0	0.0	0.10191	0.0	0.0	0.0	0.0	0.0	0.0	0.0	0.0	0.0	0.0	0.0	0.0	0.0	0.0	0.0	0.0	0.0	0.0	0.0	0.0	0.0	0.0	0.0	0.0	0.0	0.68621	0.04279	0.0	0.0	0.0	0.0	0.0
s__Odoribacter_splanchnicus	0	0.0	0.44264	0.09258	0.34795	0.00089	0.00292	0.15296	0.25568	0.12282	0.46208	0.55903	1.05916	0.22763	0.7935	0.0	0.02661	0.01959	0.09185	0.46058	0.88473	0.05761	0.06388	0.06337	0.3346	0.17151	0.31594	0.13249	0.86859	0.0	0.0	1.48278	0.05346	0.91471	0.05002	0.01647	0.64292	0.0	2.07019	0.08019	0.04667	0.0	0.0	0.00266	0.20269
s__Bacteroides_thetaiotaomicron	0	0.0	0.38344	0.0	0.0	0.0	0.0	0.02224	0.20971	0.49929	0.13525	0.5415	1.05821	0.1932	0.46247	0.0	11.68163	0.02757	0.23983	0.00871	0.22043	0.0	0.28778	0.34929	0.70217	0.60838	1.07411	0.13385	0.0	0.0	0.0	0.3284	0.1793	2.41418	0.17829	0.25376	0.15563	0.88832	0.8005	0.13126	0.02681	0.0	0.0	0.0	0.72233
s__Bacteroides_stercoris	0	0.0	0.34646	0.0	0.0	0.0	0.0	0.0	0.05009	0.0	0.0	2.32578	0.31333	0.85227	2.70024	0.0	0.0	0.51609	1.08607	0.0	0.0	0.0	0.0	0.0	0.0	0.01159	3.69491	0.06683	0.13635	0.0	0.0	2.0781	0.0	0.10339	0.0	0.0	0.0	0.0	0.0	1.38204	0.05734	0.00345	0.0	0.0	0.0
s__Lachnospira_pectinoschiza	0	0.0	0.25682	0.02535	0.0	0.01845	1.0479	0.0	0.00493	0.0	0.0	0.0	0.0	0.0	0.0	0.0	0.0	0.0	0.0	0.0	0.0	0.0791	0.10011	0.31582	0.0	0.27121	0.1784	0.0	0.0	0.15754	0.0	0.02805	0.0	0.0	0.0	2.21964	0.0	0.0	0.0	0.03599	0.60349	0.14216	0.70822	0.0	0.0
s__Bacteroides_ovatus	0	0.0	0.25221	0.0	0.0	0.00575	0.0	0.0	0.14213	0.0217	0.0	0.2025	1.11165	0.41524	0.26396	0.00573	0.13091	0.0	0.15646	0.10194	0.08547	0.00122	0.0946	0.08491	0.2566	0.36669	0.01751	0.0	0.74633	0.0	0.0	0.13291	0.33057	0.10816	0.36681	0.80498	0.01341	0.42288	3.1802	0.06796	0.0	0.06059	0.0	0.0	2.68562
s__Bacteroides_uniformis	0	0.0	0.2493	0.06906	0.0	0.11614	0.01771	0.75854	0.29244	0.28855	0.5213	0.35156	4.31333	2.01811	1.6998	0.017	9.87865	1.83523	0.687	0.04759	1.62245	0.00217	0.01283	0.26146	4.1377	13.04181	15.2608	0.64274	0.85207	0.0	0.0	11.73968	0.04672	3.5368	0.03795	0.08343	0.02342	1.42214	9.65957	2.47224	0.05614	0.0	0.0	0.0069	6.1925
s__Bacteroides_dorei	0	0.0	0.17949	0.0	0.0	0.0	0.0	0.0	0.00766	0.19352	0.0	0.0	0.0	0.09182	0.0	0.0	0.00651	0.0	0.02325	0.0	0.29908	0.0	0.0	0.0	0.07996	6.58042	0.0	1.06035	0.0	0.0	0.0	0.0	0.0	0.69918	0.0	0.0	0.0	0.0	0.0	0.0	0.0	0.0	0.0	0.0	0.0
s__Roseburia_sp_CAG_303	0	0.0	0.16448	0.08339	0.0	0.0	0.07937	0.0	0.00396	0.0	0.09071	0.04347	0.07123	0.0	0.0	0.0	0.0	0.03261	0.0	0.0	0.0	0.0	0.007	0.00168	0.0	0.04733	0.00321	0.04126	0.0	0.0	0.04155	0.21997	0.0	0.12368	0.0	0.0	0.0	0.0	0.0	0.0	0.0	0.0	0.02896	0.0	0.0
s__Clostridium_hiranonis	0	0.0	0.15583	0.0	0.0	0.0	0.0	0.0	0.0	0.0	0.0	0.0	0.0	0.0	0.0	0.0	0.0	0.0	0.0	0.0	0.0	0.0	0.0	0.0	0.0	0.0	0.0	0.0	0.0	0.0	0.0	0.0	0.0	0.0	0.0	0.0	0.0	0.0	0.0	0.0	0.0	0.0	0.0	0.0	0.0
s__Butyricimonas_virosa	0	0.0	0.11987	0.0	0.0	0.0	0.00096	0.00219	0.00231	0.0	0.07045	0.01091	0.38468	0.0288	0.21362	0.0	0.0	0.0	0.00119	0.0	0.0	0.0	0.0	0.0	0.0	0.1695	0.04251	0.00302	0.0	0.0	0.0	0.02539	0.0	0.00989	0.0	0.0	0.0	0.0	0.06397	0.2184	0.0	0.0	0.0	0.0	0.04257
s__Megamonas_hypermegale	0	0.0	0.07026	0.0	0.0	0.0	0.0	2.59213	0.0	0.0	0.0	0.0	0.0	0.0	0.0	0.0	0.0	0.0	0.0	0.0	0.0	0.0	0.0	0.0	0.0	0.0	0.0	0.0	0.0	0.0	0.0	0.0	0.0	0.0	0.0	0.0	0.0	0.0	0.11713	0.01983	0.0	0.0	0.0	0.0	0.0
s__Prevotella_bivia	0	0.0	0.04558	0.0	0.0	0.0	0.0	0.0	0.0	0.00756	0.0	0.0	0.0	0.0	0.0	0.0	0.0	0.0	0.0	0.0	0.0	0.0	0.0	0.0	0.0	0.0	0.0	0.0	0.0	0.0	0.0	0.0	0.0	0.0	0.0	0.0	0.0	0.0	0.0	0.0	0.0	0.0	0.0	0.00594	0.0
s__Alistipes_shahii	0	0.0	0.03937	0.00584	0.01926	0.0	0.0	0.00787	0.03376	0.01781	0.16631	0.04364	0.24891	0.11896	0.38324	0.0	0.0	0.0	0.05702	0.03691	0.50645	0.0	0.04549	0.00158	0.01346	0.24435	0.10944	0.01404	0.15041	0.0	0.0	0.76963	0.0372	0.08423	0.03849	0.0	0.02834	0.0	1.05646	0.0163	0.03458	0.0	0.0	0.03782	0.02637
s__Cutibacterium_acnes	0	0.0	0.0329	0.02067	0.0	0.0106	0.00567	0.0	0.02622	0.0176	0.0	0.0	0.03911	0.0	0.00925	0.02873	0.03645	0.0	0.00424	0.0194	0.02345	0.01346	0.0	0.00722	0.0	0.0	0.0	0.0	0.0	0.0	0.02181	0.0	0.00266	0.0	0.0	0.0075	0.0	0.0	0.0	0.0	0.0	0.0	0.0	0.0	0.0
s__Bacteroides_xylanisolvens	0	0.0	0.02519	0.0	0.0	0.00421	0.0	0.0441	0.17091	0.01402	0.02112	0.12313	0.02449	0.00911	0.90504	0.0	12.99625	0.05151	0.12043	0.00134	0.24663	0.03415	0.0	0.09815	0.18967	0.41343	0.64548	0.01103	1.09385	0.0	0.0	3.81553	0.0326	0.03059	0.03179	0.01883	0.01191	4.48751	1.28307	0.03381	0.14001	0.06533	0.0	0.0	0.08035
s__Ruminococcus_gnavus	0	0.0	0.02333	0.0	0.0	0.0	0.02286	0.02423	0.0	0.0	0.0	0.0	0.0	0.0	0.0	0.0	10.04343	0.2301	0.0	0.0	0.0	0.0	0.01343	0.0	0.22492	0.0	0.0	0.0	0.0	0.0	0.0	0.0	0.0	0.0	0.0	1.45602	0.0	0.65761	0.0	0.02039	0.02931	0.0	0.0	0.0	0.0
s__Intestinibacter_bartlettii	0	0.0	0.02001	0.0	0.0	0.28439	0.02247	0.0	0.04447	0.0	0.0	0.0149	0.01929	0.00278	0.01699	0.0	0.00651	0.0127	0.0	0.01257	0.08698	0.05459	0.21332	0.00309	0.0	0.0	0.0	0.00778	0.0	0.04645	0.00156	0.00195	0.0	0.0	0.0	0.11261	0.23273	0.06359	0.04468	0.06081	0.16642	0.01858	0.02905	0.0	0.0
s__Turicibacter_sanguinis	0	0.0	0.01889	0.0	0.0	0.0	0.04835	0.0	0.00341	0.0	0.00525	0.00995	0.0	0.05779	0.00381	0.0	0.0	0.04436	0.0	0.0	0.03206	0.0	0.13628	0.01663	0.0	0.0	0.0	0.10934	0.0	0.085	0.0	0.0	0.0	0.0032	0.0	0.0	0.05447	0.0	0.13469	0.01016	0.0	0.00977	0.0	0.0	0.0
s__Flavonifractor_plautii	0	0.0	0.01752	0.0	0.0	0.0	0.0	0.0	0.0	0.0	0.0	0.0	0.0	0.0	0.0	0.0	0.30942	0.00099	0.0	0.0	0.0	0.0	0.0	0.0	0.0	0.0	0.0	0.0	0.03953	0.0	0.0	0.0	0.0	0.0	0.0	0.0	0.0	0.8361	0.01739	0.01009	0.0	0.0	0.0	0.0	0.0
s__Alistipes_putredinis	0	0.0	0.01612	0.04278	0.0	0.00227	0.0	0.01387	0.01986	0.01912	0.05517	13.67067	6.90041	0.34553	6.95424	0.0	0.0	0.0	0.04579	0.02879	0.62846	0.0	0.0	0.0013	0.57727	0.21072	0.38898	0.19671	6.82063	0.0529	0.0	0.05134	0.00836	0.09111	0.0	0.0	0.06235	0.0	0.123	4.09804	1.08501	0.0	0.0	0.0	0.14078
s__Lactobacillus_rogosae	0	0.0	0.00907	0.01433	0.0	0.01773	0.02493	0.0	0.0	0.0	0.0	0.0	0.0	0.0	0.0	0.0	0.0	0.0	0.0	0.0	0.0	0.01118	0.03895	0.00802	0.0	0.11189	0.00944	0.0	0.0	0.0	0.0	0.00646	0.0	0.0	0.0	0.02656	0.0	0.0	0.0	0.03818	0.03542	0.04015	0.00636	0.0	0.0
s__Bacteroides_finegoldii	0	0.0	0.00709	0.0	0.0	0.0	0.0	0.0	0.00235	0.00081	0.0	0.0	0.0	0.0	0.12751	0.0	2.33615	0.08093	0.00679	0.00554	0.0	0.0	0.0	0.0	0.0	0.43136	0.0	0.0	0.0	0.0	0.0	0.0	0.05089	0.0	0.04641	0.0	0.0	0.0	0.0	0.46676	0.0	0.00548	0.0	0.0	0.84085
s__Parabacteroides_goldsteinii	0	0.0	0.00653	0.0	0.0	0.0	0.0	0.00507	0.0	0.0	0.01721	0.08329	0.22805	0.0	0.0	0.0	0.93152	0.0	0.01405	0.0	0.0	0.0	0.00732	0.0	0.0	0.12317	0.90816	0.06563	0.23798	0.0	0.0	0.2821	0.0	0.0	0.0	0.0	0.0	0.0	0.0	0.01461	0.0	0.0	0.0	0.0	0.07685
s__Bacteroides_fragilis	0	0.0	0.00493	0.02575	0.23226	0.0	0.0	0.11359	0.0	0.0	0.0	0.0	0.08581	0.0	0.38317	0.45059	16.61222	0.26748	0.04465	0.0	0.0	0.0	0.04528	0.02845	0.0	0.0	0.7744	0.11334	0.0	0.0	0.0	0.65668	0.0	0.01319	0.0	0.44176	0.0	9.68817	0.0	0.68446	1.77455	2.91823	0.0	0.0	0.04221
s__Bacteroides_galacturonicus	0	0.0	0.00308	0.0	0.0	0.0	0.0176	0.0	0.0	0.0	0.0	0.0	0.0	0.0	0.0	0.0	0.0	0.0	0.0	0.0	0.0	0.0	0.0	0.02187	0.0	0.00751	0.0	0.0	0.0	0.0	0.0	0.0	0.0	0.0	0.0	0.0	0.0	0.0	0.0	0.0	0.18814	0.052	0.11713	0.0	0.0
s__Veillonella_infantium	0	0.0	0.00196	0.03449	0.0	0.1943	0.0823	0.01379	0.02623	0.0	0.14782	0.02371	0.0	0.13688	0.00192	0.02597	0.00566	1.03233	0.06128	0.0	0.01575	0.01447	0.00796	0.49769	0.05843	0.01853	0.00251	0.0	0.19044	0.02069	0.00131	0.05253	0.20953	0.0	0.12488	1.60903	0.04426	0.02838	0.01644	0.0	0.30413	0.02351	0.0	0.0	0.00721
s__Ralstonia_pickettii	0	0.0	0.00167	0.0	0.0	0.0	0.0	0.0	0.0	0.0	0.0	0.0	0.0	0.0	0.0	0.0	0.0	0.0	0.0	0.0	0.0	0.0	0.0	0.0	0.0	0.0	0.0	0.0	0.0	0.0	0.0	0.0	0.0	0.0	0.0	0.0	0.0	0.0	0.0	0.0	0.0	0.0	0.0	0.0	0.0
s__Bacteroides_nordii	0	0.0	0.00108	0.0	0.0	0.0	0.0	0.0	0.0	0.0	0.00161	0.0	0.0	0.0	0.0	0.0	0.00934	0.0	0.0	0.00039	0.00058	0.0	0.0	0.0	0.00109	0.01311	0.04195	0.0	0.0	0.0	0.0	0.02924	0.0	0.0	0.0	0.0	0.0	0.0	0.00032	0.0	0.0	0.0	0.0	0.0	0.21127
s__Prevotella_sp_885	0	0.0	0.0	2.76274	16.82452	1.62759	3.65257	0.0	0.0	0.0	1.75077	0.0	0.0	0.0	0.0	0.0	0.0	0.0	7.35122	3.50649	0.0	0.0	7.71791	0.0	0.0	0.1139	0.0	0.0	0.0	5.57299	1.38203	17.33098	0.75627	14.44099	0.83702	0.0	0.0	27.4945	0.0	0.0	0.0	0.0	0.35065	0.00223	0.0
s__Ruminococcus_lactaris	0	0.0	0.0	1.1095	0.0	0.8123	0.07279	0.10567	0.0	0.0	0.17169	0.25318	0.03074	0.95775	0.0	0.0	0.0	0.6924	0.22174	0.05953	0.7113	0.03519	0.21043	0.20083	0.0	0.08539	0.04042	1.04216	0.0	0.0	0.0	0.22829	1.83024	0.00431	2.20282	0.0	0.24197	0.0	0.0	0.0	0.38633	0.0	0.06806	0.0	0.0
s__Veillonella_sp_T11011_6	0	0.0	0.0	0.17522	0.0	0.32986	0.03359	0.02979	0.05503	0.0	0.19574	0.00803	0.00127	0.16705	0.0	0.00483	0.00319	3.86165	0.12638	0.0	0.05525	0.01336	0.02533	1.13392	0.14995	0.03423	0.02755	0.01774	0.2059	0.05359	0.0	0.07833	0.30999	0.0	0.27702	2.29095	0.03813	0.02845	0.03922	0.00719	0.57919	0.08194	0.0	0.0	0.00084
s__Eubacterium_sp_CAG_38	0	0.0	0.0	0.1531	0.0	0.07587	0.85648	0.0	0.00253	0.0	0.0	0.04213	0.05073	0.25102	0.0	0.0	0.0	0.0	0.0	0.0693	0.02143	0.0	0.03089	0.0	0.0	0.23483	0.0	0.04659	0.0	0.01843	0.01332	0.0	0.0	0.24733	0.0	0.16733	0.02927	0.0	0.00083	0.63056	0.00229	0.00701	0.0	0.0	0.11685
s__Veillonella_atypica	0	0.0	0.0	0.04599	0.00583	0.09723	0.0	0.01205	0.02756	0.0	0.03225	0.0	0.0	0.0	0.0	0.00284	0.0	8.55216	0.18593	0.0	0.0	0.0	0.07407	0.49533	0.03105	0.0	0.01138	0.03459	0.13267	0.00373	0.0	0.22575	0.184	0.0	0.13301	2.39769	0.01189	0.0	0.01322	0.00171	1.42597	0.04989	0.0	0.0	0.0
s__Campylobacter_concisus	0	0.0	0.0	0.03406	0.0	0.0	0.0	0.0	0.0	0.0	0.0	0.0	0.0	0.0	0.0	0.0	0.0	0.00475	0.0	0.0	0.0	0.0	0.0	0.01278	0.0	0.0	0.0	0.0	0.0	0.0	0.0	0.0	0.01988	0.0	0.00962	0.01777	0.0	0.0	0.0	0.0	0.0	0.0	0.0	0.0	0.0
s__Neisseria_mucosa	0	0.0	0.0	0.02677	0.0	0.0	0.0	0.0	0.0	0.0	0.0	0.0	0.0	0.0	0.0	0.0	0.0	0.0	0.0	0.0	0.0	0.0	0.0	0.0	0.0	0.0	0.0	0.0	0.0	0.0	0.0	0.0	0.0	0.0	0.0	0.0	0.0	0.0	0.0	0.0	0.0	0.0	0.0	0.0	0.0
s__Aggregatibacter_segnis	0	0.0	0.0	0.02654	0.0	0.0	0.01529	0.0	0.0	0.0	0.0	0.0	0.0	0.0	0.0	0.0	0.0	0.01259	0.0	0.0	0.0	0.0	0.00156	0.00326	0.0	0.0	0.0	0.0	0.00135	0.0	0.0	0.0	0.0	0.0	0.0	0.0	0.0	0.0	0.0	0.00314	0.0	0.0	0.0	0.0	0.0
s__Eubacterium_ventriosum	0	0.0	0.0	0.0227	0.0	0.01283	0.0	0.0	0.03671	0.0	0.21377	0.0	0.13801	0.08336	0.00633	0.0	0.0	0.34936	0.46645	0.00257	0.00805	0.0	0.00146	0.0	0.0	0.0	0.01163	0.0	0.14866	0.0	0.0	0.0	0.0	0.00256	0.0	0.0	0.0	0.0	0.08623	0.0011	0.0	0.0	0.00842	0.03364	0.05034
s__Roseburia_sp_CAG_182	0	0.0	0.0	0.02047	0.0	0.0	0.0	0.0	0.0	0.0	0.0	0.0	0.01893	0.00793	0.0	0.0	0.0	0.0	0.0	0.19592	0.44013	0.15867	0.03587	0.06488	0.0	0.0	0.00173	0.0	0.0	0.0	0.0	0.0	0.0	0.0	0.0	0.0	0.65718	0.0	0.0	0.0	0.0	0.25443	0.0	0.0	0.0
s__Ruminococcus_sp_CAG_330	0	0.0	0.0	0.016	0.0	0.0	0.0	0.00054	0.0	0.0	0.0	0.0	0.0	0.0	0.0	0.0	0.0	0.0	0.0	0.0	0.0	0.0	0.0	0.0	0.0	0.0	0.0	0.0	0.0	0.0	0.0	0.0	0.0	0.17471	0.0	0.0	0.19394	0.0	0.0	0.0	0.605	0.0	0.0	0.0	0.0
s__Streptococcus_oralis	0	0.0	0.0	0.01585	0.0	0.0	0.01352	0.00866	0.0	0.0	0.0056	0.00523	0.0	0.0	0.0	0.0	0.0	0.00795	0.0	0.0	0.0	0.0	0.08683	0.00881	0.0	0.0	0.0	0.0	0.0	0.00279	0.0	0.0174	0.03982	0.0	0.05028	0.02778	0.0	0.0	0.0	0.0	0.00722	0.0	0.0	0.0	0.0
s__Streptococcus_infantis	0	0.0	0.0	0.01572	0.0	0.0	0.04595	0.00084	0.0	0.0	0.00506	0.01553	0.0	0.01052	0.00748	0.20855	0.00096	0.08298	0.0	0.0	0.0	0.0	0.00227	0.0	0.0	0.0	0.0	0.0	0.0	0.0	0.0	0.0056	0.07484	0.0	0.0279	0.03491	0.0	0.0036	0.0	0.0	0.0	0.0	0.0	0.0	0.00187
s__Campylobacter_jejuni	0	0.0	0.0	0.01364	0.0	0.0	0.0	0.0	0.0	0.0	0.0	0.0	0.0	0.0	0.0	0.0	0.0	0.0	0.0	0.0	0.0	0.0	0.0	0.0	0.0	0.0	0.0	0.0	0.0	0.0	0.0	0.01744	0.0	0.00496	0.0	0.0	0.0	0.0	0.0	0.0	0.0	0.0	0.0	0.0	0.0
s__Prevotella_corporis	0	0.0	0.0	0.01358	0.0	0.0	0.0	0.0	0.0	0.0	0.0	0.0	0.0	0.0	0.0	0.0	0.0	0.0	0.0	0.0	0.0	0.0	0.0	0.0	0.0	0.0	0.0	0.0	0.0	0.0	0.0	0.0	0.0	0.0	0.0	0.0	0.0	0.0	0.0	0.0	0.04673	0.0	0.0	0.0	0.0
s__Porphyromonas_gingivalis	0	0.0	0.0	0.01272	0.0	0.0	0.0	0.0	0.0	0.0	0.0	0.0	0.0	0.0	0.0	0.0	0.0	0.0	0.0	0.0	0.0	0.0	0.0	0.0	0.0	0.0	0.0	0.0	0.0	0.0	0.0	0.0	0.0	0.0	0.0	0.0	0.0	0.0	0.0	0.0	0.0	0.0	0.0	0.0	0.0
s__Roseburia_intestinalis	0	0.0	0.0	0.01222	0.0	0.13741	0.36653	0.0	0.09795	0.0	0.001	0.0	0.22597	0.01709	0.0	0.02448	0.0	4.25468	0.01023	0.0	2.21043	0.83774	1.20231	0.17198	0.46792	3.00942	0.0	1.09836	1.14472	0.01233	0.0223	0.31419	0.0	0.7988	0.0	0.01687	0.11278	0.0	0.18661	0.06171	0.0	0.48545	0.02089	0.0	0.01249
s__Veillonella_rogosae	0	0.0	0.0	0.00701	0.0	0.04981	0.01683	0.00321	0.0	0.0	0.05783	0.00688	0.0	0.1095	0.00355	0.0	0.00118	1.83968	0.06854	0.0	0.0	0.00243	0.0	0.21878	0.0	0.0	0.00159	0.0	0.05736	0.0	0.0	0.0	0.01226	0.0	0.00601	0.01532	0.00879	0.0	0.0314	0.0	0.02378	0.01222	0.0	0.0	0.0
s__Ruminococcus_callidus	0	0.0	0.0	0.00627	0.0	0.0	0.0	0.0	0.0	0.0	0.0	0.0	0.0	0.0	0.0	0.0	0.0	0.0	0.00887	0.0	0.01705	0.0	0.0	0.0	0.0	0.00306	0.0002	0.0	0.0	0.05777	0.0	0.0	0.0	0.0	0.0	0.0	0.01245	0.0	0.0	0.0	0.0	0.0	0.0	0.00172	0.00212
s__Streptococcus_sanguinis	0	0.0	0.0	0.0047	0.0	0.0	0.0	0.00737	0.00898	0.0	0.00693	0.0	0.0	0.0	0.0	0.0	0.0	0.0	0.0	0.0	0.0	0.0	0.00253	0.0	0.0	0.0	0.0	0.0	0.0	0.0	0.0	0.0	0.00407	0.0	0.0	0.0	0.0	0.0	0.0	0.0	0.04913	0.0	0.0	0.0	0.0
s__Veillonella_tobetsuensis	0	0.0	0.0	0.00467	0.0	0.0	0.0	0.0	0.0	0.0	0.02242	0.0	0.0	0.00473	0.0	0.00508	0.0	0.96573	0.01087	0.0	0.0	0.0	0.0	0.0	0.04612	0.0	0.0	0.00439	0.0123	0.0	0.0	0.00588	0.0	0.0	0.0	0.11159	0.0	0.0	0.0	0.00193	0.0	0.0	0.0	0.0	0.0
s__Neisseria_sicca	0	0.0	0.0	0.00439	0.0	0.0	0.0	0.0	0.0	0.0	0.0	0.0	0.0	0.0	0.0	0.0	0.0	0.0	0.0	0.0	0.0	0.0	0.0	0.02073	0.0	0.0	0.0	0.0	0.0	0.0	0.0	0.0	0.0	0.0	0.0	0.00363	0.0	0.0	0.0	0.0	0.0	0.0	0.0	0.0	0.0
s__Eubacterium_sulci	0	0.0	0.0	0.00384	0.0	0.0	0.0	0.0	0.0	0.0	0.0	0.0	0.0	0.0	0.0	0.0	0.0	0.00652	0.0	0.0	0.0	0.0	0.0	0.0	0.0	0.0	0.0	0.0	0.0	0.0	0.0	0.0	0.0	0.0	0.0	0.0	0.0	0.0	0.0	0.0	0.0	0.0	0.0	0.0	0.0
s__Streptococcus_sp_A12	0	0.0	0.0	0.00379	0.0061	0.0	0.0	0.00707	0.0	0.0	0.01037	0.0	0.0	0.0	0.0	0.04799	0.00044	0.00542	0.0	0.0	0.00991	0.00073	0.00833	0.0	0.00114	0.0	0.0	0.0	0.0	0.0	0.0	0.0	0.01515	0.0	0.0	0.0	0.0	0.01068	0.0	0.0	0.01751	0.0	0.0	0.0	0.00038
s__Veillonella_rodentium	0	0.0	0.0	0.00277	0.0	0.0	0.00286	0.0	0.0	0.0	0.0	0.0	0.0	0.0	0.0	0.0	0.0	0.03514	0.0	0.0	0.0	0.0	0.0	0.01892	0.0	0.0	0.0	0.0	0.0	0.0	0.0	0.0	0.0	0.0	0.0	0.01837	0.0	0.0	0.0	0.0	0.0	0.0	0.0	0.0	0.0
s__Gemella_sanguinis	0	0.0	0.0	0.00214	0.0	0.0	0.02155	0.0	0.0	0.0	0.00409	0.01458	0.0	0.0	0.0	0.12117	0.01868	0.26544	0.0	0.0	0.0	0.0	0.0	0.0	0.01533	0.01421	0.0	0.0	0.0	0.0	0.0	0.0	0.03548	0.0	0.02338	0.04135	0.0	0.0	0.0	0.0	0.0033	0.0	0.0	0.0	0.00305
s__Roseburia_faecis	0	0.0	0.0	0.00083	0.0	0.23683	0.22475	0.0	0.56946	0.0889	0.0	0.76619	0.15643	1.90404	0.61354	0.0	0.0	1.1287	0.0	4.58622	0.82542	3.80502	3.81691	1.31128	1.32109	0.07701	5.42127	1.46314	0.0	1.79359	0.02083	2.37777	0.0	0.38018	0.0	0.0	3.73497	17.60536	0.54867	1.00377	2.01934	4.0227	4.01576	0.12679	0.0
s__Lactobacillus_ruminis	0	0.0	0.0	0.00082	0.0	0.0	0.0	0.05442	0.0	0.0	0.0	0.0	0.0	0.00762	0.0	0.0	0.0	0.02003	0.0	0.0	0.16271	0.00218	0.00095	0.0	0.0	0.0	0.0	0.0	0.0	0.0693	0.0	0.0	0.0	0.0	0.0	0.0	0.0	0.0	0.0	0.0	10.62812	2.39022	0.0	0.0	0.0
s__Helicobacter_cinaedi	0	0.0	0.0	0.0	2.89232	0.0	0.0	0.0	0.0	0.0	0.0	0.0	0.0	0.0	0.0	1.90189	0.0	0.0	0.0	0.0	0.0	0.0	0.0	0.0	0.0	0.0	0.0	0.0	0.0	0.0	0.0	0.0	0.0	1.08959	0.0	0.0	0.0	0.0	0.0	0.0	0.0	0.0	0.66703	0.0	0.0
s__Anaerotruncus_sp_CAG_528	0	0.0	0.0	0.0	2.07317	0.0	0.0	0.00736	0.0	0.0	0.20245	0.0	0.0	0.0	0.0	0.0	0.0	0.0	0.0	0.0	0.0	0.0	0.0	0.0	0.0	0.0	0.0	0.0	0.0	0.0	0.0	0.0	0.0	0.0	0.0	0.0	0.0	0.0	0.0	0.0	0.0	0.0	1.98665	0.0	0.0
s__Clostridium_sp_CAG_964	0	0.0	0.0	0.0	1.54597	0.0	0.0	0.0	0.0	0.0	0.07136	0.0	0.0	0.0	2.34915	0.0	0.0	0.0	0.0	0.0	0.0	0.0	0.0	0.02571	0.0	0.0	0.0	0.09873	0.0	0.0	0.0	0.36414	0.0	0.0	0.0	0.0	0.0	0.0	0.0	0.0	0.0	0.0	0.0	0.0	0.0
s__Treponema_succinifaciens	0	0.0	0.0	0.0	0.22974	0.51411	0.0	0.0	0.0	0.0	0.0	0.0	0.0	0.0	0.0	0.0	0.0	0.0	0.0	0.0	0.0	0.0	0.0	0.0	0.0	0.0	0.0	0.0	0.0	0.0	0.00555	0.0	0.0	0.0	0.0	0.0	0.0	0.0	0.0	0.0	0.0	0.0	0.52029	1.80748	0.0
s__Weissella_confusa	0	0.0	0.0	0.0	0.21449	0.02293	0.38159	0.0	0.00364	0.0	0.04295	0.0	0.0	0.06357	0.0	0.00233	0.0	0.00977	0.00853	0.02751	0.20634	0.10605	0.0	0.03434	0.11847	0.06632	0.05303	0.00311	0.04298	0.19253	0.0	0.0	0.0	0.0	0.0	0.13842	0.0	0.0349	0.0	1.30047	0.03757	0.0	0.00413	0.0	0.0032
s__Ruminococcus_sp_CAG_403	0	0.0	0.0	0.0	0.13547	0.12948	0.0	0.0	0.0	0.06441	0.0	0.17952	0.00263	0.01959	0.0	0.0	0.0	0.0	0.0	0.34584	0.0	0.0	0.0	0.00512	0.0	0.0	0.0	0.0	0.0	0.0	0.0	0.0	0.0	0.0	0.0	0.0	0.0	0.0	0.0	0.0	0.0	0.0	0.0	0.0	0.0
s__Firmicutes_bacterium_CAG_555	0	0.0	0.0	0.0	0.10133	0.0	0.0	0.0	0.0	0.0	0.0	0.0	0.0	0.0	0.0	0.0	0.0	0.0	0.0	0.0	0.0	0.0	0.0	0.0	0.0	0.0	0.0	0.0	0.0	0.0	0.0	0.0	0.0	0.0	0.0	0.0	0.0	0.0	0.0	0.0	0.0	0.0	0.0	0.0	0.0
s__Bilophila_wadsworthia	0	0.0	0.0	0.0	0.03201	0.0	0.0	0.0221	0.00089	0.0	0.0	0.0	0.0	0.0	0.0	0.01735	0.0	0.0	0.0	0.0011	0.0	0.0	0.00163	0.0	0.0	0.03263	0.0	0.00747	0.01871	0.01675	0.0012	0.00493	0.0	0.04961	0.0	0.0	0.0	0.0	0.00298	0.00732	0.0	0.0	0.0	0.0	0.01884
s__Morococcus_cerebrosus	0	0.0	0.0	0.0	0.01303	0.0	0.0	0.0	0.0	0.0	0.0	0.0	0.0	0.0	0.0	0.0	0.0	0.0	0.0	0.0	0.0	0.0	0.0	0.0	0.0	0.0	0.0	0.0	0.0	0.0	0.0	0.0	0.0	0.0	0.0	0.0	0.0	0.0	0.0	0.0	0.0	0.0	0.0	0.0	0.0
s__Ruminococcus_sp_CAG_488	0	0.0	0.0	0.0	0.01216	0.0802	0.0	0.0	0.16653	2.8912	1.37068	0.0	0.04422	1.69675	0.6184	0.0	0.0	0.0	0.0	7.40011	0.0	0.34729	0.0	0.0	0.72838	0.0	0.0	0.15155	0.08976	0.0	0.08268	0.0	0.0	0.03398	0.0	0.0	1.6293	0.0	0.0	0.0	0.0	0.0	0.0	3.93887	0.0
s__Lactococcus_garvieae	0	0.0	0.0	0.0	0.0119	0.0	0.0	0.0	0.0	0.0	0.0	0.0	0.0	0.0	0.0	0.0	0.0	0.0	0.0	0.0	0.0	0.0	0.0	0.0	0.0	0.0	0.0	0.0	0.0	0.0	0.0	0.0	0.0	0.0	0.0	0.0	0.0	0.0	0.0	0.0	0.0	0.0	0.0	0.0	0.0
s__Candidatus_Gastranaerophilales_bacterium_HUM_9	0	0.0	0.0	0.0	0.01154	0.0	0.0	0.0	0.0	0.30405	0.0	0.0	0.0	0.0	0.0	0.0	0.0	0.0	0.0	0.0	0.0	0.0	0.0	0.00599	0.0	0.0	0.0	0.0	0.0	0.0	0.07272	0.0	0.0	0.0	0.0	0.0	0.65056	0.0	0.0	0.0	0.0	0.0	0.0	0.0	0.0
s__Klebsiella_pneumoniae	0	0.0	0.0	0.0	0.00547	0.26328	2.14628	0.03117	0.04504	0.16987	0.18533	0.09831	0.00486	0.20544	0.0	1.50751	1.35214	0.12906	0.19208	0.03153	0.20428	0.0	0.0	0.0	0.39689	0.08961	0.35029	0.20605	0.01906	0.36848	0.14183	0.0263	0.0	0.0	0.0	0.17013	0.0	0.0	0.00547	0.59839	0.79222	0.0	0.0	0.03158	3.14677
s__Firmicutes_bacterium_CAG_238	0	0.0	0.0	0.0	0.00446	0.00376	0.00708	0.0	0.01533	0.00587	0.0	0.0	1.95202	0.00876	0.0	0.0	0.0	0.0	0.0	0.00581	0.0	0.00587	0.01236	0.0	0.0	0.0	0.00156	0.00363	0.0	0.0	0.00056	0.0	0.0	0.0	0.0	0.0	0.0	0.0	0.0	0.0	0.0	0.0	0.0	0.01202	0.0
s__Streptococcus_infantarius	0	0.0	0.0	0.0	0.0	0.99414	2.90036	0.0	0.0	0.0	0.30363	0.0	0.0	0.81927	0.0	0.01848	0.0	0.0	0.0	0.23868	0.0	0.0	0.0	0.0	0.01601	0.0277	0.00387	0.0	0.0	0.61152	0.0	0.02091	0.0	0.0	0.0	0.0	0.01066	0.48447	0.19309	1.14954	0.00952	0.00563	0.0992	0.0	0.0
s__Helicobacter_fennelliae	0	0.0	0.0	0.0	0.0	0.46555	0.0	0.17714	0.0	0.0	0.0	0.0	0.0	0.0	0.0	0.0	0.0	0.0	0.0	0.0	0.0	0.0	0.0	0.0	0.0	0.0	0.0	0.00791	0.0	0.0	0.0	0.0	0.0	0.0	0.0	0.0	0.0	0.0	0.0	0.0	0.0	0.0	0.0	0.0	0.0
s__Enterobacter_cloacae_complex	0	0.0	0.0	0.0	0.0	0.24408	0.01792	0.00041	0.0	0.00883	0.0	0.01141	0.0	0.0	0.0	0.00182	0.08414	0.0	0.0	0.0	0.0	0.0	0.0	0.0	0.04247	0.0	0.007	0.0022	0.0	0.0366	0.0	0.0	0.0	0.0	0.0	0.00061	0.0	0.0	0.0	0.02618	0.07247	0.0	0.0	0.0	0.03271
s__Prevotella_sp_CAG_873	0	0.0	0.0	0.0	0.0	0.16168	0.0	0.0	0.0	0.0	0.0	0.0	0.0	0.0	0.0	0.0	0.0	0.0	0.0	0.0	0.0	0.0	0.0	0.0	0.0	0.0	0.0	0.0	0.0	0.0	0.0	0.0	0.0	0.0	0.0	0.0	0.0	0.0	0.0	0.0	0.0	0.0	0.0	0.0	0.0
s__Klebsiella_quasipneumoniae	0	0.0	0.0	0.0	0.0	0.14531	0.90775	0.00328	0.01301	0.05318	0.06419	0.03575	0.0	0.02499	0.0	0.5168	0.52746	0.03236	0.03752	0.00665	0.03626	0.0	0.0	0.0	0.20264	0.03945	0.15417	0.04374	0.0	0.06964	0.00681	0.0	0.0	0.0	0.0	0.07736	0.0	0.0	0.02647	0.0894	0.27681	0.0	0.0	0.0	0.97044
s__Eubacterium_sp_CAG_251	0	0.0	0.0	0.0	0.0	0.08359	0.0	0.0	0.0	1.36504	0.01056	0.0	0.0	0.0	0.0	0.0	0.25	0.01787	0.25614	1.06895	0.08421	0.00339	0.18605	0.0	0.0	0.28189	0.0	0.0	0.0	0.63201	0.0	0.68626	0.37563	0.0	0.26057	0.01386	0.01526	0.0	0.87662	0.0	0.21704	0.88081	0.71919	0.27184	0.0
s__Klebsiella_variicola	0	0.0	0.0	0.0	0.0	0.08284	0.58953	0.02693	0.00346	0.06511	0.05141	0.03592	0.0	0.11162	0.0	0.90441	1.10841	0.12036	0.26081	0.01584	0.04406	0.0	0.0	0.0	0.16508	0.03811	0.10269	0.03511	0.00772	0.12228	0.04677	0.03269	0.0	0.0	0.0	0.06096	0.0	0.0	0.0	0.31125	0.57248	0.0	0.0	0.03751	2.34227
s__Clostridium_sp_CAG_253	0	0.0	0.0	0.0	0.0	0.08228	0.07873	0.0	0.0	0.0	0.0	0.02616	0.05294	0.01386	0.0	0.0	0.0	0.0	0.0	0.0	0.03214	0.0	0.0	0.0	0.0	0.0	0.0	0.0624	0.0	0.0	0.0	0.0	0.0053	0.0	0.0	0.0023	0.01567	0.0	0.0	0.0	0.0	0.01001	0.0	0.0	0.00571
s__Comamonas_kerstersii	0	0.0	0.0	0.0	0.0	0.05252	0.14753	0.0	0.31295	0.0	0.0	0.00234	0.0	0.0	0.0	0.0	0.0	0.0	0.0	0.0	0.0	0.0	0.0	0.0	0.0	0.0	0.11765	0.0	0.0	0.0	0.0	0.06288	0.0	0.0	0.0	0.0	0.0	0.0	0.0	0.0	0.00717	0.00188	0.0	0.0	0.0
s__Streptococcus_lutetiensis	0	0.0	0.0	0.0	0.0	0.04498	0.03846	0.0	0.00514	0.0	0.01331	0.0	0.0	0.01333	0.0	0.00565	0.0	0.22345	0.0	0.12969	0.0	0.08199	0.00147	0.0	0.0	0.0	0.0	0.0	0.0	0.57456	0.0	0.0	0.0	0.0	0.0	0.01368	0.36533	0.23178	0.02627	0.17248	0.0	0.03555	0.0	0.0	0.03271
s__Methanobrevibacter_smithii	0	0.0	0.0	0.0	0.0	0.03481	0.01753	0.0	0.0	0.0	0.0	0.0	0.0	0.09846	0.0	0.0	0.0	0.0	0.0	0.0	0.0	0.0	0.0	0.0	0.0	0.0	0.0	0.0	0.0	0.0	0.0	0.0	0.0	0.0	0.0	0.0	1.17375	0.0	0.0	0.0	0.0	0.0	0.0	0.81167	0.0
s__Desulfovibrio_piger	0	0.0	0.0	0.0	0.0	0.03277	0.02487	0.0	0.0	0.18317	0.0	0.12376	0.0	0.08008	0.09329	0.10866	0.0	0.0	0.01232	0.0	0.16446	0.00135	0.0	0.0	0.0	0.0	0.0	0.05384	0.0	0.07947	0.17761	0.07473	0.0	0.0	0.0	0.0	0.13351	0.0	0.0	0.0	0.02635	0.04017	0.00309	0.10128	0.0
s__Bacteroides_eggerthii	0	0.0	0.0	0.0	0.0	0.02865	0.0	0.24819	0.0	0.0	0.0	0.39152	0.00109	0.69084	0.0	0.0	0.0	0.0	0.05221	0.0	0.0	0.0	0.0	0.0	0.01209	0.49929	0.0	0.0	0.0	0.0	0.0	0.0	0.0	0.0	0.0	0.0	0.0	0.0	0.0	0.13116	0.0	0.0	0.0	0.0	4.22766
s__Enterococcus_faecium	0	0.0	0.0	0.0	0.0	0.01792	0.02584	4.18042	0.0	0.0	0.0	0.0	0.00537	0.0	0.0	0.0	0.0	0.0	0.0	0.0	0.0	0.0	0.0	0.0	0.00434	0.0	0.0	0.0	0.0	0.0	0.0	0.0	0.0	0.0	0.0	0.0	0.0	0.0	0.0	0.0	0.0	0.0	0.0	0.0	0.0
s__Leuconostoc_garlicum	0	0.0	0.0	0.0	0.0	0.00944	0.0	0.0	0.0	0.0	0.0	0.0	0.0	0.0	0.0	0.0	0.0	0.0	0.0	0.00425	0.0	0.0	0.0	0.0	0.0	0.0	0.0	0.0	0.0	0.01925	0.0	0.0	0.0	0.0	0.0	0.00954	0.0	0.0	0.0	0.0	0.0	0.0	0.0	0.0	0.0
s__Clostridium_perfringens	0	0.0	0.0	0.0	0.0	0.00696	0.0	0.0	0.04199	0.0	0.07176	0.0	0.0	0.0	0.00512	0.0	0.0	0.01687	0.0	0.0	0.0	0.082	0.10366	0.0	0.0	0.0	0.0	0.0	0.0	0.0	0.0	0.0	0.0	0.0	0.0	0.0	0.0361	0.0	0.0	0.0	0.01629	0.0	0.0	0.0	0.0
s__Enterococcus_hirae	0	0.0	0.0	0.0	0.0	0.0018	0.02733	0.0	0.0	0.0	0.0	0.0	0.0	0.0	0.0	0.0	0.0	0.0	0.0	0.0	0.0	0.0	0.0	0.0	0.0	0.0	0.0	0.0	0.0	0.0	0.0	0.0	0.0	0.0	0.0	0.0	0.0	0.0	0.0	0.0	0.0	0.0	0.0	0.0	0.0
s__Roseburia_sp_CAG_309	0	0.0	0.0	0.0	0.0	0.00156	0.0	0.0	0.00562	0.0	0.0	0.05259	0.03281	0.00271	0.0	0.0	0.0	0.0	0.0	0.0	0.0	0.0	0.0	0.0	0.0	0.0	0.0	0.0	0.0	0.0	0.0	0.01088	0.0	0.11848	0.0	0.0	0.0	0.0	0.0	0.0	0.0	0.0	0.0	0.0	0.0
s__Ruminococcus_sp_CAG_579	0	0.0	0.0	0.0	0.0	0.0	0.23389	0.0	0.0	0.03088	0.0	5.9988	0.0	0.0	0.0	0.0	0.0	0.0	0.0	0.019	0.09328	5.08259	0.0	0.0	0.0	0.0	11.18349	0.0	0.0	0.0	0.00536	0.0	0.0	0.0	0.0	0.0	0.00499	0.0	0.0	0.0	0.0	0.0	3.22091	0.0	0.0
s__Eubacterium_sp_CAG_786	0	0.0	0.0	0.0	0.0	0.0	0.10875	0.0	1.29545	0.0	0.0	0.0	0.0	0.0	0.0	0.0	0.0	0.0	0.0	0.0	0.0	0.17849	0.0	0.0	0.0	0.0	0.0	0.0	0.0	0.0	0.0	0.0	0.0	1.21814	0.0	0.0	0.0	0.0	0.0	0.0	0.0	0.0	0.0	0.0	0.0
s__Firmicutes_bacterium_CAG_791	0	0.0	0.0	0.0	0.0	0.0	0.08305	0.0	0.0	0.0	0.0	0.0	0.0	0.0	0.0	0.0	0.0	0.0	0.0	0.0	0.0	0.0	0.0	0.0	0.0	0.0	0.0	0.0	0.0	0.0	0.0	0.0	0.0	0.0	0.0	0.0	0.0	0.0	0.0	0.0	0.0	0.0	0.0	0.0	0.0
s__Ruminococcus_sp_CAG_624	0	0.0	0.0	0.0	0.0	0.0	0.06134	0.0	0.0	0.0	0.0	0.0	0.0	0.0	0.0	0.0	0.0	0.0	0.0	0.0	0.0	0.0	0.0	0.0	0.0	0.0	0.0	0.0	0.0	0.0	0.0	0.0	0.0	0.0	0.0	0.0	0.0	0.0	0.0	0.0	0.0	0.0	0.0	0.0	0.0
s__Weissella_cibaria	0	0.0	0.0	0.0	0.0	0.0	0.04152	0.0	0.0	0.0	0.01639	0.0	0.0	0.00334	0.0	0.0	0.0	0.00293	0.0	0.0	0.00089	0.00234	0.0	0.02418	0.0	0.0	0.0	0.0	0.0	0.0	0.0	0.0	0.0	0.0	0.0	0.10025	0.0	0.0	0.0	0.12024	0.01758	0.0	0.0	0.0	0.0
s__Haemophilus_paraphrohaemolyticus	0	0.0	0.0	0.0	0.0	0.0	0.02075	0.0	0.0	0.0	0.00617	0.0	0.0	0.0	0.0	0.0	0.0	0.10171	0.0	0.0	0.0	0.0	0.00093	0.0	0.0	0.0	0.00531	0.0	0.0	0.0	0.0	0.0	0.11767	0.0	0.06496	0.12596	0.0	0.0	0.0	0.0	0.0	0.0	0.0	0.0	0.0
s__Streptococcus_australis	0	0.0	0.0	0.0	0.0	0.0	0.01888	0.00076	0.0	0.0	0.00628	0.01392	0.0	0.01311	0.0	0.30872	0.00274	0.02623	0.0	0.0	0.0	0.0	0.00172	0.0	0.00175	0.0	0.0	0.0	0.0	0.0	0.0	0.0	0.00821	0.0	0.00968	0.0	0.0	0.02173	0.0	0.0	0.01054	0.0	0.0	0.0	0.0
s__Paraclostridium_bifermentans	0	0.0	0.0	0.0	0.0	0.0	0.01806	0.0	0.0	0.0	0.0	0.0	0.0	0.0	0.0	0.0	0.0	0.0	0.0	0.0	0.0	0.0	0.0	0.0	0.0	0.0	0.0	0.0	0.0	0.0	0.0	0.0	0.0	0.0	0.0	0.0	0.0	0.0	0.0	0.0	0.0	0.0	0.0	0.0	0.0
s__Enterobacter_mori	0	0.0	0.0	0.0	0.0	0.0	0.0063	0.0	0.0	0.0	0.0	0.0	0.0	0.0	0.0	0.0	0.01059	0.0	0.0	0.0	0.0	0.0	0.0	0.0	0.0	0.0	0.0	0.0	0.0	0.03691	0.0	0.0	0.0	0.0	0.0	0.0	0.0	0.0	0.0	0.03462	0.0	0.0	0.0	0.0	0.00683
s__Atopobium_deltae	0	0.0	0.0	0.0	0.0	0.0	0.00461	0.0	0.0	0.00744	0.0	0.0	0.0	0.0	0.0	0.0	0.0	0.0	0.0	0.0	0.0	0.0	0.0	0.0	0.0	0.0	0.0	0.0	0.0	0.0	0.0	0.0	0.00786	0.0	0.00748	0.0	0.0	0.0	0.0	0.0	0.0	0.0	0.0	0.0034	0.0
s__Streptococcus_sp_M334	0	0.0	0.0	0.0	0.0	0.0	0.00363	0.0	0.0	0.0	0.0	0.0	0.0	0.0	0.0	0.0	0.0	0.01259	0.0	0.0	0.0	0.0	0.0	0.0	0.0	0.0	0.0	0.0	0.0	0.0	0.0	0.0	0.0	0.0	0.0	0.0	0.0	0.0	0.0	0.0	0.0	0.0	0.0	0.0	0.0
s__Collinsella_intestinalis	0	0.0	0.0	0.0	0.0	0.0	0.00184	0.0	0.0	0.00264	0.0	0.0	0.00292	0.0	0.00296	0.00375	0.0	0.00613	0.0	0.0	0.0	0.0	0.0	0.0	0.0	0.0	0.0	0.0	0.00069	0.0	0.0	0.0	0.0	0.0	0.0	0.00116	0.0	0.0	0.0016	0.00319	0.00853	0.0	0.0	0.0	0.0
s__Parabacteroides_gordonii	0	0.0	0.0	0.0	0.0	0.0	0.0	0.40434	0.0	0.0	0.0	0.0	0.03049	0.0	0.0	0.0	0.00919	0.0	0.0	0.0	0.0	0.0	0.0	0.0	0.0	0.0	0.00258	0.0	0.00274	0.0	0.0	0.0	0.0	0.0	0.0	0.0	0.0	0.0	0.0	0.0	0.0	0.0	0.0	0.0	0.0
s__Escherichia_albertii	0	0.0	0.0	0.0	0.0	0.0	0.0	0.32459	0.0	0.0	0.0	0.0	0.0	0.0	0.0	0.0	0.0	0.0	0.0	0.0	0.0	0.0	0.0	0.0	0.0	0.0	0.0	0.0	0.0	0.0	0.0	0.0	0.0	0.0	0.0	0.0	0.0	0.0	0.0	0.0	0.0	0.0	0.0	0.0	0.0
s__Bacteroides_plebeius	0	0.0	0.0	0.0	0.0	0.0	0.0	0.16494	0.05228	0.0	0.0	0.0	0.0	0.74346	0.0	0.0	0.0	4.38189	0.0	0.0	0.0	0.0	0.0	0.0	0.26533	3.11233	0.0	0.0	0.0	0.0	0.0	6.98149	0.0	0.0	0.0	0.0	0.0	0.0	4.98222	11.61609	0.0	0.0	0.0	0.0	0.0
s__Barnesiella_intestinihominis	0	0.0	0.0	0.0	0.0	0.0	0.0	0.11556	0.0	0.0	0.0	1.44241	0.15281	0.41821	1.52523	0.0	0.0	0.0	0.15745	0.46995	1.27549	0.00461	0.15461	0.0148	0.24334	0.31713	0.0	0.00598	0.0	0.0	0.0	0.0	0.0	0.0	0.0	0.0	0.37152	0.0	5.11909	0.40977	0.26272	0.0206	0.0	0.0	1.00657
s__Bifidobacterium_pseudocatenulatum	0	0.0	0.0	0.0	0.0	0.0	0.0	0.10659	0.0	0.0	0.0	0.0	0.0	0.0	0.0	0.0	0.0	0.0	0.03619	0.0	0.0	0.0	0.0	0.0	0.0	0.0	0.0	0.0	0.0	0.0	0.0	0.0	0.0	0.0	0.0	0.23901	0.0	0.0	5.89761	0.0	0.0	0.0	0.0	0.18675	0.0
s__Bifidobacterium_longum	0	0.0	0.0	0.0	0.0	0.0	0.0	0.06398	0.0	0.0	0.0	0.0	0.0	0.0	0.00548	0.0	0.01035	5.55499	0.04619	0.0	0.0	0.0	0.0	0.0	0.00208	0.0	0.3582	0.00232	0.0	0.00207	0.0	0.0	0.0	0.0	0.0	0.00351	0.0	0.38583	2.53357	0.12812	0.85285	0.0	0.0	0.0	0.0
s__Erysipelatoclostridium_ramosum	0	0.0	0.0	0.0	0.0	0.0	0.0	0.04589	0.0	0.0	0.0	0.0	0.0	0.0	0.0	0.0	0.22238	0.0	0.0	0.0	0.0	0.0	0.00051	0.0	0.0	0.0	0.0	0.0	0.0	0.0	0.0	0.0	0.0	0.0	0.0	0.30709	0.0	0.0	0.0	0.0	0.0	0.25394	0.0	0.0	0.0
s__Desulfovibrionaceae_bacterium	0	0.0	0.0	0.0	0.0	0.0	0.0	0.02364	0.0	0.0	0.0	0.0	0.03019	0.0	0.0	0.0	0.0	0.0	0.0	0.0	0.0	0.0	0.0	0.0	0.0	0.0	0.0	0.0	0.0	0.0	0.0	0.0	0.0	0.0	0.0	0.0	0.01875	0.0	0.0	0.0	0.0	0.0	0.01482	0.0	0.0
s__Providencia_alcalifaciens	0	0.0	0.0	0.0	0.0	0.0	0.0	0.02334	0.0	0.0	0.0	0.0	0.0	0.0	0.0	0.0	0.0	0.0	0.0	0.0	0.0	0.0	0.0	0.0	0.0	0.0	0.0	0.0	0.0	0.0	0.0	0.0	0.0	0.0	0.0	0.0	0.0	0.0	0.0	0.0	0.0	0.0	0.0	0.0	0.0
s__Alistipes_indistinctus	0	0.0	0.0	0.0	0.0	0.0	0.0	0.01977	0.01918	0.0	0.0	0.0	0.00979	0.0	0.06091	0.0	0.02619	0.0	0.0	0.0	0.0	0.0	0.0	0.0	0.07275	0.08323	0.0	0.0	0.00813	0.0	0.0	0.0057	0.0	0.00266	0.0	0.00021	0.05309	0.0	0.05861	0.0	0.05391	0.0	0.0	0.0	0.0
s__Gordonibacter_pamelaeae	0	0.0	0.0	0.0	0.0	0.0	0.0	0.01516	0.0	0.0	0.0099	0.0	0.0	0.0	0.0	0.0	0.0	0.0	0.0	0.0	0.0	0.0	0.0	0.0	0.0	0.0	0.00145	0.0	0.00404	0.0	0.0	0.0	0.0	0.0	0.0	0.00048	0.0	0.0	0.00417	0.0	0.0	0.0	0.0	0.0	0.0
s__Actinomyces_odontolyticus	0	0.0	0.0	0.0	0.0	0.0	0.0	0.01173	0.00176	0.0	0.0019	0.03226	0.0	0.0	0.0	0.02118	0.0	0.00886	0.0	0.0	0.0	0.0	0.0	0.0	0.0	0.0	0.0	0.0	0.00218	0.0	0.00131	0.0	0.0068	0.0	0.00835	0.01582	0.0	0.0	0.0	0.0	0.0071	0.0	0.0	0.00294	0.0
s__Parasutterella_excrementihominis	0	0.0	0.0	0.0	0.0	0.0	0.0	0.00668	0.0	0.00664	0.0	0.00617	0.00789	0.00353	0.07812	0.0	0.01763	0.07372	0.0	0.0	0.00474	0.0	0.0	0.0	0.0	0.0	0.46638	0.0	0.00318	0.0	0.0	0.0	0.0	0.02371	0.0	0.0	0.0	0.0	0.0	0.11446	0.0	0.0	0.0	0.0	0.0
s__Actinomyces_sp_S6_Spd3	0	0.0	0.0	0.0	0.0	0.0	0.0	0.00459	0.0	0.0	0.0	0.00958	0.0	0.0	0.0	0.0	0.0	0.00167	0.0	0.0	0.0	0.0	0.0	0.0	0.0	0.0	0.0	0.0	0.0	0.0	0.0	0.0	0.00188	0.0	0.00277	0.00321	0.0	0.0	0.0	0.0	0.0	0.0	0.0	0.00522	0.0
s__Atopobium_parvulum	0	0.0	0.0	0.0	0.0	0.0	0.0	0.00345	0.0	0.0	0.0	0.0	0.0	0.0	0.0	0.0	0.0	0.0	0.0	0.0	0.0	0.0	0.0	0.0	0.0	0.0	0.0	0.0	0.0	0.0	0.0	0.0	0.0	0.0	0.0	0.00089	0.0	0.0	0.0	0.0	0.0	0.0	0.0	0.0	0.0
s__Bacteroides_intestinalis	0	0.0	0.0	0.0	0.0	0.0	0.0	0.00205	0.0	0.0	0.09933	0.0	5.49058	0.11707	0.0	0.0	0.05519	0.0	0.0	0.0	0.0	0.0	0.02102	0.0	0.0	0.0	1.28514	0.04736	0.39223	0.0	0.0	4.47329	0.0	0.0	0.0	0.0	0.0	0.0	0.0	0.0	0.0	0.0	0.0	0.0	0.0
s__Actinomyces_sp_HMSC035G02	0	0.0	0.0	0.0	0.0	0.0	0.0	0.00167	0.0	0.0	0.0	0.00535	0.0	0.0	0.0	0.0	0.0	0.00091	0.0	0.0	0.0	0.0	0.0	0.0	0.0	0.0	0.0	0.0	0.00245	0.0	0.0	0.0	0.00133	0.0	0.00711	0.00378	0.0	0.0	0.0	0.0	0.0	0.0	0.0	0.0	0.0
s__Enterococcus_gallinarum	0	0.0	0.0	0.0	0.0	0.0	0.0	0.00162	0.0	0.0	0.0	0.0	0.0	0.0	0.0	0.0	0.0	0.0	0.0	0.0	0.0	0.0	0.0	0.0	0.0	0.0	0.0	0.0	0.0	0.0	0.0	0.0	0.0	0.0	0.0	0.0	0.0	0.0	0.0	0.0	0.0	0.0	0.0	0.0	0.0
s__Clostridium_innocuum	0	0.0	0.0	0.0	0.0	0.0	0.0	0.00142	0.0	0.0	0.0	0.0	0.0	0.0	0.0	0.0	0.08877	0.0	0.0	0.0	0.0	0.0	0.0	0.0	0.0	0.0	0.0	0.0	0.0	0.0	0.0	0.0	0.0	0.0	0.0	0.0	0.0	0.00228	0.0	0.0	0.0	0.0	0.0	0.02225	0.0
s__Actinomyces_sp_HPA0247	0	0.0	0.0	0.0	0.0	0.0	0.0	0.00109	0.00584	0.0	0.0	0.0	0.0	0.0	0.0	0.0	0.0	0.0	0.0	0.0	0.0	0.0	0.0	0.0	0.0	0.0	0.0	0.0	0.0	0.0	0.0	0.0	0.0	0.0	0.0	0.01409	0.0	0.0	0.0	0.0	0.00047	0.0	0.0	0.0	0.0
s__Actinomyces_sp_oral_taxon_181	0	0.0	0.0	0.0	0.0	0.0	0.0	0.00089	0.0	0.0	0.0	0.0	0.0	0.0	0.0	0.0	0.0	0.0	0.0	0.0	0.0	0.0	0.0	0.0	0.0	0.0	0.0	0.0	0.0	0.0	0.0	0.0	0.00079	0.0	0.0	0.00936	0.0	0.0	0.0	0.0	0.0	0.0	0.0	0.0	0.0
s__Streptococcus_peroris	0	0.0	0.0	0.0	0.0	0.0	0.0	0.00089	0.0	0.0	0.0	0.0	0.0	0.0	0.0	0.0	0.0	0.0	0.0	0.0	0.0	0.0	0.0	0.0	0.0	0.0	0.0	0.0	0.0	0.0	0.0	0.0	0.0	0.0	0.0	0.06571	0.0	0.0	0.0	0.0	0.0	0.0	0.0	0.0	0.0
s__Megasphaera_micronuciformis	0	0.0	0.0	0.0	0.0	0.0	0.0	0.00062	0.00035	0.0	0.0	0.0	0.0	0.0	0.0	0.0	0.0	0.3414	0.0	0.0	0.0	0.0	0.0	0.0	0.0	0.0	0.0	0.0	0.0	0.0	0.0	0.0	0.0	0.0	0.0	0.0	0.0	0.0	0.0	0.0	0.04123	0.0	0.0	0.0	0.0
s__Acinetobacter_indicus	0	0.0	0.0	0.0	0.0	0.0	0.0	0.00041	0.0	0.0	0.0	0.0	0.0	0.0	0.0	0.0	0.0	0.0	0.0	0.0	0.0	0.0	0.0	0.0	0.0	0.0	0.0	0.0	0.0	0.0	0.0	0.0	0.0	0.0	0.0	0.0	0.0	0.0	0.0	0.0	0.0	0.0	0.0	0.0	0.0
s__Dialister_sp_CAG_357	0	0.0	0.0	0.0	0.0	0.0	0.0	0.0	2.6156	0.0	0.0	0.0	1.99793	0.0	0.0	0.0	0.0	0.0	0.0	0.0	0.0	0.0	0.0	0.0	0.0	0.0	0.0	0.0	0.0	0.0	0.0	0.0	0.0	0.0	0.0	0.0	0.0	0.0	0.0	0.0	0.0	0.0	0.0	0.0	0.0
s__Bacteroides_faecis	0	0.0	0.0	0.0	0.0	0.0	0.0	0.0	0.06651	0.0	0.0	0.0	0.0	0.0	0.0	0.0	0.0	0.0	0.0	0.0	0.0	0.0	0.0	0.0	0.0	0.0	0.0	0.0	0.0	0.0	0.0	0.0	0.0	0.0	0.0	0.0	0.0	0.0	0.0	0.0	0.0	0.0	0.0	0.0	0.0
s__Citrobacter_youngae	0	0.0	0.0	0.0	0.0	0.0	0.0	0.0	0.02596	0.0	0.0	0.0	0.0	0.0	0.0	0.0	0.21291	0.0	0.0	0.0	0.0	0.0	0.0	0.0	0.0	0.0	0.0	0.0	0.0	0.0	0.0	0.0	0.0	0.0	0.0	0.0	0.0	0.0	0.0	0.02219	0.0	0.0	0.0	0.0	0.0
s__Phascolarctobacterium_faecium	0	0.0	0.0	0.0	0.0	0.0	0.0	0.0	0.02455	0.0	0.0	0.0	0.20107	0.0	0.0	0.0	0.0	0.22411	0.0	0.0	0.02019	0.0	0.0	0.0	0.0	0.0	0.04601	0.0	0.76128	0.0	0.0	0.0	0.0	0.0	0.0	0.0	0.0	0.0	0.90368	0.0	0.0	0.0	0.0	0.0	0.0
s__Streptococcus_gordonii	0	0.0	0.0	0.0	0.0	0.0	0.0	0.0	0.0168	0.0	0.00346	0.02179	0.0	0.0	0.0	0.04037	0.00299	0.0	0.0	0.0	0.0	0.00213	0.01989	0.0672	0.0	0.0	0.0	0.0	0.0	0.0	0.0	0.0	0.0	0.0	0.0	0.0	0.0	0.0	0.0	0.0	0.09247	0.0	0.0	0.0	0.0
s__Intestinimonas_butyriciproducens	0	0.0	0.0	0.0	0.0	0.0	0.0	0.0	0.00894	0.0	0.0	0.0	0.0	0.0	0.0	0.0	0.0	0.0	0.0	0.0	0.0	0.0	0.0	0.0	0.0	0.0	0.0	0.0	0.0	0.0	0.0	0.0	0.0	0.0	0.0	0.0	0.0	0.0	0.0	0.0	0.0	0.0	0.0	0.0	0.0
s__Klebsiella_aerogenes	0	0.0	0.0	0.0	0.0	0.0	0.0	0.0	0.00846	0.0	0.0	0.0	0.0	0.0	0.0	0.0	0.08673	0.0	0.0	0.0	0.00631	0.0	0.0	0.0	0.0	0.0	0.0	0.0	0.0	0.05112	0.0	0.0	0.0	0.0	0.0	0.00206	0.0	0.0	0.0	0.15184	0.0	0.0	0.0	0.0	0.0
s__Olsenella_scatoligenes	0	0.0	0.0	0.0	0.0	0.0	0.0	0.0	0.00227	0.0273	0.0	0.0	0.0	0.0	0.0	0.00073	0.0	0.0	0.0	0.0	0.0	0.0	0.0	0.0	0.0	0.0	0.0	0.0	0.0	0.0	0.0	0.0	0.0	0.0	0.0	0.0	0.0	0.0	0.0	0.0	0.04496	0.0	0.0	0.01588	0.0
s__Streptococcus_salivarius_CAG_79	0	0.0	0.0	0.0	0.0	0.0	0.0	0.0	0.00211	0.0	0.0	0.0	0.0	0.0	0.0	0.0	0.0	0.0	0.0	0.0	0.0	0.0	0.0	0.0	0.0	0.0	0.0	0.0	0.0	0.0	0.0	0.0	0.0	0.0	0.0	0.0	0.0	0.0	0.0	0.0	0.0	0.0	0.0	0.0	0.0
s__Fretibacterium_fastidiosum	0	0.0	0.0	0.0	0.0	0.0	0.0	0.0	0.00097	0.0	0.0	0.0	0.0	0.0	0.0	0.0	0.0	0.0	0.0	0.0	0.0	0.0	0.00215	0.0	0.0	0.0	0.0	0.0	0.0	0.0	0.00198	0.0	0.0	0.0	0.0	0.0	0.0	0.0	0.0	0.0	0.0	0.0	0.0	0.00271	0.0
s__Bacteroides_faecichinchillae	0	0.0	0.0	0.0	0.0	0.0	0.0	0.0	0.00061	0.00153	0.0	0.0	0.0	0.0	0.00159	0.0	0.0	0.0	0.0	0.00056	0.0	0.0	0.00023	0.0	0.0	0.0	0.00854	0.0	0.00165	0.0	0.0	0.0	0.0	0.0	0.0	0.0	0.0	0.0	0.0	0.0	0.0	0.0	0.0	0.0	0.0
s__Bifidobacterium_adolescentis	0	0.0	0.0	0.0	0.0	0.0	0.0	0.0	0.00056	0.0	0.0	0.0	0.1668	0.0	0.16341	0.0	0.0	0.0	0.47953	0.0	0.0	0.0	0.0	0.0	0.0	0.0	0.0	0.00603	0.0	0.0	0.0	0.0	0.0	0.0	0.0	0.0	0.0	0.0	0.0	0.0	2.51058	0.10957	0.0	0.0	0.0
s__Enorma_massiliensis	0	0.0	0.0	0.0	0.0	0.0	0.0	0.0	0.00042	0.0	0.0	0.0	0.0	0.0	0.00111	0.00142	0.0	0.0	0.0	0.0	0.0	0.0	0.0	0.0	0.0	0.0	0.0	0.0	0.0	0.0	0.0	0.0	0.0	0.0	0.0	0.0	0.0	0.0	0.00067	0.0	0.00169	0.0	0.0	0.0	0.0
s__Mitsuokella_jalaludinii	0	0.0	0.0	0.0	0.0	0.0	0.0	0.0	0.0	0.00429	0.0	0.0	0.0	0.0	0.0	0.0	0.01311	0.0	0.0	0.0	0.0	0.0	0.0	0.0	0.0	0.0	0.0	0.0	0.0	0.0	0.00853	0.0	0.0	0.0	0.0	0.0	0.0	0.0	0.0	0.0	0.0	0.0	0.0	0.0	0.0
s__Citrobacter_freundii	0	0.0	0.0	0.0	0.0	0.0	0.0	0.0	0.0	0.0	0.01983	0.0	0.0	0.0	0.0	0.0	0.16211	0.0	0.0	0.0	0.0	0.0	0.0	0.0	0.0	0.0	0.0	0.0	0.0	0.0	0.0	0.0	0.0	0.0	0.0	0.00496	0.0	0.0	0.0	0.04846	0.0	0.0	0.0	0.0	0.00699
s__Neisseria_subflava	0	0.0	0.0	0.0	0.0	0.0	0.0	0.0	0.0	0.0	0.00305	0.0	0.0	0.0	0.0	0.0	0.0	0.07703	0.0	0.0	0.0	0.0	0.0	0.01447	0.0	0.0	0.0	0.0	0.0	0.0	0.0	0.0	0.02777	0.0	0.02817	0.00188	0.00176	0.0	0.0	0.0	0.0	0.0	0.0	0.0	0.0
s__Parabacteroides_johnsonii	0	0.0	0.0	0.0	0.0	0.0	0.0	0.0	0.0	0.0	0.00144	0.0	0.002	0.0	0.0	0.0	0.0	0.07989	0.0	0.12954	0.0	0.0	0.02444	0.0	0.0	0.0	0.01549	0.0	0.00399	0.0	0.0	0.0	0.0	0.0	0.0	0.0	0.0	0.0	0.0	0.0	0.0	0.0	0.0	0.0	0.0
s__Alistipes_onderdonkii	0	0.0	0.0	0.0	0.0	0.0	0.0	0.0	0.0	0.0	0.0	0.10104	0.0	0.0	0.0	0.0	0.0	0.0	0.0	0.0	0.0	0.0	0.0	0.0	0.0	0.10828	0.0	0.0	0.00713	0.0	0.0	0.0	0.0	0.0	0.0	0.0	0.0	0.0	0.0	0.0	0.0	0.0	0.0	0.0	0.0
s__Akkermansia_muciniphila	0	0.0	0.0	0.0	0.0	0.0	0.0	0.0	0.0	0.0	0.0	0.08983	2.31541	0.57408	1.46725	0.0	0.20806	0.0	0.0	0.12236	2.36736	0.0	0.0	0.0095	0.11256	0.25343	0.15448	0.03017	1.79135	0.0	0.02287	0.0	0.0	0.0	0.0	1.07649	0.01638	0.0	0.0	0.0	0.0	0.02206	0.0	0.0	0.06169
s__Paraprevotella_xylaniphila	0	0.0	0.0	0.0	0.0	0.0	0.0	0.0	0.0	0.0	0.0	0.06638	0.06012	0.02025	0.0	0.0	0.0	0.0	0.0	0.0	0.04448	0.0	0.0	0.0	0.19035	0.77939	0.0	0.0	0.0	0.0	0.0	0.77603	0.0	0.0	0.0	0.0	0.0	0.0	0.0	0.26216	0.00338	0.0	0.0	0.0	0.0
s__Paraprevotella_clara	0	0.0	0.0	0.0	0.0	0.0	0.0	0.0	0.0	0.0	0.0	0.02912	0.0	0.0	0.0	0.0	0.0	0.0	0.0	0.0	0.02187	0.0	0.0	0.0	0.14967	0.50596	0.0	0.0	0.0	0.0	0.0	0.47807	0.0	0.0	0.0	0.0	0.0	0.0	0.0	0.02804	0.0	0.0	0.0	0.0	0.0
s__Enterobacter_bugandensis	0	0.0	0.0	0.0	0.0	0.0	0.0	0.0	0.0	0.0	0.0	0.01497	0.0	0.0	0.0	0.0	0.0	0.0	0.0	0.0	0.0	0.0	0.0	0.0	0.0	0.0	0.00283	0.0	0.0	0.0	0.0	0.0	0.0	0.0	0.0	0.0	0.0	0.0	0.0	0.0	0.0	0.0	0.0	0.0	0.0
s__Coprobacter_secundus	0	0.0	0.0	0.0	0.0	0.0	0.0	0.0	0.0	0.0	0.0	0.01342	0.08479	0.01149	0.0	0.0	0.0	0.0	0.0	0.0	0.02881	0.0	0.0	0.0	0.0	0.0	0.0	0.00545	0.0	0.0	0.0	0.0	0.0	0.0	0.0	0.0	0.0	0.0	0.0	0.0	0.0	0.0	0.0	0.0	0.00926
s__Ruthenibacterium_lactatiformans	0	0.0	0.0	0.0	0.0	0.0	0.0	0.0	0.0	0.0	0.0	0.00818	0.04798	0.0	0.10854	0.0	0.07141	0.0	0.0	0.0	0.0	0.0	0.0	0.0	0.0	0.0	0.0	0.0	0.00324	0.0	0.0	0.0	0.0	0.0	0.0	0.0	0.0	0.0	0.0	0.0	0.0	0.0	0.0	0.00868	0.0
s__Turicimonas_muris	0	0.0	0.0	0.0	0.0	0.0	0.0	0.0	0.0	0.0	0.0	0.00275	0.0	0.0	0.00112	0.0	0.0073	0.00693	0.0	0.0	0.0	0.0	0.0	0.0	0.0	0.0	0.04011	0.0	0.0	0.0	0.0	0.00334	0.0	0.0	0.0	0.0	0.0	0.0	0.0	0.0	0.0	0.0	0.0	0.0	0.00113
s__Mogibacterium_diversum	0	0.0	0.0	0.0	0.0	0.0	0.0	0.0	0.0	0.0	0.0	0.00111	0.0	0.0	0.0	0.0	0.0	0.0	0.0	0.0	0.0	0.0	0.0	0.0	0.0	0.0	0.0	0.0	0.0	0.0	0.0	0.0	0.0	0.0	0.0	0.0	0.0	0.0	0.0	0.0	0.0	0.0	0.0	0.0	0.0
s__Actinomyces_graevenitzii	0	0.0	0.0	0.0	0.0	0.0	0.0	0.0	0.0	0.0	0.0	0.00092	0.0	0.0	0.0	0.0	0.0	0.00369	0.0	0.0	0.0	0.0	0.0	0.0	0.0	0.0	0.0	0.0	0.0	0.0	0.0	0.0	0.0	0.0	0.0	0.00223	0.0	0.0	0.0	0.0	0.0	0.0	0.0	0.0	0.0
s__Alistipes_inops	0	0.0	0.0	0.0	0.0	0.0	0.0	0.0	0.0	0.0	0.0	0.0	1.75334	0.0	0.0	0.0	0.0	0.0	0.0	0.0	0.0	0.0	0.0	0.0	0.0	0.0	0.0	0.0	0.0	0.0	0.0	0.0	0.0	0.0	0.0	0.0	0.0	0.0	0.0	0.0	0.0	0.0	0.0	0.0	0.0
s__Ruminococcaceae_bacterium_D5	0	0.0	0.0	0.0	0.0	0.0	0.0	0.0	0.0	0.0	0.0	0.0	0.09378	0.0	0.0	0.0	0.0	0.0	0.0	0.0	0.0	0.0	0.0	0.0	0.0	0.0	0.0	0.0	0.0	0.0	0.0	0.0	0.0	0.0	0.0	0.0	0.0	0.0	0.0	0.0	0.0	0.0	0.0	0.0	0.0
s__Bacteroides_massiliensis	0	0.0	0.0	0.0	0.0	0.0	0.0	0.0	0.0	0.0	0.0	0.0	0.07748	0.04948	0.0	0.0	0.0	0.0	0.0	0.0	0.0	0.0	0.0	0.0	0.17533	0.0092	0.0	0.0	0.0	0.0	0.0	1.51704	0.0	0.0	0.0	0.0	0.0	0.0	0.0	1.2831	0.0	0.0	0.0	0.0	0.00144
s__Butyricimonas_synergistica	0	0.0	0.0	0.0	0.0	0.0	0.0	0.0	0.0	0.0	0.0	0.0	0.04734	0.0	0.0	0.0	0.0	0.0	0.0	0.0	0.0	0.0	0.0	0.0	0.0	0.00534	0.00376	0.0	0.0	0.0	0.0	0.0	0.0	0.0	0.0	0.0	0.0	0.0	0.0	0.00029	0.0	0.0	0.0	0.0	0.01494
s__Cloacibacillus_porcorum	0	0.0	0.0	0.0	0.0	0.0	0.0	0.0	0.0	0.0	0.0	0.0	0.01988	0.0	0.0	0.0	0.0	0.0	0.0	0.0	0.0	0.0	0.0	0.0	0.0	0.0	0.0	0.0	0.0	0.0	0.0	0.0	0.0	0.0	0.0	0.0	0.0	0.0	0.0	0.0	0.0	0.0	0.0	0.0	0.0
s__Sanguibacteroides_justesenii	0	0.0	0.0	0.0	0.0	0.0	0.0	0.0	0.0	0.0	0.0	0.0	0.00995	0.0	0.0	0.0	0.0	0.0	0.0	0.0	0.0	0.0	0.0	0.0	0.0	0.0	0.0	0.0	0.0	0.0	0.0	0.0	0.0	0.0	0.0	0.0	0.0	0.0	0.0	0.0	0.0	0.0	0.0	0.0	0.0
s__Coprobacter_fastidiosus	0	0.0	0.0	0.0	0.0	0.0	0.0	0.0	0.0	0.0	0.0	0.0	0.0037	0.01584	0.0	0.0	0.0	0.0	0.0	0.0	0.0	0.0	0.0	0.0	0.0	0.16952	0.28418	0.0	0.0	0.0	0.0	0.0	0.0	0.0	0.0	0.0	0.0	0.0	0.0	0.0	0.0	0.0	0.0	0.0	0.0
s__Clostridium_ventriculi	0	0.0	0.0	0.0	0.0	0.0	0.0	0.0	0.0	0.0	0.0	0.0	0.0	0.02853	0.00889	0.0	0.0	0.26708	0.0	0.0	0.0	0.0	0.0	0.0	0.0	0.0	0.0	0.0	0.0	0.01581	0.0	0.22451	0.00602	0.0	0.0	0.24345	0.00458	0.0	0.0	14.30712	0.06694	0.0	0.0	0.0	0.0
s__Bacteroides_coprocola	0	0.0	0.0	0.0	0.0	0.0	0.0	0.0	0.0	0.0	0.0	0.0	0.0	0.02234	0.0	0.0	0.0	0.0	0.0	0.0	0.0	0.0	0.0	0.0	0.14083	0.0	0.0	0.0	0.0	0.0	0.0	0.0	0.0	0.0	0.0	0.0	0.0	0.0	0.0	0.99979	0.0	0.0	0.0	0.0	0.0
s__Victivallis_vadensis	0	0.0	0.0	0.0	0.0	0.0	0.0	0.0	0.0	0.0	0.0	0.0	0.0	0.01911	0.0	0.0	0.0	0.0	0.0	0.0	0.0	0.0	0.0	0.0	0.0	0.0	0.0	0.0	0.0	0.0	0.0	0.0	0.0	0.0	0.0	0.0	0.0	0.0	0.0	0.0	0.0	0.0	0.0	0.0	0.0
s__Bacteroides_cellulosilyticus	0	0.0	0.0	0.0	0.0	0.0	0.0	0.0	0.0	0.0	0.0	0.0	0.0	0.0	1.0807	0.0	0.0	0.0	0.0	0.0	0.02592	0.0	0.0	0.0	0.0	0.0	0.18968	0.0	0.0	0.0	0.0	0.24689	0.0	0.0	0.0	0.0	0.00861	0.0	0.63081	0.06649	0.0	0.0	0.0	0.0	0.0
s__Brachyspira_pilosicoli	0	0.0	0.0	0.0	0.0	0.0	0.0	0.0	0.0	0.0	0.0	0.0	0.0	0.0	0.28831	0.0	0.0	0.0	0.0	0.0	0.0	0.0	0.0	0.36743	0.0	0.0	0.0	0.0	0.0	0.0	0.0	0.0	0.0	0.0	0.0	0.0	0.0	0.0	0.0	0.0	0.0	0.0	0.0	0.0	0.0
s__Bacteroides_salyersiae	0	0.0	0.0	0.0	0.0	0.0	0.0	0.0	0.0	0.0	0.0	0.0	0.0	0.0	0.05869	0.0	1.02512	0.0	0.04055	0.0	0.0	0.0	0.01067	0.0	0.0	0.0	0.0	0.0	0.0	0.0	0.0	3.02083	0.0	0.0	0.0	0.0	0.0	0.0	0.0	0.04225	0.0	0.0	0.0	0.0	0.0
s__Coprobacillus_cateniformis	0	0.0	0.0	0.0	0.0	0.0	0.0	0.0	0.0	0.0	0.0	0.0	0.0	0.0	0.01333	0.0	0.0	0.0	0.0	0.0	0.0	0.0	0.0	0.0	0.0	0.0	0.0	0.0	0.0	0.0	0.0	0.0	0.0	0.0	0.0	0.0	0.0	0.0	0.0	0.0	0.0	0.0	0.0	0.0	0.0
s__Proteobacteria_bacterium_CAG_139	0	0.0	0.0	0.0	0.0	0.0	0.0	0.0	0.0	0.0	0.0	0.0	0.0	0.0	0.00184	0.0	0.0	0.0	0.0	0.0	0.0	0.0	0.0	0.0	0.0	0.0	0.02192	0.0	0.0	0.0	0.0	0.0	0.0	0.0	0.0	0.0	0.0	0.0	0.0	0.00192	0.0	0.0	0.0	0.0	0.0
s__Klebsiella_michiganensis	0	0.0	0.0	0.0	0.0	0.0	0.0	0.0	0.0	0.0	0.0	0.0	0.0	0.0	0.0	0.05324	0.01298	0.0	0.0	0.0	0.0	0.0	0.0	0.0	0.0	0.0	0.0	0.0	0.0	0.0	0.0	0.0	0.0	0.0	0.0	0.0	0.0	0.0	0.0	0.25422	0.0	0.0	0.0	0.0	0.0
s__Lactococcus_petauri	0	0.0	0.0	0.0	0.0	0.0	0.0	0.0	0.0	0.0	0.0	0.0	0.0	0.0	0.0	0.00159	0.0	0.0	0.0	0.0	0.0	0.0	0.0	0.0	0.0	0.0	0.0	0.0	0.0	0.0	0.0	0.0	0.0	0.0	0.0	0.0	0.0	0.03885	0.0	0.0	0.0	0.0	0.0	0.0	0.0
s__Kosakonia_oryzae	0	0.0	0.0	0.0	0.0	0.0	0.0	0.0	0.0	0.0	0.0	0.0	0.0	0.0	0.0	0.00093	0.00073	0.0	0.0	0.0	0.0	0.0	0.0	0.0	0.0	0.0	0.0	0.0	0.0	0.0	0.0	0.0	0.0	0.0	0.0	0.0	0.0	0.0	0.0	0.0	0.0	0.0	0.0	0.0	0.00587
s__Clostridium_bolteae	0	0.0	0.0	0.0	0.0	0.0	0.0	0.0	0.0	0.0	0.0	0.0	0.0	0.0	0.0	0.0	3.59541	0.0	0.0	0.0	0.0	0.0	0.0	0.0	0.0	0.0	0.0	0.0	0.0	0.0	0.0	0.0	0.0	0.0	0.0	0.0	0.0	0.11027	0.0	0.0	0.0	0.0	0.0	0.13019	0.0
s__Bacteroides_sp_D2	0	0.0	0.0	0.0	0.0	0.0	0.0	0.0	0.0	0.0	0.0	0.0	0.0	0.0	0.0	0.0	0.27283	0.0	0.0	0.0	0.0	0.0	0.0	0.0	0.0	0.0	0.0	0.0	0.0	0.0	0.0	0.0	0.0	0.0	0.0	0.0	0.0	0.0	0.0	0.0	0.0	0.0	0.0	0.0	0.0
s__Clostridium_symbiosum	0	0.0	0.0	0.0	0.0	0.0	0.0	0.0	0.0	0.0	0.0	0.0	0.0	0.0	0.0	0.0	0.19516	0.0	0.0	0.0	0.0	0.0	0.0	0.0	0.0	0.0	0.0	0.0	0.00064	0.0	0.0	0.0	0.0	0.0	0.0	0.00882	0.0	0.00586	0.0	0.0	0.0	0.0	0.0	0.0	0.0
s__Hungatella_hathewayi	0	0.0	0.0	0.0	0.0	0.0	0.0	0.0	0.0	0.0	0.0	0.0	0.0	0.0	0.0	0.0	0.18458	0.0	0.0	0.0	0.0	0.0	0.0	0.0	0.0	0.0	0.0	0.0	0.0	0.0	0.0	0.0	0.0	0.0	0.0	0.0	0.0	0.0	0.0	0.0	0.0	0.0	0.0	0.00231	0.0
s__Clostridium_bolteae_CAG_59	0	0.0	0.0	0.0	0.0	0.0	0.0	0.0	0.0	0.0	0.0	0.0	0.0	0.0	0.0	0.0	0.17406	0.0	0.0	0.0	0.0	0.0	0.0	0.0	0.0	0.0	0.0	0.0	0.0	0.0	0.0	0.0	0.0	0.0	0.0	0.0	0.0	0.0	0.0	0.0	0.0	0.0	0.0	0.0	0.0
s__Blautia_producta	0	0.0	0.0	0.0	0.0	0.0	0.0	0.0	0.0	0.0	0.0	0.0	0.0	0.0	0.0	0.0	0.17053	0.0	0.0	0.0	0.0	0.0	0.0	0.0	0.0	0.0	0.0	0.0	0.0	0.0	0.0	0.0	0.0	0.0	0.0	0.0	0.0	0.0	0.0	0.0	0.0	0.0	0.0	0.0	0.0
s__Citrobacter_portucalensis	0	0.0	0.0	0.0	0.0	0.0	0.0	0.0	0.0	0.0	0.0	0.0	0.0	0.0	0.0	0.0	0.16205	0.0	0.0	0.0	0.0	0.0	0.0	0.0	0.0	0.0	0.0	0.0	0.0	0.0	0.0	0.0	0.0	0.0	0.0	0.0	0.0	0.0	0.0	0.0	0.0	0.0	0.0	0.0	0.0
s__Dialister_succinatiphilus	0	0.0	0.0	0.0	0.0	0.0	0.0	0.0	0.0	0.0	0.0	0.0	0.0	0.0	0.0	0.0	0.09829	0.0	0.0	0.0	0.0	0.0	0.0	0.0	0.0	0.0	0.0	0.0	0.0	0.0	0.0	0.0	0.0	0.0	0.0	0.0	0.0	0.0	0.0	0.0	0.0	0.0	0.0	0.0	0.0
s__Clostridium_lavalense	0	0.0	0.0	0.0	0.0	0.0	0.0	0.0	0.0	0.0	0.0	0.0	0.0	0.0	0.0	0.0	0.07366	0.0	0.0	0.0	0.0	0.0	0.0	0.0	0.0	0.0	0.0	0.0	0.0	0.0	0.0	0.0	0.0	0.0	0.0	0.0	0.0	0.0	0.0	0.0	0.0	0.0	0.0	0.0	0.0
s__Citrobacter_werkmanii	0	0.0	0.0	0.0	0.0	0.0	0.0	0.0	0.0	0.0	0.0	0.0	0.0	0.0	0.0	0.0	0.06661	0.0	0.0	0.0	0.0	0.0	0.0	0.0	0.0	0.0	0.0	0.0	0.0	0.0	0.0	0.0	0.0	0.0	0.0	0.0	0.0	0.0	0.0	0.00676	0.0	0.0	0.0	0.0	0.0
s__Blautia_coccoides	0	0.0	0.0	0.0	0.0	0.0	0.0	0.0	0.0	0.0	0.0	0.0	0.0	0.0	0.0	0.0	0.06012	0.0	0.0	0.0	0.0	0.0	0.0	0.0	0.0	0.0	0.0	0.0	0.0	0.0	0.0	0.0	0.0	0.0	0.0	0.0	0.0	0.0	0.0	0.0	0.0	0.0	0.0	0.0	0.0
s__Kluyvera_ascorbata	0	0.0	0.0	0.0	0.0	0.0	0.0	0.0	0.0	0.0	0.0	0.0	0.0	0.0	0.0	0.0	0.03237	0.0	0.0	0.0	0.0	0.0	0.0	0.0	0.0	0.0	0.0	0.0	0.0	0.0	0.0	0.0	0.0	0.0	0.0	0.0	0.0	0.0	0.0	0.0	0.0	0.0	0.0	0.0	0.0
s__Clostridium_citroniae	0	0.0	0.0	0.0	0.0	0.0	0.0	0.0	0.0	0.0	0.0	0.0	0.0	0.0	0.0	0.0	0.0322	0.0	0.0	0.0	0.0	0.0	0.0	0.0	0.0	0.0	0.0	0.0	0.00106	0.0	0.0	0.0	0.0	0.0	0.0	0.0	0.0	0.0	0.0	0.0	0.0	0.0	0.0	0.0	0.0
s__Sellimonas_intestinalis	0	0.0	0.0	0.0	0.0	0.0	0.0	0.0	0.0	0.0	0.0	0.0	0.0	0.0	0.0	0.0	0.02256	0.0	0.0	0.0	0.0	0.0	0.0	0.0	0.0	0.0	0.0	0.0	0.0	0.0	0.0	0.0	0.0	0.0	0.0	0.0	0.0	0.0	0.0	0.0	0.04849	0.0	0.0	0.0	0.0
s__Eggerthella_lenta	0	0.0	0.0	0.0	0.0	0.0	0.0	0.0	0.0	0.0	0.0	0.0	0.0	0.0	0.0	0.0	0.01654	0.0	0.0	0.0	0.0	0.0	0.0	0.0	0.0	0.0	0.0	0.0	0.0032	0.0	0.0	0.0	0.0	0.0	0.0	0.0	0.0	0.04881	0.01003	0.0	0.0	0.0	0.0	0.0	0.0
s__Kluyvera_georgiana	0	0.0	0.0	0.0	0.0	0.0	0.0	0.0	0.0	0.0	0.0	0.0	0.0	0.0	0.0	0.0	0.016	0.0	0.0	0.0	0.0	0.0	0.0	0.0	0.0	0.0	0.0	0.0	0.0	0.0	0.0	0.0	0.0	0.0	0.0	0.0036	0.0	0.0	0.0	0.00227	0.0	0.0	0.0	0.0	0.0
s__Clostridium_aldenense	0	0.0	0.0	0.0	0.0	0.0	0.0	0.0	0.0	0.0	0.0	0.0	0.0	0.0	0.0	0.0	0.01164	0.0	0.0	0.0	0.0	0.0	0.0	0.0	0.0	0.0	0.0	0.0	0.0	0.0	0.0	0.0	0.0	0.0	0.0	0.0	0.0	0.0	0.0	0.0	0.0	0.0	0.0	0.0	0.0
s__Clostridium_neonatale	0	0.0	0.0	0.0	0.0	0.0	0.0	0.0	0.0	0.0	0.0	0.0	0.0	0.0	0.0	0.0	0.00636	0.00901	0.0	0.0	0.0	0.0	0.0	0.0	0.0	0.0	0.0	0.0	0.0	0.0	0.0	0.0	0.0	0.0	0.0	0.0	0.0	0.0	0.0	0.0	0.0	0.0	0.0	0.0	0.0
s__Proteus_mirabilis	0	0.0	0.0	0.0	0.0	0.0	0.0	0.0	0.0	0.0	0.0	0.0	0.0	0.0	0.0	0.0	0.00339	0.0	0.0	0.0	0.0	0.0	0.0	0.0	0.0	0.0	0.0	0.0	0.0	0.0	0.0	0.0	0.0	0.0	0.0	0.0	0.0	0.0	0.0	0.0	0.0	0.0	0.0	0.0	0.0
s__Citrobacter_amalonaticus	0	0.0	0.0	0.0	0.0	0.0	0.0	0.0	0.0	0.0	0.0	0.0	0.0	0.0	0.0	0.0	0.00308	0.0	0.0	0.0	0.0	0.0	0.0	0.0	0.0	0.0	0.0	0.0	0.0	0.0	0.0	0.0	0.0	0.0	0.0	0.0	0.0	0.0	0.0	0.0	0.0	0.0	0.0	0.0	0.0
s__Romboutsia_ilealis	0	0.0	0.0	0.0	0.0	0.0	0.0	0.0	0.0	0.0	0.0	0.0	0.0	0.0	0.0	0.0	0.00254	0.00286	0.0	0.0	0.0	0.0	0.0	0.0	0.0	0.0	0.0	0.0	0.0	0.0	0.0	0.0	0.0	0.0	0.0	0.0	0.0	0.0	0.0025	0.00437	0.00195	0.0	0.0	0.0	0.0
s__Citrobacter_europaeus	0	0.0	0.0	0.0	0.0	0.0	0.0	0.0	0.0	0.0	0.0	0.0	0.0	0.0	0.0	0.0	0.00243	0.0	0.0	0.0	0.0	0.0	0.0	0.0	0.0	0.0	0.0	0.0	0.0	0.0	0.0	0.0	0.0	0.0	0.0	0.0	0.0	0.0	0.0	0.0	0.0	0.0	0.0	0.0	0.0
s__Streptococcus_vestibularis	0	0.0	0.0	0.0	0.0	0.0	0.0	0.0	0.0	0.0	0.0	0.0	0.0	0.0	0.0	0.0	0.00188	0.0	0.0	0.0	0.00628	0.0	0.0	0.0	0.0	0.0	0.00257	0.0	0.0	0.0	0.0	0.0	0.0421	0.0	0.01548	0.0	0.0	0.0	0.0	0.0	0.0	0.0	0.0	0.0	0.0
s__Streptococcus_thermophilus	0	0.0	0.0	0.0	0.0	0.0	0.0	0.0	0.0	0.0	0.0	0.0	0.0	0.0	0.0	0.0	0.0	0.24095	0.0	0.0	0.0	0.0	0.0	0.0	0.0	0.0	0.0	0.0	0.0	0.0	0.0	0.0	0.0273	0.0	0.03279	0.0	0.0	0.0	0.0	0.0	0.0	0.0	0.0	0.0	0.0
s__Haemophilus_parahaemolyticus	0	0.0	0.0	0.0	0.0	0.0	0.0	0.0	0.0	0.0	0.0	0.0	0.0	0.0	0.0	0.0	0.0	0.19212	0.0	0.0	0.0	0.0	0.0	0.0	0.0	0.0	0.01679	0.0	0.0	0.0	0.0	0.0	0.11533	0.0	0.06605	0.0	0.0	0.0	0.0	0.0	0.0	0.0	0.0	0.0	0.0
s__Haemophilus_haemolyticus	0	0.0	0.0	0.0	0.0	0.0	0.0	0.0	0.0	0.0	0.0	0.0	0.0	0.0	0.0	0.0	0.0	0.08651	0.0	0.0	0.0	0.0	0.0	0.0	0.0	0.0	0.0	0.0	0.0	0.0	0.0	0.0	0.00775	0.0	0.0416	0.01831	0.0	0.0	0.0	0.0	0.0	0.0	0.0	0.0	0.0
s__Bifidobacterium_breve	0	0.0	0.0	0.0	0.0	0.0	0.0	0.0	0.0	0.0	0.0	0.0	0.0	0.0	0.0	0.0	0.0	0.02762	0.0	0.0	0.0	0.0	0.0	0.0	0.0	0.0	0.0	0.0	0.0	0.0	0.0	0.0	0.0	0.0	0.0	0.0	0.0	0.00886	0.0	0.0	0.0	0.0	0.0	0.0	0.0
s__Lactobacillus_fermentum	0	0.0	0.0	0.0	0.0	0.0	0.0	0.0	0.0	0.0	0.0	0.0	0.0	0.0	0.0	0.0	0.0	0.02545	0.0	0.0	0.0	0.0	0.0	0.0	0.0	0.0	0.0	0.0	0.0	0.0	0.0	0.0	0.0	0.0	0.0	0.57162	0.0	0.0	0.0	0.0	0.0	0.0	0.00175	0.0	0.0
s__Actinomyces_sp_ICM47	0	0.0	0.0	0.0	0.0	0.0	0.0	0.0	0.0	0.0	0.0	0.0	0.0	0.0	0.0	0.0	0.0	0.02323	0.0	0.0	0.0	0.0	0.0	0.0	0.0	0.0	0.0	0.0	0.0	0.0	0.0	0.0	0.0	0.0	0.0	0.0065	0.0	0.0	0.0	0.0	0.00076	0.0	0.0	0.0	0.0
s__Haemophilus_quentini	0	0.0	0.0	0.0	0.0	0.0	0.0	0.0	0.0	0.0	0.0	0.0	0.0	0.0	0.0	0.0	0.0	0.01909	0.0	0.0	0.0	0.0	0.0	0.0	0.0	0.0	0.0	0.0	0.0	0.0	0.0	0.0	0.0	0.0	0.0	0.00175	0.0	0.0	0.0	0.0	0.0	0.0	0.0	0.0	0.0
s__Streptococcus_pseudopneumoniae	0	0.0	0.0	0.0	0.0	0.0	0.0	0.0	0.0	0.0	0.0	0.0	0.0	0.0	0.0	0.0	0.0	0.01604	0.0	0.0	0.0	0.0	0.0	0.0	0.0	0.0	0.0	0.0	0.0	0.0	0.0	0.0	0.0	0.0	0.0	0.0	0.0	0.0	0.0	0.0	0.0	0.0	0.0	0.0	0.0
s__Gemella_haemolysans	0	0.0	0.0	0.0	0.0	0.0	0.0	0.0	0.0	0.0	0.0	0.0	0.0	0.0	0.0	0.0	0.0	0.01558	0.0	0.0	0.0	0.0	0.0	0.0	0.0	0.0	0.00513	0.0	0.0	0.0	0.0	0.0	0.0	0.0	0.00341	0.02818	0.0	0.0	0.0	0.0	0.0	0.0	0.0	0.0	0.0
s__Gemella_morbillorum	0	0.0	0.0	0.0	0.0	0.0	0.0	0.0	0.0	0.0	0.0	0.0	0.0	0.0	0.0	0.0	0.0	0.01085	0.0	0.0	0.0	0.0	0.0	0.0	0.0	0.0	0.0	0.0	0.0	0.0	0.0	0.0	0.0	0.0	0.0	0.0	0.0	0.0	0.0	0.0	0.01451	0.0	0.0	0.0	0.0
s__Haemophilus_pittmaniae	0	0.0	0.0	0.0	0.0	0.0	0.0	0.0	0.0	0.0	0.0	0.0	0.0	0.0	0.0	0.0	0.0	0.00951	0.0	0.0	0.0	0.0	0.0	0.0	0.0	0.0	0.0	0.0	0.0	0.01322	0.0	0.0	0.0	0.0	0.0	0.0	0.0	0.0	0.0	0.0	0.0	0.0	0.0	0.0	0.0
s__Prevotella_melaninogenica	0	0.0	0.0	0.0	0.0	0.0	0.0	0.0	0.0	0.0	0.0	0.0	0.0	0.0	0.0	0.0	0.0	0.00917	0.0	0.0	0.0	0.0	0.0	0.0	0.0	0.0	0.0	0.0	0.0	0.0	0.0	0.0	0.0	0.0	0.0	0.0	0.0	0.0	0.0	0.0	0.0	0.0	0.0	0.0	0.0
s__Neisseria_sp_oral_taxon_014	0	0.0	0.0	0.0	0.0	0.0	0.0	0.0	0.0	0.0	0.0	0.0	0.0	0.0	0.0	0.0	0.0	0.00684	0.0	0.0	0.0	0.0	0.0	0.0	0.0	0.0	0.0	0.0	0.0	0.0	0.0	0.0	0.0	0.0	0.0	0.0	0.0	0.0	0.0	0.0	0.0	0.0	0.0	0.0	0.0
s__Aggregatibacter_aphrophilus	0	0.0	0.0	0.0	0.0	0.0	0.0	0.0	0.0	0.0	0.0	0.0	0.0	0.0	0.0	0.0	0.0	0.00676	0.0	0.0	0.0	0.0	0.0	0.0	0.0	0.0	0.0	0.0	0.0	0.0	0.0	0.0	0.0	0.0	0.0	0.0	0.0	0.0	0.0	0.0	0.0	0.0	0.0	0.0	0.0
s__Lactobacillus_oris	0	0.0	0.0	0.0	0.0	0.0	0.0	0.0	0.0	0.0	0.0	0.0	0.0	0.0	0.0	0.0	0.0	0.00433	0.0	0.0	0.0	0.0	0.0	0.0	0.0	0.0	0.0	0.0	0.0	0.0	0.0	0.0	0.0	0.0	0.0	0.0	0.0	0.0	0.0	0.0	0.0	0.0	0.0	0.0	0.0
s__Candida_tropicalis	0	0.0	0.0	0.0	0.0	0.0	0.0	0.0	0.0	0.0	0.0	0.0	0.0	0.0	0.0	0.0	0.0	0.00234	0.0	0.0	0.0	0.0	0.0	0.0	0.0	0.0	0.0	0.0	0.0	0.0	0.0	0.0	0.0	0.0	0.0	0.0	0.0	0.0	0.0	0.0	0.0	0.0	0.0	0.0	0.0
s__Arcanobacterium_haemolyticum	0	0.0	0.0	0.0	0.0	0.0	0.0	0.0	0.0	0.0	0.0	0.0	0.0	0.0	0.0	0.0	0.0	0.0	0.03972	0.0	0.0	0.0	0.0	0.0	0.0	0.0	0.0	0.0	0.0	0.0	0.0	0.0	0.0	0.01465	0.0	0.0	0.0	0.0	0.0	0.0	0.0	0.0	0.0	0.0	0.0
s__Pantoea_dispersa	0	0.0	0.0	0.0	0.0	0.0	0.0	0.0	0.0	0.0	0.0	0.0	0.0	0.0	0.0	0.0	0.0	0.0	0.03116	0.0	0.0	0.0	0.0	0.0	0.0	0.0	0.0	0.0	0.0	0.0	0.0	0.0	0.0	0.0	0.0	0.0	0.0	0.0	0.0	0.0	0.0	0.0	0.0	0.0	0.0
s__Streptococcus_macedonicus	0	0.0	0.0	0.0	0.0	0.0	0.0	0.0	0.0	0.0	0.0	0.0	0.0	0.0	0.0	0.0	0.0	0.0	0.0	0.05367	0.0	0.0	0.0	0.0	0.00289	0.0	0.0014	0.0	0.0	0.0	0.0	0.0	0.0	0.0	0.0	0.0	0.0	0.01836	0.0	0.20344	0.0	0.0	0.0	0.0	0.0
s__Lactococcus_lactis	0	0.0	0.0	0.0	0.0	0.0	0.0	0.0	0.0	0.0	0.0	0.0	0.0	0.0	0.0	0.0	0.0	0.0	0.0	0.05044	0.0	0.05246	0.0	0.0	0.0	0.0	0.00088	0.0	0.0	0.10358	0.0	0.0	0.0	0.0	0.0	0.00248	0.0	0.0	0.0	0.32413	0.01527	0.0	0.0	0.0	0.0829
s__Helicobacter_bilis	0	0.0	0.0	0.0	0.0	0.0	0.0	0.0	0.0	0.0	0.0	0.0	0.0	0.0	0.0	0.0	0.0	0.0	0.0	0.02979	0.0	0.0	0.0	0.0	0.0	0.0	0.0	0.0	0.0	0.0	0.0	0.0	0.0	0.0	0.0	0.0	0.0	0.0	0.0	0.0	0.0	0.0	0.0	0.0	0.0
s__Enterococcus_italicus	0	0.0	0.0	0.0	0.0	0.0	0.0	0.0	0.0	0.0	0.0	0.0	0.0	0.0	0.0	0.0	0.0	0.0	0.0	0.0058	0.0	0.15112	0.0	0.0	0.01966	0.00214	0.00217	0.0	0.0	0.0	0.0	0.0	0.0	0.0	0.0	0.0	0.0	0.0	0.0	0.0	0.0	0.0	0.0	0.0	0.03109
s__Enterococcus_casseliflavus	0	0.0	0.0	0.0	0.0	0.0	0.0	0.0	0.0	0.0	0.0	0.0	0.0	0.0	0.0	0.0	0.0	0.0	0.0	0.0	0.0	0.01787	0.0	0.0	0.0	0.0	0.0	0.0	0.0	0.0	0.0	0.0	0.0	0.0	0.0	0.0	0.0	0.0	0.0	0.0	0.0	0.0	0.0	0.0	0.01618
s__Clostridium_disporicum	0	0.0	0.0	0.0	0.0	0.0	0.0	0.0	0.0	0.0	0.0	0.0	0.0	0.0	0.0	0.0	0.0	0.0	0.0	0.0	0.0	0.0	0.03094	0.0	0.0	0.0	0.0	0.0	0.0	0.0	0.0	0.0	0.0	0.0	0.0	0.00328	0.00743	0.0	0.02094	0.01529	0.0	0.0	0.0	0.0	0.0
s__Streptococcus_anginosus_group	0	0.0	0.0	0.0	0.0	0.0	0.0	0.0	0.0	0.0	0.0	0.0	0.0	0.0	0.0	0.0	0.0	0.0	0.0	0.0	0.0	0.0	0.01654	0.0	0.0	0.0	0.0	0.0	0.0	0.0	0.0	0.0	0.0	0.0	0.0	0.0	0.0	0.0	0.0	0.0	0.0	0.0	0.0	0.0	0.0
s__Streptococcus_milleri	0	0.0	0.0	0.0	0.0	0.0	0.0	0.0	0.0	0.0	0.0	0.0	0.0	0.0	0.0	0.0	0.0	0.0	0.0	0.0	0.0	0.0	0.00655	0.0	0.0	0.0	0.0	0.0	0.0	0.0	0.0	0.0	0.0	0.0	0.0	0.0	0.0	0.0	0.0	0.0	0.0	0.0	0.0	0.0	0.0
s__Lactobacillus_mucosae	0	0.0	0.0	0.0	0.0	0.0	0.0	0.0	0.0	0.0	0.0	0.0	0.0	0.0	0.0	0.0	0.0	0.0	0.0	0.0	0.0	0.0	0.00555	0.07883	0.0	0.0	0.0	0.0	0.0	0.0	0.0	0.0	0.0	0.0	0.0	0.0	0.0	0.0	0.11954	0.0	0.0	0.0	0.0	0.0	0.0
s__Clostridium_paraputrificum	0	0.0	0.0	0.0	0.0	0.0	0.0	0.0	0.0	0.0	0.0	0.0	0.0	0.0	0.0	0.0	0.0	0.0	0.0	0.0	0.0	0.0	0.00505	0.0	0.0	0.0	0.0	0.01119	0.0	0.0	0.0	0.0	0.0	0.0	0.0	0.0	0.0	0.0	0.0	0.0	0.0	0.0	0.0	0.0	0.0
s__Streptococcus_cristatus	0	0.0	0.0	0.0	0.0	0.0	0.0	0.0	0.0	0.0	0.0	0.0	0.0	0.0	0.0	0.0	0.0	0.0	0.0	0.0	0.0	0.0	0.00205	0.0	0.0	0.0	0.0	0.0	0.0	0.0	0.0	0.0	0.00204	0.0	0.0	0.0	0.0	0.0	0.0	0.0	0.0	0.0	0.0	0.0	0.0
s__Lactobacillus_salivarius	0	0.0	0.0	0.0	0.0	0.0	0.0	0.0	0.0	0.0	0.0	0.0	0.0	0.0	0.0	0.0	0.0	0.0	0.0	0.0	0.0	0.0	0.0	0.0627	0.0	0.0	0.0	0.0	0.0	0.0	0.0	0.0	0.0	0.0	0.0	0.0	0.0	0.0	0.0	0.0	0.0	0.0	0.0	0.0	0.0
s__Streptococcus_mutans	0	0.0	0.0	0.0	0.0	0.0	0.0	0.0	0.0	0.0	0.0	0.0	0.0	0.0	0.0	0.0	0.0	0.0	0.0	0.0	0.0	0.0	0.0	0.031	0.0	0.0	0.0	0.0	0.0	0.0	0.0	0.0	0.0	0.0	0.0	0.0	0.0	0.0	0.0	0.0	0.04999	0.0	0.0	0.0	0.0
s__Neisseria_macacae	0	0.0	0.0	0.0	0.0	0.0	0.0	0.0	0.0	0.0	0.0	0.0	0.0	0.0	0.0	0.0	0.0	0.0	0.0	0.0	0.0	0.0	0.0	0.01363	0.0	0.0	0.0	0.0	0.0	0.0	0.0	0.0	0.0	0.0	0.0	0.0	0.0	0.0	0.0	0.0	0.0	0.0	0.0	0.0	0.0
s__Veillonella_denticariosi	0	0.0	0.0	0.0	0.0	0.0	0.0	0.0	0.0	0.0	0.0	0.0	0.0	0.0	0.0	0.0	0.0	0.0	0.0	0.0	0.0	0.0	0.0	0.00792	0.0	0.0	0.0	0.0	0.0	0.0	0.0	0.0	0.0	0.0	0.0	0.0	0.0	0.0	0.0	0.0	0.44234	0.0	0.0	0.0	0.0
s__Lactobacillus_paragasseri	0	0.0	0.0	0.0	0.0	0.0	0.0	0.0	0.0	0.0	0.0	0.0	0.0	0.0	0.0	0.0	0.0	0.0	0.0	0.0	0.0	0.0	0.0	0.00695	0.0	0.0	0.0	0.0	0.0	0.0	0.0	0.0	0.0	0.0	0.0	0.0	0.0	0.0	0.0	0.0	0.0	0.0	0.0	0.0	0.0
s__Streptococcus_gallolyticus	0	0.0	0.0	0.0	0.0	0.0	0.0	0.0	0.0	0.0	0.0	0.0	0.0	0.0	0.0	0.0	0.0	0.0	0.0	0.0	0.0	0.0	0.0	0.0	0.00443	0.0	0.00087	0.0	0.0	0.0	0.0	0.0	0.0	0.0	0.0	0.0	0.0	0.0	0.0	0.00521	0.0	0.0	0.0	0.0	0.0
s__Ruminococcus_obeum_CAG_39	0	0.0	0.0	0.0	0.0	0.0	0.0	0.0	0.0	0.0	0.0	0.0	0.0	0.0	0.0	0.0	0.0	0.0	0.0	0.0	0.0	0.0	0.0	0.0	0.0037	0.0	0.0	0.00193	0.0	0.0	0.02369	0.0	0.0	0.0	0.0	0.0	0.0	0.0	0.0	0.0	0.02668	0.0	0.0	0.0	0.0
s__Tyzzerella_nexilis	0	0.0	0.0	0.0	0.0	0.0	0.0	0.0	0.0	0.0	0.0	0.0	0.0	0.0	0.0	0.0	0.0	0.0	0.0	0.0	0.0	0.0	0.0	0.0	0.00091	0.0	0.0	0.0	0.0	0.0	0.0	0.0	0.0	0.0	0.0	0.0	0.0	0.0	0.0	0.0	0.0	0.0	0.0	0.0	0.0
s__Bacteroides_coprophilus	0	0.0	0.0	0.0	0.0	0.0	0.0	0.0	0.0	0.0	0.0	0.0	0.0	0.0	0.0	0.0	0.0	0.0	0.0	0.0	0.0	0.0	0.0	0.0	0.0	1.06255	0.0	0.12409	0.0	0.0	0.0	0.0	0.0	0.0	0.0	0.0	0.0	0.0	0.09023	0.0	0.0	0.0	0.0	0.0	0.0
s__Sharpea_azabuensis	0	0.0	0.0	0.0	0.0	0.0	0.0	0.0	0.0	0.0	0.0	0.0	0.0	0.0	0.0	0.0	0.0	0.0	0.0	0.0	0.0	0.0	0.0	0.0	0.0	0.01	0.0	0.0	0.0	0.0	0.0	0.0	0.0	0.0	0.0	0.0	0.0023	0.0	0.0	0.0	0.0	0.0	0.0	0.0	0.0
s__Dialister_invisus	0	0.0	0.0	0.0	0.0	0.0	0.0	0.0	0.0	0.0	0.0	0.0	0.0	0.0	0.0	0.0	0.0	0.0	0.0	0.0	0.0	0.0	0.0	0.0	0.0	0.0	0.10371	0.0	0.0	0.0	0.0	0.0	0.0	0.0	0.0	0.0	0.0	0.0	0.0	0.0	0.0	0.0	0.0	0.0	0.0
s__Holdemania_filiformis	0	0.0	0.0	0.0	0.0	0.0	0.0	0.0	0.0	0.0	0.0	0.0	0.0	0.0	0.0	0.0	0.0	0.0	0.0	0.0	0.0	0.0	0.0	0.0	0.0	0.0	0.003	0.0	0.03537	0.0	0.0	0.0	0.0	0.0	0.0	0.0	0.0	0.0	0.0	0.01834	0.0	0.0	0.0	0.0	0.0
s__Bifidobacterium_bifidum	0	0.0	0.0	0.0	0.0	0.0	0.0	0.0	0.0	0.0	0.0	0.0	0.0	0.0	0.0	0.0	0.0	0.0	0.0	0.0	0.0	0.0	0.0	0.0	0.0	0.0	0.0	0.00158	0.0	0.0	0.0	0.0	0.0	0.0	0.0	0.17343	0.0	0.0	0.0	0.0	0.0	0.0	0.0	0.0	0.0
s__Dielma_fastidiosa	0	0.0	0.0	0.0	0.0	0.0	0.0	0.0	0.0	0.0	0.0	0.0	0.0	0.0	0.0	0.0	0.0	0.0	0.0	0.0	0.0	0.0	0.0	0.0	0.0	0.0	0.0	0.0	0.00766	0.0	0.0	0.0	0.0	0.0	0.0	0.0	0.0	0.0	0.0	0.0	0.0	0.0	0.0	0.0	0.0
s__Adlercreutzia_equolifaciens	0	0.0	0.0	0.0	0.0	0.0	0.0	0.0	0.0	0.0	0.0	0.0	0.0	0.0	0.0	0.0	0.0	0.0	0.0	0.0	0.0	0.0	0.0	0.0	0.0	0.0	0.0	0.0	0.00535	0.0	0.0	0.0	0.0	0.0	0.0	0.0	0.0	0.0	0.0	0.0	0.0	0.0	0.0	0.0	0.0
s__Clostridium_asparagiforme	0	0.0	0.0	0.0	0.0	0.0	0.0	0.0	0.0	0.0	0.0	0.0	0.0	0.0	0.0	0.0	0.0	0.0	0.0	0.0	0.0	0.0	0.0	0.0	0.0	0.0	0.0	0.0	0.00417	0.0	0.0	0.0	0.0	0.0	0.0	0.0	0.0	0.0	0.0	0.0	0.0	0.0	0.0	0.0	0.0
s__Asaccharobacter_celatus	0	0.0	0.0	0.0	0.0	0.0	0.0	0.0	0.0	0.0	0.0	0.0	0.0	0.0	0.0	0.0	0.0	0.0	0.0	0.0	0.0	0.0	0.0	0.0	0.0	0.0	0.0	0.0	0.00191	0.0	0.0	0.0	0.0	0.0	0.0	0.0	0.0	0.0	0.0	0.0	0.0	0.0	0.0	0.0	0.0
s__Faecalitalea_cylindroides	0	0.0	0.0	0.0	0.0	0.0	0.0	0.0	0.0	0.0	0.0	0.0	0.0	0.0	0.0	0.0	0.0	0.0	0.0	0.0	0.0	0.0	0.0	0.0	0.0	0.0	0.0	0.0	0.00167	0.0	0.0	0.0	0.0	0.0	0.0	0.0	0.0	0.0	0.0	0.0	0.0	0.0	0.0	0.0	0.0
s__Desulfovibrio_fairfieldensis	0	0.0	0.0	0.0	0.0	0.0	0.0	0.0	0.0	0.0	0.0	0.0	0.0	0.0	0.0	0.0	0.0	0.0	0.0	0.0	0.0	0.0	0.0	0.0	0.0	0.0	0.0	0.0	0.00066	0.0	0.0	0.0	0.0	0.0	0.0	0.0	0.0	0.0	0.0	0.0	0.0	0.0	0.0	0.0	0.0
s__Eisenbergiella_massiliensis	0	0.0	0.0	0.0	0.0	0.0	0.0	0.0	0.0	0.0	0.0	0.0	0.0	0.0	0.0	0.0	0.0	0.0	0.0	0.0	0.0	0.0	0.0	0.0	0.0	0.0	0.0	0.0	0.00013	0.0	0.0	0.0	0.0	0.0	0.0	0.0	0.0	0.0	0.0	0.0	0.0	0.0	0.0	0.0	0.0
s__Streptococcus_equinus	0	0.0	0.0	0.0	0.0	0.0	0.0	0.0	0.0	0.0	0.0	0.0	0.0	0.0	0.0	0.0	0.0	0.0	0.0	0.0	0.0	0.0	0.0	0.0	0.0	0.0	0.0	0.0	0.0	0.0481	0.0	0.0	0.0	0.0	0.0	0.0	0.0	0.0	0.0	0.0	0.0	0.0	0.0	0.0	0.0
s__Megasphaera_hexanoica	0	0.0	0.0	0.0	0.0	0.0	0.0	0.0	0.0	0.0	0.0	0.0	0.0	0.0	0.0	0.0	0.0	0.0	0.0	0.0	0.0	0.0	0.0	0.0	0.0	0.0	0.0	0.0	0.0	0.01725	0.0	0.0	0.0	0.0	0.0	0.0	0.0	0.0	0.0	0.0	0.0	0.0	0.0	0.0	0.0
s__Parabacteroides_sp_CAG_409	0	0.0	0.0	0.0	0.0	0.0	0.0	0.0	0.0	0.0	0.0	0.0	0.0	0.0	0.0	0.0	0.0	0.0	0.0	0.0	0.0	0.0	0.0	0.0	0.0	0.0	0.0	0.0	0.0	0.00353	0.0	0.0	0.0	0.0	0.0	0.0	0.0	0.0	0.0	0.0	0.0	0.0	0.0	0.0	0.0
s__Escherichia_fergusonii	0	0.0	0.0	0.0	0.0	0.0	0.0	0.0	0.0	0.0	0.0	0.0	0.0	0.0	0.0	0.0	0.0	0.0	0.0	0.0	0.0	0.0	0.0	0.0	0.0	0.0	0.0	0.0	0.0	0.0	0.0134	0.0	0.0	0.0	0.0	0.0	0.0	0.0	0.0	0.36478	0.0	0.0	0.0	0.0	0.0
s__Porphyromonas_endodontalis	0	0.0	0.0	0.0	0.0	0.0	0.0	0.0	0.0	0.0	0.0	0.0	0.0	0.0	0.0	0.0	0.0	0.0	0.0	0.0	0.0	0.0	0.0	0.0	0.0	0.0	0.0	0.0	0.0	0.0	0.0	0.00251	0.0	0.0	0.0	0.0	0.0	0.0	0.0	0.0	0.0	0.0	0.0	0.0	0.0
s__Roseburia_sp_831b	0	0.0	0.0	0.0	0.0	0.0	0.0	0.0	0.0	0.0	0.0	0.0	0.0	0.0	0.0	0.0	0.0	0.0	0.0	0.0	0.0	0.0	0.0	0.0	0.0	0.0	0.0	0.0	0.0	0.0	0.0	0.0	0.01389	1.02464	0.00642	0.0	0.01986	0.0	0.0	0.0	0.0	0.0	0.0	0.0	0.0
s__Prevotella_histicola	0	0.0	0.0	0.0	0.0	0.0	0.0	0.0	0.0	0.0	0.0	0.0	0.0	0.0	0.0	0.0	0.0	0.0	0.0	0.0	0.0	0.0	0.0	0.0	0.0	0.0	0.0	0.0	0.0	0.0	0.0	0.0	0.00815	0.0	0.0	0.0	0.0	0.0	0.0	0.0	0.0	0.0	0.0	0.0	0.0
s__Prevotella_pallens	0	0.0	0.0	0.0	0.0	0.0	0.0	0.0	0.0	0.0	0.0	0.0	0.0	0.0	0.0	0.0	0.0	0.0	0.0	0.0	0.0	0.0	0.0	0.0	0.0	0.0	0.0	0.0	0.0	0.0	0.0	0.0	0.00245	0.0	0.0	0.0	0.0	0.0	0.0	0.0	0.0	0.0	0.0	0.0	0.0
s__Streptococcus_sp_F0442	0	0.0	0.0	0.0	0.0	0.0	0.0	0.0	0.0	0.0	0.0	0.0	0.0	0.0	0.0	0.0	0.0	0.0	0.0	0.0	0.0	0.0	0.0	0.0	0.0	0.0	0.0	0.0	0.0	0.0	0.0	0.0	0.0	0.0	0.0	0.0088	0.0	0.0	0.0	0.0	0.0	0.0	0.0	0.0	0.0
s__Streptococcus_pasteurianus	0	0.0	0.0	0.0	0.0	0.0	0.0	0.0	0.0	0.0	0.0	0.0	0.0	0.0	0.0	0.0	0.0	0.0	0.0	0.0	0.0	0.0	0.0	0.0	0.0	0.0	0.0	0.0	0.0	0.0	0.0	0.0	0.0	0.0	0.0	0.0057	0.0	0.06709	0.0	0.0	0.0	0.0	0.0	0.0	0.0
s__Granulicatella_adiacens	0	0.0	0.0	0.0	0.0	0.0	0.0	0.0	0.0	0.0	0.0	0.0	0.0	0.0	0.0	0.0	0.0	0.0	0.0	0.0	0.0	0.0	0.0	0.0	0.0	0.0	0.0	0.0	0.0	0.0	0.0	0.0	0.0	0.0	0.0	0.00429	0.0	0.0	0.0	0.0	0.0	0.0	0.0	0.0	0.0
s__Weissella_paramesenteroides	0	0.0	0.0	0.0	0.0	0.0	0.0	0.0	0.0	0.0	0.0	0.0	0.0	0.0	0.0	0.0	0.0	0.0	0.0	0.0	0.0	0.0	0.0	0.0	0.0	0.0	0.0	0.0	0.0	0.0	0.0	0.0	0.0	0.0	0.0	0.00348	0.0	0.0	0.0	0.0	0.0	0.0	0.0	0.0	0.0
s__Erysipelothrix_larvae	0	0.0	0.0	0.0	0.0	0.0	0.0	0.0	0.0	0.0	0.0	0.0	0.0	0.0	0.0	0.0	0.0	0.0	0.0	0.0	0.0	0.0	0.0	0.0	0.0	0.0	0.0	0.0	0.0	0.0	0.0	0.0	0.0	0.0	0.0	0.00334	0.0	0.0	0.0	0.0	0.0	0.0	0.0	0.0	0.0
s__Leptotrichia_wadei	0	0.0	0.0	0.0	0.0	0.0	0.0	0.0	0.0	0.0	0.0	0.0	0.0	0.0	0.0	0.0	0.0	0.0	0.0	0.0	0.0	0.0	0.0	0.0	0.0	0.0	0.0	0.0	0.0	0.0	0.0	0.0	0.0	0.0	0.0	0.0027	0.0	0.0	0.0	0.0	0.0	0.0	0.0	0.0	0.0
s__Abiotrophia_defectiva	0	0.0	0.0	0.0	0.0	0.0	0.0	0.0	0.0	0.0	0.0	0.0	0.0	0.0	0.0	0.0	0.0	0.0	0.0	0.0	0.0	0.0	0.0	0.0	0.0	0.0	0.0	0.0	0.0	0.0	0.0	0.0	0.0	0.0	0.0	0.00166	0.0	0.0	0.0	0.0	0.0	0.0	0.0	0.0	0.0
s__Leuconostoc_lactis	0	0.0	0.0	0.0	0.0	0.0	0.0	0.0	0.0	0.0	0.0	0.0	0.0	0.0	0.0	0.0	0.0	0.0	0.0	0.0	0.0	0.0	0.0	0.0	0.0	0.0	0.0	0.0	0.0	0.0	0.0	0.0	0.0	0.0	0.0	0.00124	0.0	0.0	0.0	0.0	0.0	0.0	0.0	0.0	0.0
s__Rothia_dentocariosa	0	0.0	0.0	0.0	0.0	0.0	0.0	0.0	0.0	0.0	0.0	0.0	0.0	0.0	0.0	0.0	0.0	0.0	0.0	0.0	0.0	0.0	0.0	0.0	0.0	0.0	0.0	0.0	0.0	0.0	0.0	0.0	0.0	0.0	0.0	0.00118	0.0	0.0	0.0	0.0	0.0	0.0	0.0	0.0	0.0
s__Streptococcus_sp_HPH0090	0	0.0	0.0	0.0	0.0	0.0	0.0	0.0	0.0	0.0	0.0	0.0	0.0	0.0	0.0	0.0	0.0	0.0	0.0	0.0	0.0	0.0	0.0	0.0	0.0	0.0	0.0	0.0	0.0	0.0	0.0	0.0	0.0	0.0	0.0	0.00114	0.0	0.0	0.0	0.0	0.0	0.0	0.0	0.0	0.0
s__Lactobacillus_plantarum	0	0.0	0.0	0.0	0.0	0.0	0.0	0.0	0.0	0.0	0.0	0.0	0.0	0.0	0.0	0.0	0.0	0.0	0.0	0.0	0.0	0.0	0.0	0.0	0.0	0.0	0.0	0.0	0.0	0.0	0.0	0.0	0.0	0.0	0.0	0.00076	0.0	0.0	0.0	0.0	0.0	0.0	0.0	0.0	0.0
s__Abiotrophia_sp_HMSC24B09	0	0.0	0.0	0.0	0.0	0.0	0.0	0.0	0.0	0.0	0.0	0.0	0.0	0.0	0.0	0.0	0.0	0.0	0.0	0.0	0.0	0.0	0.0	0.0	0.0	0.0	0.0	0.0	0.0	0.0	0.0	0.0	0.0	0.0	0.0	0.00031	0.0	0.0	0.0	0.0	0.0	0.0	0.0	0.0	0.0
s__Actinomyces_oris	0	0.0	0.0	0.0	0.0	0.0	0.0	0.0	0.0	0.0	0.0	0.0	0.0	0.0	0.0	0.0	0.0	0.0	0.0	0.0	0.0	0.0	0.0	0.0	0.0	0.0	0.0	0.0	0.0	0.0	0.0	0.0	0.0	0.0	0.0	0.00018	0.0	0.0	0.0	0.0	0.0	0.0	0.0	0.0	0.0
s__Prevotella_timonensis	0	0.0	0.0	0.0	0.0	0.0	0.0	0.0	0.0	0.0	0.0	0.0	0.0	0.0	0.0	0.0	0.0	0.0	0.0	0.0	0.0	0.0	0.0	0.0	0.0	0.0	0.0	0.0	0.0	0.0	0.0	0.0	0.0	0.0	0.0	0.0	0.0	0.0	0.05163	0.0	0.04427	0.06774	0.0	0.0	0.0
s__Lactobacillus_iners	0	0.0	0.0	0.0	0.0	0.0	0.0	0.0	0.0	0.0	0.0	0.0	0.0	0.0	0.0	0.0	0.0	0.0	0.0	0.0	0.0	0.0	0.0	0.0	0.0	0.0	0.0	0.0	0.0	0.0	0.0	0.0	0.0	0.0	0.0	0.0	0.0	0.0	0.04976	0.0	0.0	0.0	0.0	0.0	0.0
s__Prevotella_buccalis	0	0.0	0.0	0.0	0.0	0.0	0.0	0.0	0.0	0.0	0.0	0.0	0.0	0.0	0.0	0.0	0.0	0.0	0.0	0.0	0.0	0.0	0.0	0.0	0.0	0.0	0.0	0.0	0.0	0.0	0.0	0.0	0.0	0.0	0.0	0.0	0.0	0.0	0.0247	0.0	0.01191	0.0	0.00176	0.0	0.0
s__Porphyromonas_asaccharolytica	0	0.0	0.0	0.0	0.0	0.0	0.0	0.0	0.0	0.0	0.0	0.0	0.0	0.0	0.0	0.0	0.0	0.0	0.0	0.0	0.0	0.0	0.0	0.0	0.0	0.0	0.0	0.0	0.0	0.0	0.0	0.0	0.0	0.0	0.0	0.0	0.0	0.0	0.00589	0.0	0.0	0.0	0.01007	0.0	0.0
s__Sneathia_amnii	0	0.0	0.0	0.0	0.0	0.0	0.0	0.0	0.0	0.0	0.0	0.0	0.0	0.0	0.0	0.0	0.0	0.0	0.0	0.0	0.0	0.0	0.0	0.0	0.0	0.0	0.0	0.0	0.0	0.0	0.0	0.0	0.0	0.0	0.0	0.0	0.0	0.0	0.00308	0.0	0.0	0.0	0.0	0.0	0.0
s__Porphyromonas_sp_HMSC065F10	0	0.0	0.0	0.0	0.0	0.0	0.0	0.0	0.0	0.0	0.0	0.0	0.0	0.0	0.0	0.0	0.0	0.0	0.0	0.0	0.0	0.0	0.0	0.0	0.0	0.0	0.0	0.0	0.0	0.0	0.0	0.0	0.0	0.0	0.0	0.0	0.0	0.0	0.0022	0.0	0.00077	0.0	0.0	0.0	0.0
s__Klebsiella_oxytoca	0	0.0	0.0	0.0	0.0	0.0	0.0	0.0	0.0	0.0	0.0	0.0	0.0	0.0	0.0	0.0	0.0	0.0	0.0	0.0	0.0	0.0	0.0	0.0	0.0	0.0	0.0	0.0	0.0	0.0	0.0	0.0	0.0	0.0	0.0	0.0	0.0	0.0	0.0	0.1106	0.0	0.0	0.0	0.0	0.0
s__Clostridium_sp_CAG_242	0	0.0	0.0	0.0	0.0	0.0	0.0	0.0	0.0	0.0	0.0	0.0	0.0	0.0	0.0	0.0	0.0	0.0	0.0	0.0	0.0	0.0	0.0	0.0	0.0	0.0	0.0	0.0	0.0	0.0	0.0	0.0	0.0	0.0	0.0	0.0	0.0	0.0	0.0	0.08362	0.0	0.0	0.0	0.0	0.0
s__Citrobacter_pasteurii	0	0.0	0.0	0.0	0.0	0.0	0.0	0.0	0.0	0.0	0.0	0.0	0.0	0.0	0.0	0.0	0.0	0.0	0.0	0.0	0.0	0.0	0.0	0.0	0.0	0.0	0.0	0.0	0.0	0.0	0.0	0.0	0.0	0.0	0.0	0.0	0.0	0.0	0.0	0.02327	0.0	0.0	0.0	0.0	0.0
s__Blautia_hansenii	0	0.0	0.0	0.0	0.0	0.0	0.0	0.0	0.0	0.0	0.0	0.0	0.0	0.0	0.0	0.0	0.0	0.0	0.0	0.0	0.0	0.0	0.0	0.0	0.0	0.0	0.0	0.0	0.0	0.0	0.0	0.0	0.0	0.0	0.0	0.0	0.0	0.0	0.0	0.00621	0.0	0.0	0.0	0.0	0.0
s__Kocuria_kristinae	0	0.0	0.0	0.0	0.0	0.0	0.0	0.0	0.0	0.0	0.0	0.0	0.0	0.0	0.0	0.0	0.0	0.0	0.0	0.0	0.0	0.0	0.0	0.0	0.0	0.0	0.0	0.0	0.0	0.0	0.0	0.0	0.0	0.0	0.0	0.0	0.0	0.0	0.0	0.00523	0.0	0.0	0.0	0.0	0.0
s__Acidaminococcus_intestini	0	0.0	0.0	0.0	0.0	0.0	0.0	0.0	0.0	0.0	0.0	0.0	0.0	0.0	0.0	0.0	0.0	0.0	0.0	0.0	0.0	0.0	0.0	0.0	0.0	0.0	0.0	0.0	0.0	0.0	0.0	0.0	0.0	0.0	0.0	0.0	0.0	0.0	0.0	0.0	0.30304	0.0	0.0	0.0	0.0
s__Campylobacter_hominis	0	0.0	0.0	0.0	0.0	0.0	0.0	0.0	0.0	0.0	0.0	0.0	0.0	0.0	0.0	0.0	0.0	0.0	0.0	0.0	0.0	0.0	0.0	0.0	0.0	0.0	0.0	0.0	0.0	0.0	0.0	0.0	0.0	0.0	0.0	0.0	0.0	0.0	0.0	0.0	0.0194	0.0	0.0	0.0	0.0
s__Aeriscardovia_aeriphila	0	0.0	0.0	0.0	0.0	0.0	0.0	0.0	0.0	0.0	0.0	0.0	0.0	0.0	0.0	0.0	0.0	0.0	0.0	0.0	0.0	0.0	0.0	0.0	0.0	0.0	0.0	0.0	0.0	0.0	0.0	0.0	0.0	0.0	0.0	0.0	0.0	0.0	0.0	0.0	0.00607	0.0	0.0	0.0	0.0
s__Actinomyces_turicensis	0	0.0	0.0	0.0	0.0	0.0	0.0	0.0	0.0	0.0	0.0	0.0	0.0	0.0	0.0	0.0	0.0	0.0	0.0	0.0	0.0	0.0	0.0	0.0	0.0	0.0	0.0	0.0	0.0	0.0	0.0	0.0	0.0	0.0	0.0	0.0	0.0	0.0	0.0	0.0	0.0	0.06365	0.0	0.0	0.0
s__Bacteroides_sp_CAG_462	0	0.0	0.0	0.0	0.0	0.0	0.0	0.0	0.0	0.0	0.0	0.0	0.0	0.0	0.0	0.0	0.0	0.0	0.0	0.0	0.0	0.0	0.0	0.0	0.0	0.0	0.0	0.0	0.0	0.0	0.0	0.0	0.0	0.0	0.0	0.0	0.0	0.0	0.0	0.0	0.0	0.02353	0.0	0.0	0.0
s__Solobacterium_moorei	0	0.0	0.0	0.0	0.0	0.0	0.0	0.0	0.0	0.0	0.0	0.0	0.0	0.0	0.0	0.0	0.0	0.0	0.0	0.0	0.0	0.0	0.0	0.0	0.0	0.0	0.0	0.0	0.0	0.0	0.0	0.0	0.0	0.0	0.0	0.0	0.0	0.0	0.0	0.0	0.0	0.01619	0.0	0.0	0.0
s__Prevotella_disiens	0	0.0	0.0	0.0	0.0	0.0	0.0	0.0	0.0	0.0	0.0	0.0	0.0	0.0	0.0	0.0	0.0	0.0	0.0	0.0	0.0	0.0	0.0	0.0	0.0	0.0	0.0	0.0	0.0	0.0	0.0	0.0	0.0	0.0	0.0	0.0	0.0	0.0	0.0	0.0	0.0	0.0	0.00332	0.0	0.0
s__Acinetobacter_bereziniae	0	0.0	0.0	0.0	0.0	0.0	0.0	0.0	0.0	0.0	0.0	0.0	0.0	0.0	0.0	0.0	0.0	0.0	0.0	0.0	0.0	0.0	0.0	0.0	0.0	0.0	0.0	0.0	0.0	0.0	0.0	0.0	0.0	0.0	0.0	0.0	0.0	0.0	0.0	0.0	0.0	0.0	0.0	0.02277	0.0
s__Bacteroides_sp_OM08_11	0	0.0	0.0	0.0	0.0	0.0	0.0	0.0	0.0	0.0	0.0	0.0	0.0	0.0	0.0	0.0	0.0	0.0	0.0	0.0	0.0	0.0	0.0	0.0	0.0	0.0	0.0	0.0	0.0	0.0	0.0	0.0	0.0	0.0	0.0	0.0	0.0	0.0	0.0	0.0	0.0	0.0	0.0	0.0	0.27286
s__Cronobacter_malonaticus	0	0.0	0.0	0.0	0.0	0.0	0.0	0.0	0.0	0.0	0.0	0.0	0.0	0.0	0.0	0.0	0.0	0.0	0.0	0.0	0.0	0.0	0.0	0.0	0.0	0.0	0.0	0.0	0.0	0.0	0.0	0.0	0.0	0.0	0.0	0.0	0.0	0.0	0.0	0.0	0.0	0.0	0.0	0.0	0.00689
s__Klebsiella_variicola_CAG_634	0	0.0	0.0	0.0	0.0	0.0	0.0	0.0	0.0	0.0	0.0	0.0	0.0	0.0	0.0	0.0	0.0	0.0	0.0	0.0	0.0	0.0	0.0	0.0	0.0	0.0	0.0	0.0	0.0	0.0	0.0	0.0	0.0	0.0	0.0	0.0	0.0	0.0	0.0	0.0	0.0	0.0	0.0	0.0	0.00686
s__Cronobacter_sakazakii	0	0.0	0.0	0.0	0.0	0.0	0.0	0.0	0.0	0.0	0.0	0.0	0.0	0.0	0.0	0.0	0.0	0.0	0.0	0.0	0.0	0.0	0.0	0.0	0.0	0.0	0.0	0.0	0.0	0.0	0.0	0.0	0.0	0.0	0.0	0.0	0.0	0.0	0.0	0.0	0.0	0.0	0.0	0.0	0.00415
