clade_name	NCBI_tax_id	ES_001	ES_007	ES_010	ES_014	ES_017	ES_019	ES_024	ES_043	ES_046	ES_048	ES_069	ES_080	ES_088	ES_089	ES_095	ES_099	ES_104	ES_106	ES_107	ES_108	ES_110	ES_114	ES_116	ES_132	ES_137	ES_147	ES_158	ES_207	ES_208	ES_209	ES_210	ES_211
s__Delftia_acidovorans	0	28.73242	14.38625	17.09751	9.59069	2.18941	0.52934	0.63076	5.02936	2.08261	1.99279	34.51468	0.45813	9.94433	40.67017	13.51608	1.87828	0.46101	1.08242	0.06762	6.89983	0.04504	0.35983	0.38593	2.6613	1.39979	0.76948	3.28095	33.20341	0.64225	0.84734	0.56872	4.39152
s__Lactobacillus_crispatus	0	12.73211	0.0	0.0	0.0	0.0	0.0	0.0	0.0	0.0	0.0	4.69133	0.0	0.0	0.0	0.0	0.0	0.0	0.0	0.0	0.0	0.0	0.0	0.0	0.0	0.0	0.0	0.0	0.0	0.0	0.0	0.0	0.0
s__Prevotella_denticola	0	6.11675	0.14415	0.0	0.07414	0.07432	0.52534	0.63812	0.15702	0.29988	0.00354	2.71459	0.03658	0.23762	0.0	0.0	0.01188	0.0	0.0	0.02118	0.0	0.01237	0.0	0.0178	0.54099	0.06599	0.18523	0.00033	0.0	0.0	0.0	0.14489	0.03161
s__Delftia_tsuruhatensis	0	5.96351	2.66978	2.74518	1.57305	0.25133	0.13139	0.13035	1.08175	0.45563	0.39811	6.6705	0.05922	1.5594	7.12622	2.63134	0.32388	0.11131	0.26254	0.0159	1.40101	0.00485	0.07852	0.04861	0.60822	0.217	0.0411	0.57871	5.76363	0.13585	0.13304	0.15492	0.92247
s__Lactobacillus_vaginalis	0	5.80374	0.0	0.0	0.0	0.0	0.0	0.0	0.0	0.0	0.0	2.13847	0.00403	0.0	0.0	0.0	0.0	0.0	0.0	0.0	0.0	0.0	0.0	0.0	0.0	0.0	0.0	0.0	0.0	0.0	0.0	0.0	0.0
s__Prevotella_oris	0	4.91283	0.33969	0.0	0.0	0.0	0.54836	0.19232	0.35514	0.05857	0.0	3.1508	0.03458	0.0	0.0	0.01268	0.0	0.0	0.0	0.17135	0.08679	0.03357	0.00172	0.00717	0.62714	0.04753	1.29217	0.00948	0.0	0.0	0.13962	0.26573	0.25973
s__Lactobacillus_oris	0	4.73922	0.0	0.0	0.0	0.0	0.0	0.0	0.0	0.0	0.0	1.74624	0.0	0.0	0.0	0.0	0.0	0.0	0.0	0.0	0.0	0.0	0.0	0.0	0.0	0.0	0.0	0.0	0.0	0.0	0.0	0.0	0.0
s__Selenomonas_sputigena	0	3.53079	0.0	0.0	0.0	0.0	0.0231	0.03215	0.02001	0.0	0.0	1.30097	0.0	0.0	0.0	0.0	0.0	0.0	0.0	0.02625	0.0	0.25732	0.00488	0.00164	0.0	0.0	0.0	0.0	0.0	0.01241	1.30395	0.0	0.0
s__Lactobacillus_fermentum	0	3.49582	0.0	0.0	0.0	0.0	0.0	0.0	0.00221	0.0	0.0	1.28809	0.0	0.0	0.0	0.0	0.0	0.0	0.0	0.0	0.0	0.0	0.0	0.0	0.0	0.0	0.0	0.0	0.0	0.0	0.0	0.0	0.0
s__Bifidobacterium_dentium	0	3.37716	0.0	0.0	0.0	0.0	0.0	0.00594	0.0	0.0	0.0	1.24436	0.0094	0.0	0.0	0.0	0.0	0.0	0.0	0.0	0.0	0.0	0.0	0.0	0.0	0.01346	0.0	0.0	0.0	0.0	0.0	0.0	0.0
s__Mitsuokella_sp_oral_taxon_131	0	2.27662	0.0	0.0	0.0	0.0	0.0	0.05767	0.0353	0.0	0.0	0.84584	0.0	0.0	0.0	0.0	0.0	0.0	0.0	0.0	0.0	0.0	0.0	0.0	0.0	0.01798	0.0	0.0	0.0	0.0	0.0	0.0	0.0
s__Lactobacillus_paragasseri	0	2.12587	0.0	0.0	0.0	0.0	0.0	0.0	0.0	0.0	0.0	0.78331	0.0	0.0	0.0	0.0	0.0	0.0	0.0	0.0	0.0	0.0	0.0	0.0	0.06448	0.0	0.38206	0.0	0.0	0.0	0.0	0.0	0.0
s__Lactobacillus_rhamnosus	0	1.60554	0.0	0.0	0.0	0.0	0.0	0.0	0.0	0.0	0.0	0.59158	0.0	0.0	0.0	0.0	0.0	0.0	0.0	0.0	0.0	0.0	0.0	0.0	0.0	0.0	0.0	0.0	0.0	0.0	0.0	0.0	0.0
s__Alloprevotella_tannerae	0	1.3728	1.41237	0.0	0.0	0.33407	1.91229	0.12103	0.28334	0.47704	0.04674	0.50583	0.0	0.0	0.0	0.0	0.09753	0.0	0.0	0.06424	0.51648	0.10557	0.0	0.00945	1.07197	0.03073	3.73356	0.03382	0.23748	0.0	0.35989	0.21722	1.48897
s__Scardovia_wiggsiae	0	1.20016	0.0	0.0	0.07302	0.0	1.9752	0.12895	0.01271	0.0	0.0	0.46014	0.05393	0.0	0.0	0.0	0.0	0.0	0.0	0.0	0.0	0.0	0.0	0.0	0.12302	0.0	0.0	0.0	0.0	0.0	0.0	0.02194	0.0
s__Tannerella_forsythia	0	1.09041	0.34285	0.0	0.0	0.46278	0.04761	0.07802	0.02941	0.34018	0.0	0.40178	0.0	1.33578	0.0	0.0	0.12855	0.0	0.0	0.0	0.04993	0.01831	0.0	0.0	0.05336	0.0	0.27561	0.00774	0.0	0.0	0.05748	0.01527	0.27749
s__Atopobium_rimae	0	1.05965	0.08796	0.0	0.23153	0.0	0.70627	0.34426	0.00364	0.10092	0.0	0.4672	0.03068	0.05771	1.03415	0.0	0.0102	0.00457	0.02866	0.07411	0.0936	0.03476	0.02313	0.03242	0.29358	0.17273	0.985	0.00432	0.0	0.00056	0.04601	0.17571	0.06475
s__Prevotella_nigrescens	0	1.00297	0.06509	0.0	0.14594	0.07709	0.44894	0.04859	0.02203	0.13259	0.0	0.45786	0.01649	0.04711	0.0	0.0	0.0	0.0	0.0	0.64782	0.03912	0.00128	0.0	0.0	0.14135	0.00548	0.70337	0.19332	0.0	0.0	0.1463	0.30233	3.19324
s__Bacteroidetes_oral_taxon_274	0	0.93912	0.45981	0.0	0.1052	0.08052	0.17798	0.00999	0.02935	0.40492	0.0	0.96921	0.0	0.0	0.0	0.0	0.0	0.0	0.0	0.02162	0.03069	0.0	0.0	0.0	0.02154	0.05937	0.0	0.01095	0.0	0.0	0.0	0.00543	0.0
s__Campylobacter_rectus	0	0.90561	0.0	0.0	0.0	0.0961	0.0	0.02684	0.02071	0.08153	0.0	0.35151	0.0	0.20169	0.0	0.0	0.04909	0.0	0.0	0.01529	0.0	0.00534	0.0	0.0	0.04402	0.00661	0.0	0.00238	0.0	0.0	0.0	0.0	0.15006
s__Atopobium_parvulum	0	0.75863	0.03265	0.0	0.30752	0.0	1.58575	0.3871	0.0385	0.07279	0.0	0.30839	0.04827	0.0	0.2367	0.0	0.0	0.0257	0.30726	0.45954	0.27709	0.3079	0.48817	0.40696	0.45649	0.75358	1.52743	0.10193	0.0	0.0223	0.51057	0.63242	0.0
s__Porphyromonas_endodontalis	0	0.61576	0.14695	0.0	0.04793	2.4917	0.0	0.12668	0.00502	0.0	0.27638	0.22689	0.0	1.55417	0.0	0.08246	0.10134	0.0	0.0	0.09049	0.29709	0.09734	0.00093	0.0	0.22839	0.0	0.37629	0.0	0.02842	0.0	0.32718	0.14148	2.67283
s__Olsenella_scatoligenes	0	0.59375	0.0	0.0	0.0	0.0	0.0	0.0	0.0	0.0	0.0	0.21878	0.0	0.0	0.0	0.0	0.0	0.0	0.0	0.0	0.0	0.0	0.0	0.0	0.0	0.0	0.0	0.0	0.0	0.0	0.0	0.0	0.0
s__Streptococcus_vestibularis	0	0.55709	0.06567	0.0	0.02718	1.24271	3.50119	0.11345	0.50536	1.14169	0.0	0.26757	0.00202	0.0	0.0	0.0	0.0	0.0	0.0	0.00183	0.0	0.0	0.00251	0.0	0.39045	0.0	0.42142	0.00453	0.0	0.0	0.02093	0.02541	0.0
s__Treponema_socranskii	0	0.52121	0.03467	0.0	0.0	0.0	0.0505	0.00848	0.0	0.0	0.0	0.23446	0.0	0.0	0.0	0.0	0.0	0.0	0.0	0.00137	0.0	0.01095	0.0	0.0	0.08294	0.0	0.29629	0.0	0.0	0.0	0.02898	0.0	0.0
s__Lactobacillus_jensenii	0	0.50596	0.0	0.0	0.0	0.0	0.0	0.0	0.0	0.0	0.0	0.18643	0.0	0.0	0.0	0.0	0.0	0.0	0.0	0.0	0.0	0.0	0.0	0.0	0.0	0.0	0.0	0.0	0.0	0.0	0.0	0.0	0.0
s__Olsenella_uli	0	0.4484	0.0	0.0	0.0	0.0	0.01157	0.0	0.0	0.0	0.0	0.16522	0.0	0.0	0.0	0.0	0.0	0.0	0.0	0.0	0.0	0.0	0.0	0.0	0.01874	0.0	0.0	0.0	0.0	0.0	0.0	0.0	0.0
s__Pseudoramibacter_alactolyticus	0	0.39893	0.0	0.0	0.0	0.0	0.0	0.08555	0.02321	0.0	0.0	0.14699	0.0	0.0	0.0	0.0	0.0	0.0	0.0	0.0	0.0	0.0	0.0	0.0	0.0	0.0	0.0	0.0	0.0	0.0	0.0	0.0	0.0
s__Veillonella_parvula	0	0.38344	1.94251	0.0	1.27354	1.91718	17.33095	4.84725	3.31848	11.25538	0.0	1.06734	0.31616	0.24873	0.22766	0.0	0.0	0.11255	0.21555	0.11582	0.38297	0.08351	0.06977	0.31524	0.81507	1.13746	24.83963	0.28849	0.0	0.16407	0.1019	1.25748	0.34253
s__Prevotella_pleuritidis	0	0.26565	0.45186	0.0	0.0	0.12318	0.57766	0.03448	0.0	0.38103	0.20301	0.11221	0.0	0.0	0.0	0.0	0.0	0.0	0.0	0.01045	0.74067	0.0	0.0	0.0	0.02201	0.0	0.0	0.02628	0.0	0.0	0.0	0.01975	0.0
s__Fretibacterium_fastidiosum	0	0.26187	0.0	0.0	0.0	0.14341	0.09192	0.00485	0.0	0.0	0.0	0.09649	0.0	0.0	0.0	0.0	0.00806	0.0	0.0	0.00286	0.1238	0.00666	0.0	0.0	0.0518	0.0	0.0	0.0	0.0	0.0	0.0	0.0	0.01962
s__Anaeroglobus_geminatus	0	0.24981	0.05717	0.0	0.0	0.0	0.04671	0.04849	0.0	0.04523	0.0	0.1171	0.0	0.0	0.0	0.0	0.0	0.0	0.0	0.00085	0.0	0.0	0.0	0.0	0.0	0.0	0.0	0.0	0.0	0.0	0.00561	0.0	0.47499
s__Desulfobulbus_oralis	0	0.22249	0.0	0.0	0.0	0.0317	0.01482	0.0	0.0	0.0	0.0	0.08198	0.0	0.0	0.0	0.0	0.0	0.0	0.0	0.0	0.0	0.0	0.0	0.0	0.0	0.0	0.0	0.0	0.0	0.0	0.0	0.0	0.0
s__Campylobacter_showae	0	0.20642	0.0	0.0	0.0	0.04883	0.01866	0.02151	0.0	0.0	0.0	0.06717	0.0	0.0	0.0	0.0	0.01034	0.06113	0.94675	0.00272	0.0	0.01332	0.0	0.03661	0.00363	0.0	0.0	0.03054	0.0	0.0	1.23408	0.0	1.26654
s__Dialister_invisus	0	0.19511	0.0	0.0	0.0	0.01851	0.03904	0.02074	0.0	0.0	0.0	0.09851	0.0	0.0	0.0	0.0	0.0	0.0	0.0	0.00219	0.0	0.00783	0.0	0.0	0.0166	0.0	0.0	0.0	0.0	0.0	0.0	0.03503	0.0
s__Escherichia_coli	0	0.17032	0.53129	0.09059	0.07822	0.0	0.0	0.00603	0.08851	0.0	0.0	0.55404	0.00798	0.22898	0.85275	0.18287	0.00987	0.00718	0.01895	0.0	0.09202	0.0	0.01091	0.01274	0.0	0.01848	0.0	0.06623	0.45294	0.00747	0.02373	0.01057	0.19548
s__Treponema_maltophilum	0	0.15391	0.0	0.0	0.0	0.0	0.0	0.0	0.0	0.0	0.0	0.05671	0.0	0.09549	0.0	0.0	0.0	0.0	0.0	0.0	0.0	0.0	0.0	0.0	0.0	0.0	0.0	0.0	0.0	0.0	0.0	0.0	0.0
s__Slackia_exigua	0	0.14459	0.0	0.0	0.0	0.0	0.07752	0.0	0.0	0.0	0.0	0.05328	0.0	0.0	0.0	0.0	0.0	0.0	0.0	0.0	0.0	0.00031	0.0	0.0	0.04064	0.0	0.0	0.0	0.0	0.0	0.00253	0.0	0.0
s__Selenomonas_sp_oral_taxon_126	0	0.103	0.0	0.0	0.0	0.0	0.0	0.0	0.0	0.0	0.0	0.04258	0.0	0.0	0.0	0.0	0.0	0.0	0.0	0.0	0.0	0.00644	0.0	0.0	0.0	0.0	0.02664	0.0	0.0	0.0	0.0	0.0	0.0
s__Eubacterium_infirmum	0	0.09696	0.0	0.0	0.0	0.0	0.11466	0.0	0.0594	0.0	0.0	0.04773	0.00381	0.0	0.0	0.0	0.0	0.00445	0.0	0.00133	0.0	0.02983	0.0	0.0	0.14462	0.01467	1.94857	0.00772	0.0	0.0	0.02198	0.00521	0.15476
s__Treponema_lecithinolyticum	0	0.0737	0.0615	0.0	0.0	0.01459	0.0	0.0	0.0	0.09941	0.0	0.03392	0.0	0.0	0.0	0.0	0.0	0.0	0.0	0.01338	0.11107	0.00145	0.0	0.0	0.05653	0.0	0.0	0.00235	0.0	0.0	0.0	0.0	0.0
s__Treponema_denticola	0	0.05403	0.0	0.0	0.0	0.15911	0.0	0.00499	0.0	0.22215	0.0	0.01991	0.0	0.15482	0.0	0.0	0.0	0.0	0.0	0.00768	0.25099	0.03302	0.0	0.0	0.08263	0.0	1.48217	0.0258	0.0	0.0	0.0	0.0	0.90473
s__Treponema_medium	0	0.0359	0.0	0.0	0.0	0.00924	0.0	0.00206	0.0	0.0	0.0	0.01323	0.0	0.0	0.0	0.0	0.00977	0.0	0.0	0.00411	0.0	0.00269	0.0	0.0	0.0	0.0	0.0	0.0	0.0	0.0	0.0	0.0	0.0
s__Rothia_dentocariosa	0	0.0	55.63049	0.0	1.27404	6.32403	5.45482	9.99868	0.19336	2.54389	0.09961	6.37647	0.01142	0.57224	0.17853	0.02943	0.22767	0.0	0.14496	0.02226	2.25904	0.02488	0.00421	0.00297	1.49627	0.2233	3.90438	0.00593	0.01821	0.07546	0.48345	0.43117	0.0729
s__Streptococcus_oralis	0	0.0	3.30723	1.70838	0.99973	9.61976	10.45194	10.13156	1.63936	5.62542	0.35763	2.65271	0.01603	1.30423	0.0	2.25928	0.25681	0.08868	0.07962	0.353	0.72683	0.37153	0.1302	0.08532	0.77685	0.90673	0.40239	0.22699	0.32677	0.24898	0.1676	0.58378	0.17987
s__Corynebacterium_matruchotii	0	0.0	2.52073	0.0	0.09039	0.11639	0.17535	1.05803	0.01776	3.70616	0.0	0.25798	0.0	0.0	0.0	0.0	0.0	0.0	0.0	0.00097	0.03334	0.00223	0.0	0.00094	0.0488	0.03572	0.0	0.0	0.0	0.01	0.00243	0.0	0.0
s__Streptococcus_parasanguinis	0	0.0	1.96949	5.96776	4.65778	0.66566	0.4005	1.26861	8.95273	1.58961	3.94905	2.16228	16.87073	0.55957	1.78857	1.19601	0.0	3.31079	9.72169	1.06068	21.49817	0.57534	5.7375	2.32847	3.86699	27.17088	8.50415	1.11407	0.30677	3.11689	0.92452	4.01597	0.0
s__Actinomyces_oris	0	0.0	1.88542	0.0	0.35071	0.61302	2.61937	2.46345	0.83119	6.30565	0.0	0.3727	0.00825	0.1264	0.0	0.0	0.0	0.0	0.01064	0.00815	0.26171	0.0	0.00381	0.00147	0.78104	0.13815	0.01775	0.0	0.0	0.01335	0.04472	0.14806	0.14528
s__Streptococcus_mitis	0	0.0	1.81904	40.01019	31.31102	43.72732	27.78082	31.3942	1.38143	34.10778	81.42149	1.65804	0.0	2.72112	0.58487	22.4278	4.36158	0.99319	0.08513	1.20957	0.5126	1.63937	0.09937	1.93447	1.57521	0.02639	0.81409	1.74265	2.36127	2.57218	2.02736	1.73122	2.99767
s__Actinomyces_odontolyticus	0	0.0	1.51379	0.3152	0.71582	0.80315	0.00941	0.43768	0.30791	0.26426	0.0	0.18363	0.03818	0.40847	2.89341	0.0	0.12956	0.34504	0.3493	0.5854	1.09861	0.74802	0.25283	0.24814	0.42004	1.09141	1.59419	0.20934	0.0	0.26892	0.04908	0.54394	0.07823
s__Streptococcus_gordonii	0	0.0	1.2352	0.3822	0.1227	3.58222	8.86876	6.81447	0.14622	2.51752	0.0	1.31734	0.0	0.0	0.0	0.0	0.0	0.0	0.0208	0.01364	0.0	0.0	0.0196	0.05361	0.11972	0.05956	0.0	0.00157	0.0	0.0	0.03407	0.08596	0.0
s__Rothia_mucilaginosa	0	0.0	1.16468	3.95464	3.56727	3.78473	0.79956	11.95798	14.56239	4.03813	4.42555	5.52107	6.77116	21.22534	5.14523	14.64514	13.80941	0.54629	15.94155	0.127	23.96739	7.76936	0.50704	0.16775	5.43126	3.23664	0.46406	11.88869	2.46477	15.66565	0.3968	0.76314	3.76782
s__Actinomyces_sp_ICM47	0	0.0	0.6706	0.0	7.87176	0.08178	0.0	0.14388	0.0	0.66935	0.0	0.28041	0.0	0.0	0.24954	0.071	0.0	0.24612	1.42824	1.42859	1.86115	0.56709	9.04906	5.8495	0.03188	0.62454	0.0	1.18908	0.0	0.40691	1.71101	1.40724	0.16201
s__Prevotella_melaninogenica	0	0.0	0.38457	0.0	3.02251	1.3645	0.80396	0.12747	0.44425	0.41994	0.02958	0.03213	0.0041	0.4556	4.38298	5.30939	0.07375	0.35909	6.67526	1.59229	2.39704	6.19487	6.12942	10.16306	6.27453	2.20482	0.0	8.52806	0.54983	8.32933	0.30756	10.6103	1.62003
s__Actinomyces_viscosus	0	0.0	0.37288	0.0	0.0	0.0	0.7949	0.01025	0.08311	1.32602	0.0	0.0	0.0	0.0	0.0	0.0	0.0	0.0	0.0	0.00178	0.0	0.0	0.00366	0.0	0.03186	0.01851	0.0	0.0	0.0	0.0	0.0	0.0	0.0
s__Actinomyces_sp_oral_taxon_181	0	0.0	0.35348	0.0	0.41286	0.0385	0.0402	0.11703	5.02758	0.09466	0.07332	0.11265	0.38827	0.34836	0.18074	0.0	0.02428	0.00237	0.23134	0.20001	4.09288	0.18736	0.18871	0.28805	0.23639	2.0359	2.03105	0.03969	0.0	0.02854	0.1225	0.18645	0.0
s__Streptococcus_infantis	0	0.0	0.30786	2.504	1.1263	1.07775	0.24905	0.92012	1.70933	0.39564	1.9699	0.39707	0.45339	2.00882	0.3885	12.74128	1.56339	2.34571	5.58642	0.16081	1.51927	3.79748	2.36457	2.60405	0.16988	1.11645	0.0	16.21108	0.40233	8.48292	0.83812	10.75075	4.743
s__Gemella_haemolysans	0	0.0	0.26911	1.99421	0.1525	1.04809	0.55811	1.44615	0.65083	3.90824	0.09981	0.13802	0.0	0.96282	0.0	1.94725	0.17947	0.05262	0.29628	0.14873	0.07818	0.36396	0.00342	0.14656	0.04817	0.0	0.0	0.18815	0.70527	0.40401	0.09566	0.06838	0.30886
s__Prevotella_histicola	0	0.0	0.26544	0.0	3.22421	0.0	0.0	0.14896	10.85525	0.00761	0.07414	0.0	26.45986	0.0	0.31614	0.0	0.0	1.50345	2.6355	14.56589	1.35873	4.40092	5.6818	12.73688	7.09045	5.00943	0.0	1.6475	0.34816	0.00225	20.64385	13.62307	0.0
s__Capnocytophaga_leadbetteri	0	0.0	0.22279	0.0	0.0	0.09515	0.02214	0.0278	0.0	0.0	0.0	0.0	0.0	0.0	0.0	0.06012	0.12618	2.90088	0.0	0.01094	0.0	0.25903	0.0	0.01924	0.0	0.0	0.0	0.41663	0.26259	0.0135	0.0	0.0	3.39291
s__Neisseria_elongata	0	0.0	0.20545	0.0	0.0	0.0	0.0	0.19516	0.0	0.0	0.0	0.0	0.0	0.38297	0.0	0.0	0.12333	0.01125	0.0	0.0	0.0	0.07792	0.0	0.0	0.0	0.0	0.0	0.00106	0.67031	0.00888	0.0	0.0	0.0
s__Kingella_oralis	0	0.0	0.19525	0.0	0.0	0.0	0.38196	0.0	0.0	0.43777	0.0	0.0	0.0	0.0	0.0	0.0	0.0	0.0	0.0	0.0	0.0	0.0	0.0	0.0	0.0	0.0	0.0	0.0	0.0	0.0	0.0	0.0	0.0
s__Eubacterium_brachy	0	0.0	0.18595	0.0	0.03797	0.24057	0.46881	0.02128	0.0	0.14113	0.0	0.0	0.0	0.05218	0.0	0.0	0.0	0.0	0.0	0.04654	1.12478	0.03434	0.0	0.0	3.93315	0.0	3.17926	0.00896	0.0	0.0	0.07694	0.07675	1.98126
s__Capnocytophaga_gingivalis	0	0.0	0.18577	0.0	0.0	0.0	0.0407	0.03733	0.0	0.20361	0.0	0.0	0.0	0.0	0.0	0.0	0.01333	0.11443	0.0201	0.00196	0.0	0.02511	0.0	0.0	0.0	0.0	0.0	1.00007	0.02681	0.31363	0.0	0.0	1.99556
s__Veillonella_atypica	0	0.0	0.18401	0.02145	8.55094	0.30056	0.30028	0.29246	3.99704	2.65421	0.0904	2.31525	14.65389	0.0	1.30722	0.28483	0.0	6.26846	9.40732	13.50511	3.24488	5.04723	23.56096	17.49358	16.92406	13.53537	0.0	1.2606	0.63661	1.93595	12.67933	4.32902	0.0729
s__Fusobacterium_nucleatum	0	0.0	0.18271	0.0	0.0	0.47009	0.11136	0.01177	0.00311	0.31746	0.0	0.0	0.0	0.0	0.0	0.0	0.03376	0.02155	0.15108	0.10757	0.36308	0.05406	0.0	0.03183	0.25815	0.0528	0.0	0.04806	0.53047	0.0	0.35591	0.17355	1.1722
s__Actinomyces_sp_HPA0247	0	0.0	0.16878	0.0	0.0875	0.0	0.0108	0.00597	2.67631	0.0	0.05549	0.0	0.52546	0.0	0.0	0.0	0.0	0.00623	0.0	0.00777	0.56083	0.02837	1.54214	0.1324	0.34714	0.08897	14.64059	0.00158	0.0	0.00802	0.00287	0.04324	0.0
s__Capnocytophaga_ochracea	0	0.0	0.1624	0.0	0.0	0.0	0.11247	0.06743	0.00374	0.00791	0.0	0.0	0.0	0.0	0.0	0.0	0.0	0.0	0.00754	0.00413	0.0	0.0	0.0	0.0	0.0	0.0	0.0	0.00141	0.0	0.0	0.0	0.01222	0.0
s__Gemella_sanguinis	0	0.0	0.15509	1.62807	0.09694	0.24981	0.0343	0.03044	0.42503	0.55986	0.0544	0.0	0.0	0.11576	0.0	0.14495	0.0816	0.45101	1.16028	0.02302	0.24293	0.16069	0.37095	0.09019	0.03759	0.91304	0.47016	0.36307	0.06183	0.44282	0.01681	0.29669	0.716
s__Tannerella_sp_oral_taxon_HOT_286	0	0.0	0.15342	0.0	0.0	0.20271	0.69243	0.02755	0.0	0.11865	0.0	0.0	0.0	0.0	0.0	0.0	0.0	0.0175	1.70009	0.01244	0.0	0.20838	0.0	0.0462	0.0	0.0	0.0	0.00795	0.0	0.0	1.31882	0.0	0.96313
s__Selenomonas_noxia	0	0.0	0.14441	0.0	0.0	0.00593	0.03751	0.0344	0.03353	0.01837	0.0	0.0	0.0	0.0	0.0	0.0	0.0	0.0	0.0	0.00041	0.0	0.0	0.0	0.00335	0.0	0.0	0.0	0.0	0.0	0.0	0.05412	0.0	0.0
s__Actinomyces_graevenitzii	0	0.0	0.13661	0.0	0.54158	0.0	0.0	0.04644	0.0	0.34634	0.0	0.00966	0.0	0.0	2.57014	0.0	0.0	0.10052	1.78847	0.75353	0.98504	0.23326	1.06642	6.48707	0.0	9.10206	0.0	0.0595	0.0	0.06777	1.23819	0.46001	0.22798
s__Prevotella_jejuni	0	0.0	0.10064	0.0	1.12967	0.0	0.01234	0.09134	0.04063	0.29279	0.0	0.0	0.0	0.0	0.0	0.0	0.0	0.69804	2.93207	6.08993	0.0	1.23288	4.02583	0.47815	1.55511	0.73965	9.13874	1.11693	1.03035	0.00324	7.59864	3.29644	0.0
s__Oribacterium_sp_oral_taxon_078	0	0.0	0.08316	0.0	0.0	0.0	0.1301	0.0896	0.0601	0.10191	0.0	0.25815	0.00312	0.0	0.0	0.0	0.0	0.0	0.0	0.0	0.0	0.0	0.0	0.0	0.0	0.0	0.12957	0.0	0.0	0.0	0.0	0.00919	0.0
s__Actinomyces_sp_HMSC035G02	0	0.0	0.08012	0.0	0.81315	0.0903	0.0	0.20055	0.12705	0.18252	0.0	1.1316	0.00247	0.0	0.43805	0.0	0.0	0.11617	0.10566	0.04095	1.1127	0.44106	0.07027	0.44451	0.12065	1.59228	1.08187	0.02286	0.0	0.05136	0.1571	0.29426	0.01693
s__Stomatobaculum_longum	0	0.0	0.07752	0.0	0.38251	0.00379	0.01967	0.07198	0.64522	0.7143	0.0	0.10073	0.38857	0.0	1.47348	0.0	0.0	0.0581	0.08215	0.76436	0.42476	0.13204	1.38568	1.48414	0.7902	0.2959	1.99277	0.00413	0.0	0.02218	0.46974	0.0703	0.0
s__Veillonella_dispar	0	0.0	0.07366	5.80224	5.23193	0.52409	0.2569	0.32067	6.83198	1.28509	0.2077	0.0	7.24707	0.61087	0.60132	0.10403	0.03926	1.08725	6.44708	1.08143	3.52822	1.5138	7.76338	5.6836	14.70424	9.14211	0.0	0.89088	0.0	0.59771	1.95437	17.49355	1.40301
s__Leptotrichia_sp_oral_taxon_215	0	0.0	0.06368	0.0	0.0	0.01872	0.08286	0.0	0.0	0.08911	0.0	0.0	0.0	0.0	0.0	0.0	0.0	0.48299	1.73615	0.0052	0.0	0.02503	0.86302	0.54021	0.0	0.0	0.0	0.35503	0.111	0.17328	0.34321	0.54583	1.85012
s__Streptococcus_cristatus	0	0.0	0.06106	0.0	0.0	2.53456	1.31632	0.27108	0.0	0.15088	0.0	0.0	0.0	0.07147	0.0	0.0	0.0	0.0	0.01436	0.02961	0.172	0.0	0.01622	0.04588	0.0	0.0	0.0	0.02453	0.0	0.03307	0.02943	0.00451	0.0
s__Cardiobacterium_hominis	0	0.0	0.05597	0.0	0.0	0.0	0.0	0.01338	0.0	0.0	0.0	0.0	0.0	0.0	0.0	0.0	0.0	0.0	0.0	0.0	0.0	0.00576	0.0	0.0	0.0	0.0	0.0	0.0	0.0	0.00271	0.0	0.0	0.0
s__Capnocytophaga_sputigena	0	0.0	0.05335	0.0	0.0	0.0	0.00209	0.0	0.0	0.0	0.0	0.0	0.0	0.0	0.0	0.0	0.00206	0.35494	0.0	0.00112	0.0	0.06946	0.0	0.0	0.0	0.0	0.0	0.17315	0.0	0.0815	0.0	0.00082	0.0
s__Streptococcus_sp_HPH0090	0	0.0	0.05118	0.0	0.0	0.0	0.0	0.0	0.0	0.0	0.57693	0.0	0.0	0.0	0.0	0.0	0.0	0.0	0.05773	0.07683	0.0	0.00479	0.0	0.01983	0.24421	0.4987	0.0	0.00463	0.0	0.0	0.01191	0.02517	0.0
s__Streptococcus_anginosus_group	0	0.0	0.02712	0.0	0.0	0.03204	0.14634	0.07638	0.0	0.0	0.0	0.02198	0.0	0.0	0.0	0.0	0.0	0.0	0.0	0.02974	0.12014	0.00825	0.0	0.0134	0.4078	0.12663	2.13818	0.00109	0.0	0.0	0.00801	0.0	0.0
s__Granulicatella_adiacens	0	0.0	0.02398	0.0	0.0	0.05285	0.0561	0.02301	0.06749	0.03578	0.0	0.09468	0.0	0.0	0.0	0.0	0.0	0.02604	0.0102	0.003	0.21985	0.02806	0.02868	0.00651	0.0	0.03042	0.0	0.00942	0.06894	0.02791	0.0081	0.05884	0.0
s__Veillonella_sp_T11011_6	0	0.0	0.01948	0.08469	1.03039	0.19139	0.04003	0.03904	1.96771	0.27748	0.07696	0.0	3.34825	0.0	0.0	0.01995	0.0	0.04212	0.33044	0.59384	0.65359	0.08821	0.55912	0.18522	0.41678	1.22049	0.0	0.02861	0.0156	0.03184	0.52332	0.82428	0.01437
s__Parvimonas_micra	0	0.0	0.01934	0.0	0.0	0.17889	0.20326	0.00304	0.00703	0.06202	0.00447	0.0	0.00417	0.0	0.0	0.0	0.01912	0.0	0.0	0.02726	1.021	0.02952	0.0	0.0	1.22184	0.0	1.14787	0.01513	0.0	0.0	0.0	0.08021	1.45273
s__Prevotella_salivae	0	0.0	0.018	0.0	0.96621	0.0	0.01511	0.02511	0.56508	0.07675	0.0	0.09507	0.09316	0.0	0.31638	0.0	0.0	0.99731	0.49904	3.40152	1.18711	3.37081	1.72649	3.50479	1.13708	0.733	0.0	0.1132	0.0	0.03903	4.17488	1.15338	0.0
s__Lachnoanaerobaculum_saburreum	0	0.0	0.00687	0.0	0.03788	0.0	0.11981	0.02864	0.19708	0.48879	0.0	0.0	1.08602	0.0	0.0	0.0	0.0	0.05206	0.00185	0.35841	0.15264	0.3646	0.53434	0.89382	0.10146	0.06624	0.18465	0.00444	0.0	0.00085	0.75529	0.15006	0.0
s__Neisseria_flavescens	0	0.0	0.0	10.22117	0.0	0.13115	0.0	0.32099	0.11444	0.0	0.26149	0.0	0.00499	45.39887	20.3185	13.18515	53.68228	31.81909	0.73114	0.08437	0.0	22.8612	0.19576	0.0685	0.0552	0.0	0.0	16.07997	2.48725	24.92076	0.33017	0.0	14.73694
s__Streptococcus_salivarius	0	0.0	0.0	2.48309	0.61367	0.03082	0.03219	0.05822	0.04117	0.0	1.4638	0.08407	13.9655	0.0	0.0	0.0	0.0	0.70304	0.0595	0.35388	1.34407	0.16801	1.41503	0.20568	8.63192	4.49682	0.0	1.53147	0.0	0.40137	0.31871	0.20657	0.0
s__Haemophilus_parainfluenzae	0	0.0	0.0	1.32637	0.50448	0.89017	0.49626	0.93123	0.0	0.37856	0.0	0.0	0.16612	0.78579	0.0	3.12936	1.03706	2.98407	0.97585	0.15409	0.47359	0.98647	0.05116	0.14733	0.0	0.08145	0.01435	4.42243	0.24722	7.37632	0.33639	2.17186	6.65605
s__Oribacterium_sinus	0	0.0	0.0	0.6412	0.50949	0.0	0.05633	0.00335	0.72928	0.086	0.0	0.0	0.0	0.0	0.0	0.28529	0.0	0.76447	0.18085	0.00918	0.10572	0.191	1.86163	0.1048	1.63577	0.4481	0.0	1.72607	0.0	1.52379	0.74377	0.53331	0.12749
s__Veillonella_infantium	0	0.0	0.0	0.35538	0.44566	0.13709	0.05522	0.05955	0.02724	0.47345	0.05922	0.08925	1.19003	0.0	0.24377	0.03872	0.00442	0.62373	2.40054	0.67264	0.84548	0.77757	2.93368	0.78287	1.53773	1.91007	0.0	0.69636	0.21764	1.00878	1.12114	2.94572	0.39333
s__Streptococcus_sp_A12	0	0.0	0.0	0.23511	0.0	0.0	0.0	0.0	0.0	0.0	0.0	0.0	0.0	0.03018	0.0	0.16225	0.09201	0.01715	0.00926	0.0	0.0	0.00815	0.0	0.0	0.0	0.0	0.0	0.03569	0.0	0.03316	0.0	0.0	0.02652
s__Porphyromonas_somerae	0	0.0	0.0	0.18236	0.00252	0.21969	0.06698	0.03906	0.0	0.07007	0.0	0.0	0.00155	4.11184	0.00903	1.19824	3.37176	1.15592	4.31283	0.02273	0.0	0.69352	0.00155	0.24209	0.0	0.0	0.0	5.06938	0.0	4.77269	0.00752	0.17063	9.51785
s__Haemophilus_parahaemolyticus	0	0.0	0.0	0.11132	0.0	0.0	0.0	0.0	0.0	0.0	0.0	0.0	0.0	0.20263	1.17803	0.0	0.88433	0.0	0.00297	0.0	0.0	0.44843	0.0	0.0	0.0	0.0	0.0	0.61661	24.4206	0.0	0.02731	0.0	0.0146
s__Streptococcus_pseudopneumoniae	0	0.0	0.0	0.10777	0.30796	0.24275	0.02526	0.01378	0.0	0.0	0.09755	0.64869	0.0	0.0	0.0	0.73524	0.0	1.99735	0.00567	0.00658	0.0	0.01446	0.0	0.0	0.05092	0.0	0.0	0.1227	0.0	0.04785	0.03445	0.0335	0.0845
s__Megasphaera_micronuciformis	0	0.0	0.0	0.0	1.84683	0.04792	0.05888	0.1173	1.66062	0.26868	0.0	0.0	2.81164	0.0	1.10524	0.0	0.0	0.03313	2.19086	8.5279	0.77995	2.30351	3.33533	8.8148	1.81741	1.21455	0.0	0.00201	0.1434	0.0078	3.76425	4.12092	0.0
s__Streptococcus_sanguinis	0	0.0	0.0	0.0	0.8414	0.93428	1.67687	0.20101	0.08173	0.0	0.07644	1.59855	0.02368	0.33294	0.0	0.0	0.00836	0.01873	0.00767	0.01418	0.10783	0.01211	0.01751	0.0	0.08324	0.07218	0.0	0.02226	0.35579	0.04162	0.02507	0.08844	0.0
s__Streptococcus_pneumoniae	0	0.0	0.0	0.0	0.70356	0.0	0.0	1.34746	0.0	0.0	0.0	0.0	0.0	0.0	0.0	0.0	0.0	0.0	0.0	0.05242	0.0	0.0	0.0	0.0	0.0	0.0	0.0	0.11444	0.0	0.0	0.05148	0.0	0.0
s__Prevotella_pallens	0	0.0	0.0	0.0	0.64104	0.23875	0.14026	0.06312	0.03963	0.0	0.0	0.0	0.0	0.0	0.33585	0.03274	0.0	1.49423	3.55687	14.47699	0.0	10.62873	4.28121	7.82244	0.06291	0.37562	0.0	1.6677	0.0	0.10277	6.8927	3.49575	0.06701
s__Prevotella_sp_oral_taxon_306	0	0.0	0.0	0.0	0.6199	0.02574	0.01418	0.07866	0.06479	0.09583	0.0	0.0	0.0	0.0	0.0	0.0	0.0	0.72962	0.0	17.334	0.24995	8.18085	3.75223	0.05735	3.72571	0.0	0.01419	0.35762	0.0	0.0	5.88063	0.21257	0.0
s__Campylobacter_concisus	0	0.0	0.0	0.0	0.37082	0.0	0.0	0.00866	0.27409	0.11535	0.0	0.16314	1.30858	0.0	0.10097	0.0	0.0	1.12539	0.71272	0.25105	1.51711	1.79566	1.32961	0.34781	0.20054	1.01739	0.0	0.734	0.0	0.62328	3.42242	0.46539	0.37711
s__Streptococcus_peroris	0	0.0	0.0	0.0	0.21757	0.0	0.0	0.0	19.5318	0.0	0.1455	0.0	0.0	0.0	0.0	0.26137	0.0	0.0	0.02475	0.0	0.04035	0.00395	1.13047	0.0	0.0	0.0	0.0	0.00819	0.0	0.00918	0.0	0.0	0.0
s__Mogibacterium_diversum	0	0.0	0.0	0.0	0.13786	0.0	0.00419	0.00365	0.0	0.0	0.0	0.0	0.0	0.0	0.0	0.0	0.0	0.07212	1.21917	0.15838	0.01728	0.0511	0.61656	0.40661	0.0	0.3339	0.0	0.01733	0.02239	0.04201	0.22962	0.22202	0.0
s__Neisseria_sicca	0	0.0	0.0	0.0	0.1327	0.0	0.0	0.48737	0.0	0.0	0.0	0.0	0.0	0.3505	0.21812	0.57844	1.17986	0.06882	0.08616	0.16719	0.0	0.11679	0.01309	0.0	0.0	0.0	0.0	0.09689	3.57281	0.04781	0.0	0.0	0.05896
s__Prevotella_veroralis	0	0.0	0.0	0.0	0.12178	0.05923	0.00432	0.04541	0.07764	0.21276	0.0	0.0	0.0	0.0	0.0	0.0	0.0	0.00553	0.0	0.0335	0.0	0.09372	0.00072	0.0	0.01115	0.0	0.17227	0.00324	0.0	0.0	0.01537	0.02633	0.0
s__Eubacterium_sulci	0	0.0	0.0	0.0	0.11015	0.0	0.0	0.00071	0.0	0.0	0.0	0.0	0.0	0.0	0.0	0.09923	0.0	0.1225	1.79932	1.23092	0.0	2.42752	0.89572	1.48071	0.0	0.24615	0.0	1.08499	0.19262	0.57534	0.82904	2.92651	0.51942
s__Streptococcus_sp_HMSC070B10	0	0.0	0.0	0.0	0.10457	0.0	0.0	0.0	0.0	0.0	0.0	0.0	0.0	0.0	0.0	0.0	0.0	0.0	0.0	0.0	0.0	0.0	0.0	0.0	0.0	0.0	0.0	0.0	0.0	0.0	0.0	0.0	0.0
s__Oribacterium_asaccharolyticum	0	0.0	0.0	0.0	0.09991	0.0	0.0	0.0	0.0	0.0	0.0	0.0	0.0	0.0	0.0	0.0	0.0	0.04928	0.00484	0.00691	0.06727	0.03587	0.14863	0.03925	0.0	0.06015	0.0	0.01746	0.0	0.00205	0.01849	0.10379	0.0
s__Haemophilus_haemolyticus	0	0.0	0.0	0.0	0.08337	0.30269	0.15566	0.05925	0.0	0.0	0.25832	0.0	0.0	0.0	0.0	0.31432	0.64782	0.0	0.0	0.20322	0.0	0.0829	0.0	0.01645	0.0	0.0	0.0	0.00823	0.95775	0.03685	0.0	0.04292	0.0
s__Cutibacterium_acnes	0	0.0	0.0	0.0	0.06335	0.0	0.0	0.0	0.04087	0.0	0.0	0.02896	0.0	0.02727	0.43526	0.0	0.0	0.0	0.0	0.0	0.0	0.0	0.00768	0.0	0.0	0.0	0.0	0.00445	1.313	0.00037	0.0	0.00482	0.0
s__Streptococcus_sp_HMSC034E03	0	0.0	0.0	0.0	0.04616	0.11991	0.0	0.00276	0.0	0.0	0.0	0.51184	0.0	0.0	0.0	0.0	0.0	0.08503	0.05637	0.06295	1.44293	0.0761	0.0	0.01363	0.06503	0.0	0.0	0.08759	0.0	0.07891	0.08466	0.0	0.05086
s__Actinomyces_sp_S6_Spd3	0	0.0	0.0	0.0	0.03901	0.0	0.0	0.00958	0.0	0.0	0.0	0.0	0.0	0.06152	0.67869	0.0	0.0	0.36979	1.76265	0.66611	0.14935	0.237	0.59166	1.06008	0.33861	3.01316	0.0	0.08936	0.0	0.05558	0.42907	0.49699	0.17877
s__Streptococcus_sp_HMSC071D03	0	0.0	0.0	0.0	0.03268	0.0	0.0	0.03544	0.0	0.0	0.0	0.0	0.0	0.0	0.0	0.0	0.0	0.0	0.0	0.0	0.68243	0.01797	0.0	0.01758	0.0	0.0	0.0	0.03738	0.0	0.0	0.00697	0.0	0.20406
s__Neisseria_subflava	0	0.0	0.0	0.0	0.02915	0.0	0.0	0.0	0.0	0.0	0.0	0.0	0.0	0.0	2.20305	0.1532	12.81751	0.06241	0.29503	0.0	0.0	0.08932	0.08421	0.0	0.0	0.0	0.0	2.22003	0.90143	7.53395	0.11181	0.0	0.0
s__Streptococcus_sp_HMSC067H01	0	0.0	0.0	0.0	0.02591	0.08357	0.0	0.0	0.0	0.0	0.0	0.0	0.0	0.0	0.0	0.0	0.0	0.08336	0.02645	0.03964	0.23593	0.18585	0.0	0.01011	0.0	0.0	0.0	0.54116	0.0	0.06726	0.0373	0.01776	0.04671
s__Bifidobacterium_longum	0	0.0	0.0	0.0	0.00924	0.0	0.0	0.0	0.0	0.0	0.0	0.0	0.0	0.0	0.0	0.0	0.0	0.0	0.0	0.0	0.0	0.28825	0.0	0.0	0.0	0.0	0.0	0.0	0.0	0.0	0.0	0.0	0.0
s__Prevotella_oulorum	0	0.0	0.0	0.0	0.00503	0.0	0.29193	0.06307	0.21993	0.10074	0.0	0.04207	0.00314	0.0	0.0	0.0	0.0	0.0	0.0	0.17871	0.0	0.06777	0.0	0.04994	0.00844	0.01386	0.0	0.0	0.0	0.0	1.0982	0.17127	0.0
s__Porphyromonas_gingivalis	0	0.0	0.0	0.0	0.0	1.55981	0.0	0.31755	0.0	0.0	0.03527	0.0	0.0	0.0	0.0	0.0	0.58399	0.0	0.0	0.0	0.33015	0.0	0.0	0.0	0.0	0.0	0.0	0.0	0.07356	0.0	0.0	0.0	0.0
s__Streptococcus_sp_NLAE_zl_C503	0	0.0	0.0	0.0	0.0	1.17753	0.0	0.0	0.0	0.0	0.0	0.0	0.0	0.0	0.0	0.0	0.0429	0.0	0.0	0.0	0.0	0.0	0.0	0.0	0.0	0.0	0.0	0.0397	0.0	0.0	0.0	0.0	0.0
s__Porphyromonas_sp_oral_taxon_278	0	0.0	0.0	0.0	0.0	1.08046	0.77814	0.01778	0.0	0.03257	0.0	0.0	0.0	0.0	0.0	0.0	0.0	0.0	0.0	0.0587	0.0	0.02695	0.0	0.0	0.0	0.0	0.0	0.00946	0.0	0.00041	0.0	0.03492	0.0
s__Aggregatibacter_segnis	0	0.0	0.0	0.0	0.0	1.00183	0.0	0.02091	0.0	0.0	0.0	0.0	0.0	0.0	0.0	0.0	0.03665	0.977	0.0	0.08577	0.0	0.79465	0.0	0.00731	0.0	0.0	0.0	0.0024	7.23975	0.00261	0.02091	0.0	0.0
s__Filifactor_alocis	0	0.0	0.0	0.0	0.0	0.97159	0.0	0.01112	0.0	0.15895	0.0717	0.0	0.0	0.0	0.0	0.0	0.06694	0.0	0.0	0.0	0.0	0.05957	0.0	0.0	0.0	0.0	0.0	0.0035	0.0	0.0	0.0	0.0	0.46703
s__Gemella_morbillorum	0	0.0	0.0	0.0	0.0	0.46106	0.32355	0.07957	0.00338	0.20484	0.0	0.0	0.0	0.0	0.0	0.0	0.01726	0.20074	0.01813	0.17915	0.08197	0.33139	0.00083	0.01091	0.0	0.01637	0.0	0.04095	0.70054	0.02889	0.00246	0.01773	1.15035
s__Aggregatibacter_sp_oral_taxon_458	0	0.0	0.0	0.0	0.0	0.43344	0.0	0.04452	0.0	0.0	0.0	0.0	0.0	0.10693	0.0	0.0	0.0	0.0	0.0	0.04002	0.0	0.03954	0.00031	0.02048	0.0	0.0	0.0	0.00464	0.04606	0.04208	0.0269	0.0343	0.06591
s__Eubacterium_saphenum	0	0.0	0.0	0.0	0.0	0.41475	0.0	0.01154	0.0	0.0	0.11221	0.0	0.0	0.0	0.0	0.0	0.02238	0.0	0.0	0.0	0.0	0.00331	0.0	0.0	0.0	0.0	0.11702	0.0	0.0	0.0	0.0	0.0	0.0
s__Prevotella_sp_F0091	0	0.0	0.0	0.0	0.0	0.18652	0.0	0.0	0.0	0.0	0.0	0.0	0.0	0.0	0.0	0.0	0.0	0.0	0.0	0.0936	0.0	0.023	0.0	0.01746	0.02204	0.0	0.0	0.00791	0.0	0.0	0.01698	0.03978	0.68484
s__Haemophilus_sp_HMSC71H05	0	0.0	0.0	0.0	0.0	0.15496	0.0	0.0	0.0	0.0	0.0	0.0	0.45866	0.14175	0.0	0.0	0.0	0.0	0.96823	0.0	0.29836	0.0	0.0	0.09897	0.0	0.0	0.09841	0.0	0.0	0.0	0.0	0.05995	0.35777
s__Streptococcus_australis	0	0.0	0.0	0.0	0.0	0.11867	0.0	0.0	0.0	0.0	0.0	0.0	0.0	0.0	0.0	1.25236	0.16212	0.52666	0.23079	0.0	0.0	0.0093	0.0	0.00167	0.0	0.0	0.0	0.28483	0.0	0.3019	0.01439	0.02392	0.08919
s__Prevotella_intermedia	0	0.0	0.0	0.0	0.0	0.11447	0.0	0.01391	0.0	0.0	0.68407	0.0	0.0	0.0	0.0	0.0	0.07923	0.0	0.0	0.0	0.0	0.07993	0.0	0.0	0.0	0.0	0.0	0.0	0.0	0.0	0.0444	0.49851	0.0
s__Fusobacterium_periodonticum	0	0.0	0.0	0.0	0.0	0.11216	0.01217	0.0	0.0	0.01599	0.0	0.0	0.0	0.0	0.0	0.0	0.06661	3.62922	4.50397	0.03939	0.0	0.53272	2.17649	0.36314	0.0	0.01614	0.0	2.44527	0.34168	2.62434	1.61659	1.14714	7.78498
s__Parvimonas_sp_oral_taxon_393	0	0.0	0.0	0.0	0.0	0.09445	0.0	0.0	0.0	0.0	0.0	0.0	0.0	0.0	0.0	0.0	0.0	0.0	0.0	0.00236	0.0	0.0	0.0	0.0	0.0	0.0	0.0	0.0	0.0	0.0	0.0	0.0	0.0
s__Prevotella_multiformis	0	0.0	0.0	0.0	0.0	0.08908	0.0	0.0	0.0	0.0	0.011	0.0	0.0	0.0	0.0	0.0	0.0	0.0	0.0	0.0	0.0	0.0009	0.0	0.0	0.0	0.0	0.0	0.0043	0.0	0.0	0.0	0.0	0.10767
s__Actinobaculum_sp_oral_taxon_183	0	0.0	0.0	0.0	0.0	0.05994	0.01188	0.02442	0.0	0.58886	0.0	0.0	0.0	0.0	0.0	0.0	0.0	0.0	0.0	0.0	0.0	0.0	0.0	0.0	0.0	0.0	0.0	0.0	0.0	0.0	0.0	0.011	0.0
s__Mogibacterium_timidum	0	0.0	0.0	0.0	0.0	0.05292	0.02379	0.00174	0.0	0.0	0.0	0.0	0.0	0.0	0.0	0.0	0.0	0.0	0.0	0.0	0.0	0.01538	0.0	0.0	0.0	0.0	0.0	0.00428	0.0	0.01948	0.0	0.01059	0.0
s__Eubacterium_nodatum	0	0.0	0.0	0.0	0.0	0.04441	0.01349	0.00541	0.0	0.0	0.0	0.0	0.0	0.0	0.0	0.0	0.0	0.0	0.0	0.0	0.0	0.0	0.0	0.0	0.30768	0.0	0.0	0.0	0.0	0.0	0.0	0.0	0.0
s__Peptostreptococcus_stomatis	0	0.0	0.0	0.0	0.0	0.0403	0.04848	0.0	0.0	0.0	0.0	0.0	0.00942	0.0	0.0	0.0	0.0	0.00053	0.0	0.02986	0.0	0.0101	0.0	0.0	0.09683	0.0	0.0	0.01177	0.0	0.0	0.0	0.0223	0.0
s__Streptococcus_sp_oral_taxon_058	0	0.0	0.0	0.0	0.0	0.02817	0.0	0.0	0.0	0.0	0.0	0.0	0.0	0.0	0.0	0.0	0.0	0.0	0.0	0.0	0.0	0.01313	0.0	0.0	0.0	0.0	0.0	0.0	0.0	0.0	0.0	0.0	0.0
s__Actinomyces_cardiffensis	0	0.0	0.0	0.0	0.0	0.02398	0.0	0.00046	0.0	0.0	0.0	0.0	0.0	0.0	0.0	0.0	0.0	0.0	0.0	0.0	0.0	0.0	0.0	0.0	0.0	0.0	0.0	0.0	0.0	0.0	0.0	0.0	0.0
s__Capnocytophaga_granulosa	0	0.0	0.0	0.0	0.0	0.0228	0.0	0.01963	0.0	0.0	0.0	0.0	0.0	0.0	0.0	0.0	0.0	0.77527	0.0	0.00015	0.0	0.00657	0.0	0.0	0.0	0.0	0.0	0.0	0.0	0.006	0.0	0.0	0.0
s__Haemophilus_quentini	0	0.0	0.0	0.0	0.0	0.02141	0.0	0.0	0.0	0.0	0.0	0.0	0.0	0.0	0.0	0.0	0.0	0.0	0.0	0.01625	0.0	0.03905	0.0	0.0	0.0	0.0	0.0	0.01411	0.17035	0.01534	0.0	0.0	0.0
s__Corynebacterium_durum	0	0.0	0.0	0.0	0.0	0.02138	0.0	0.07024	0.0	0.0	0.0	0.0	0.0	0.0	0.0	0.0	0.0	0.0	0.0	0.0	0.0	0.0	0.0	0.0	0.0	0.0	0.0	0.0	0.0	0.00235	0.0	0.0	0.0
s__Treponema_vincentii	0	0.0	0.0	0.0	0.0	0.01302	0.00542	0.0073	0.0	0.0	0.0	0.0	0.01072	0.0	0.0	0.0	0.0	0.0	0.0	0.00516	0.0	0.0	0.0	0.0	0.02118	0.0	0.0	0.0	0.0	0.0	0.0	0.0	0.0
s__Alloprevotella_rava	0	0.0	0.0	0.0	0.0	0.009	0.0	0.00227	0.0	0.0	0.0	0.0	0.0	0.0	0.07732	0.0	0.0	0.03492	0.0	0.01649	0.0	0.54689	0.0	0.0	0.0	0.0	0.0	0.0	0.0	0.0	0.00753	0.00736	0.01912
s__Leptotrichia_buccalis	0	0.0	0.0	0.0	0.0	0.0085	0.01031	0.0	0.0	0.0	0.0	0.0	0.0	0.0	0.0	0.0	0.0	0.00827	0.0	0.00874	0.0	0.0038	0.0	0.00371	0.0	0.0	0.0	0.00139	0.0	0.00047	0.0	0.0	0.0
s__Leptotrichia_hofstadii	0	0.0	0.0	0.0	0.0	0.00426	0.05915	0.0	0.0	0.01484	0.0	0.0	0.0	0.0	0.0	0.0	0.0	0.01243	0.00145	0.00737	0.0	0.0123	0.00045	0.00812	0.0	0.0	0.0	0.001	0.0	0.00703	0.05283	0.0	0.0
s__Actinomyces_sp_oral_taxon_448	0	0.0	0.0	0.0	0.0	0.0	0.40385	3.34664	0.05409	0.63745	0.0	0.0	0.0	0.04733	0.0	0.0	0.0	0.0	0.00223	0.0	0.0	0.0	0.0	0.0	0.0	0.54831	0.0	0.0	0.0	0.0	0.0	0.0	0.0
s__Solobacterium_moorei	0	0.0	0.0	0.0	0.0	0.0	0.21464	0.00107	0.09739	0.01084	0.0	0.0	0.01331	0.0	0.0	0.0	0.0	0.09089	0.02774	0.14299	0.08904	0.1769	0.09409	0.28287	0.0	0.03779	0.84337	0.05583	0.0	0.02945	0.15838	0.13537	0.07296
s__Actinomyces_sp_oral_taxon_180	0	0.0	0.0	0.0	0.0	0.0	0.15184	0.0447	0.08116	0.30365	0.0	0.0	0.0	0.0	0.0	0.0	0.0	0.0	0.0	0.00621	0.0	0.0	0.0	0.01416	0.0	0.01395	0.36213	0.0	0.0	0.0	0.0	0.0124	0.0
s__Veillonella_rodentium	0	0.0	0.0	0.0	0.0	0.0	0.14101	0.0	0.0	0.0	0.0	0.0	0.0	0.0	0.0	0.0	0.0	0.0	0.0	0.0	0.0	0.0	0.0	0.0	0.0	0.0	0.0	0.00298	0.0	0.0	0.0	0.0	0.0
s__Aggregatibacter_actinomycetemcomitans	0	0.0	0.0	0.0	0.0	0.0	0.08621	0.0	0.0	0.0	0.0	0.0	0.0	0.0	0.0	0.0	0.0	0.0	0.0	0.0	0.0	0.0	0.0	0.0	0.0	0.0	0.0	0.0	0.0	0.0	0.0	0.0	0.0
s__Dialister_pneumosintes	0	0.0	0.0	0.0	0.0	0.0	0.05634	0.00039	0.0	0.0	0.0	0.0	0.0	0.0	0.0	0.0	0.0	0.0	0.0	0.07972	0.23435	0.01901	0.0	0.0	0.32846	0.0	0.0	0.00174	0.0	0.0	0.0	0.01639	0.54872
s__Campylobacter_gracilis	0	0.0	0.0	0.0	0.0	0.0	0.05334	0.09099	0.01773	0.1993	0.0	0.0	0.0	0.0	0.0	0.0	0.0	0.0	0.0	0.0	0.0082	0.0	0.0	0.0	0.0	0.0	0.19697	0.0	0.0	0.0	0.27212	0.0	0.0
s__Streptococcus_sp_SK643	0	0.0	0.0	0.0	0.0	0.0	0.02606	0.0	0.0	0.0	0.0	0.0	0.0	0.0	0.0	0.0	0.0	0.0	0.0	0.0	0.0	0.00221	0.0	0.0	0.0	0.0	0.0	0.0	0.0	0.0	0.0	0.0	0.0
s__Leptotrichia_wadei	0	0.0	0.0	0.0	0.0	0.0	0.0239	0.01831	0.13781	0.6478	0.0	0.0	0.0	0.0	0.0	0.0	0.0	0.17212	0.0017	0.9758	0.1035	0.45673	0.01469	0.12789	0.08648	0.0	0.0	0.03995	0.0	0.03054	4.89181	0.0179	0.0
s__Prevotella_dentalis	0	0.0	0.0	0.0	0.0	0.0	0.02112	0.0	0.0	0.0	0.0	0.0	0.0	0.0	0.0	0.0	0.0	0.0	0.0	0.0	0.0	0.0	0.0	0.0	0.0	0.0	0.0	0.0	0.0	0.0	0.0	0.0	0.01956
s__Prevotella_maculosa	0	0.0	0.0	0.0	0.0	0.0	0.0185	0.0	0.00306	0.0	0.0	0.0	0.0	0.0	0.0	0.0	0.0	0.0	0.0	0.00207	0.0	0.0	0.0	0.0	0.0	0.0	0.0	0.0	0.0	0.0	0.0663	0.00326	0.0
s__Tannerella_sp_oral_taxon_808	0	0.0	0.0	0.0	0.0	0.0	0.01763	0.01625	0.0	0.0	0.0	0.0	0.0	0.0	0.0	0.0	0.0	0.0	0.00136	0.0	0.0	0.0	0.0	0.0	0.0	0.0	0.19872	0.0	0.0	0.0	0.0	0.02054	0.0
s__Actinomyces_hongkongensis	0	0.0	0.0	0.0	0.0	0.0	0.0153	0.00293	0.0	0.0	0.0	0.0	0.0	0.0	0.0	0.0	0.0	0.0	0.0	0.0	0.0	0.0	0.0	0.0	0.0	0.0	0.0	0.0	0.0	0.0	0.0	0.0	0.0
s__Prevotella_buccae	0	0.0	0.0	0.0	0.0	0.0	0.01028	0.0	0.0	0.0	0.0	0.0	0.0	0.0	0.0	0.0	0.0	0.0	0.0	0.0	0.0	0.0	0.0	0.0	0.0	0.0	0.0	0.0	0.0	0.0	0.0	0.00749	0.1741
s__Leptotrichia_sp_oral_taxon_879	0	0.0	0.0	0.0	0.0	0.0	0.0078	0.0	0.0	0.0	0.0	0.0	0.0	0.0	0.0	0.0	0.0	0.0	0.0	0.00306	0.0	0.00208	0.0	0.0006	0.0	0.0	0.0	0.0	0.0	0.0	0.00354	0.0	0.0
s__Prevotella_sp_oral_taxon_820	0	0.0	0.0	0.0	0.0	0.0	0.00613	0.0	0.0	0.0	0.0	0.0	0.0	0.0	0.0	0.0	0.0	0.0	0.0	0.0	0.0	0.0	0.0	0.0	0.0	0.0	0.0	0.0	0.0	0.0	0.0	0.0	0.0
s__Neisseria_mucosa	0	0.0	0.0	0.0	0.0	0.0	0.0	1.8152	0.0	0.0	0.0	0.0	0.0	0.12129	0.0	0.0	0.02719	0.0	0.10191	0.0	0.0	0.01192	0.0	0.0	0.0	0.0	0.0	0.0	0.09451	0.0	0.0	0.0	0.0
s__Propionibacterium_acidifaciens	0	0.0	0.0	0.0	0.0	0.0	0.0	0.33633	0.06673	0.0	0.0	0.0	0.0	0.0	0.0	0.0	0.0	0.0	0.0	0.0	0.0	0.0	0.0	0.0	0.0	0.0	0.0	0.0	0.0	0.0	0.0	0.0	0.0
s__Parascardovia_denticolens	0	0.0	0.0	0.0	0.0	0.0	0.0	0.2112	0.02434	0.0	0.0	0.0	0.0	0.0	0.0	0.0	0.0	0.0	0.0	0.0	0.0	0.0	0.0	0.0	0.0	0.0	0.0	0.0	0.0	0.0	0.0	0.0	0.0
s__Actinomyces_sp_oral_taxon_414	0	0.0	0.0	0.0	0.0	0.0	0.0	0.15495	0.03307	0.19595	0.0	0.0	0.0	0.0	0.0	0.0	0.0	0.0	0.0	0.0	0.0	0.0	0.0	0.0	0.0	0.0	0.0	0.0	0.0	0.0	0.0	0.0	0.0
s__Lautropia_mirabilis	0	0.0	0.0	0.0	0.0	0.0	0.0	0.13502	0.0	0.0	0.0	0.0	0.0	0.26073	0.1334	0.0	0.0	0.01868	0.0	0.01153	0.0	0.02461	0.03191	0.0071	0.0	0.02008	0.0	0.0227	0.04667	0.01302	0.0	0.00083	0.0
s__Streptococcus_mutans	0	0.0	0.0	0.0	0.0	0.0	0.0	0.06349	0.01315	0.0	0.0	0.0	0.00298	0.0	0.0	0.0	0.0	0.0	0.0	0.0	0.0	0.0	0.0	0.0	0.0	0.0	0.0	0.0	0.0	0.0	0.0	0.0	0.0
s__Actinomyces_johnsonii	0	0.0	0.0	0.0	0.0	0.0	0.0	0.05164	0.0	0.0	0.0	0.0	0.0	0.0	0.0	0.0	0.0	0.0	0.0	0.0	0.0	0.0	0.0	0.0	0.0	0.0	0.0	0.0	0.0	0.0	0.0	0.0	0.0
s__Neisseria_bacilliformis	0	0.0	0.0	0.0	0.0	0.0	0.0	0.05011	0.0	0.0	0.0	0.0	0.0	0.0	0.0	0.0	0.0	0.0	0.0	0.0	0.0	0.0	0.0	0.0	0.0	0.0	0.0	0.0	0.0	0.0	0.0	0.0	0.0
s__Rothia_aeria	0	0.0	0.0	0.0	0.0	0.0	0.0	0.04915	0.0	0.0	0.0	0.0	0.0	0.19357	0.0	0.0	0.20373	0.00091	0.0	0.02272	0.0	0.03311	0.01907	0.0	0.0	0.0	0.0	0.01799	0.03907	0.02605	0.0	0.0	0.0
s__Abiotrophia_defectiva	0	0.0	0.0	0.0	0.0	0.0	0.0	0.04377	0.0	0.0	0.0	0.0	0.0	0.0	0.0	0.0	0.0	0.0	0.0	0.00816	0.0	0.02526	0.0	0.0	0.0	0.0	0.0	0.0	0.0	0.0	0.0	0.0	0.0
s__Kingella_denitrificans	0	0.0	0.0	0.0	0.0	0.0	0.0	0.03167	0.0	0.0	0.0	0.0	0.0	0.0	0.0	0.0	0.0	0.0	0.0	0.0	0.0	0.01511	0.0	0.0	0.0	0.0	0.0	0.0	0.0	0.0	0.0	0.0	0.0
s__Abiotrophia_sp_HMSC24B09	0	0.0	0.0	0.0	0.0	0.0	0.0	0.03145	0.0	0.0	0.0	0.0	0.0	0.0	0.0	0.0	0.0	0.0	0.0	0.01184	0.0	0.03263	0.0	0.0	0.0	0.0	0.0	0.0	0.0	0.0	0.0	0.0	0.0
s__Actinomyces_sp_oral_taxon_897	0	0.0	0.0	0.0	0.0	0.0	0.0	0.0288	0.0	0.0	0.0	0.0	0.0	0.0	0.0	0.0	0.0	0.0	0.0	0.00049	0.0	0.0	0.0	0.0	0.0	0.0	0.0	0.0	0.0	0.0	0.0	0.0	0.0
s__Streptococcus_sp_F0442	0	0.0	0.0	0.0	0.0	0.0	0.0	0.02345	0.00941	0.0	0.0	0.0	0.0	0.0	0.0	0.0	0.0	0.23564	0.14789	0.0	0.25632	0.02859	0.01554	0.01095	0.0	0.0	0.0	0.04956	0.0	0.06658	0.0	0.10524	0.0
s__Eikenella_corrodens	0	0.0	0.0	0.0	0.0	0.0	0.0	0.02225	0.0	0.0	0.0	0.0	0.0	0.0	0.0	0.0	0.0227	0.0	0.05013	0.0	0.0	0.00139	0.0	0.0	0.0	0.0	0.0	0.0	0.0	0.0	0.0	0.0	0.14169
s__Actinomyces_naeslundii	0	0.0	0.0	0.0	0.0	0.0	0.0	0.02109	0.0	0.0	0.0	0.0	0.0	0.02509	0.0	0.0	0.0	0.0	0.0	0.0	0.0	0.0	0.0	0.0	0.0	0.0	0.0	0.0	0.0	0.0	0.0	0.0	0.0
s__Actinomyces_massiliensis	0	0.0	0.0	0.0	0.0	0.0	0.0	0.01844	0.0	0.0	0.0	0.0	0.0	0.0	0.0	0.0	0.0	0.0	0.0	0.0	0.0	0.0	0.0	0.0	0.0	0.0	0.0	0.0	0.0	0.0	0.0	0.0	0.0
s__Neisseria_cinerea	0	0.0	0.0	0.0	0.0	0.0	0.0	0.01076	0.0	0.0	0.0	0.0	0.0	0.0	0.0	0.0	0.0	0.00171	0.0	0.05472	0.0	0.06997	0.0	0.0	0.0	0.0	0.0	0.0	0.0	0.00687	0.0	0.0	0.0
s__Shuttleworthia_satelles	0	0.0	0.0	0.0	0.0	0.0	0.0	0.01047	0.06727	0.0	0.0	0.0	0.0	0.0	0.0	0.0	0.0	0.0	0.0	0.0	0.0	0.00254	0.0	0.0	0.02269	0.0	0.0	0.0	0.0	0.0	0.0	0.00501	0.0
s__Veillonella_tobetsuensis	0	0.0	0.0	0.0	0.0	0.0	0.0	0.01003	0.79241	0.0	0.0	0.0	0.0	0.0	0.0	0.09397	0.0	0.05381	0.10682	0.0	0.0	0.14441	0.0	0.0	0.0	0.0	0.0	0.58488	0.0	1.18113	0.0	0.07997	0.31194
s__Lachnospiraceae_bacterium_oral_taxon_096	0	0.0	0.0	0.0	0.0	0.0	0.0	0.00507	0.0	0.0	0.0	0.0	0.0	0.0	0.0	0.0	0.0	0.22744	0.0	1.25504	0.0	0.16436	0.0	0.0	0.20574	0.0	0.0	0.00691	0.0	0.0	0.0	0.03204	0.0
s__Eggerthia_catenaformis	0	0.0	0.0	0.0	0.0	0.0	0.0	0.00287	0.0	0.0	0.0	0.0	0.0	0.0	0.0	0.0	0.02206	0.0	0.0	0.0	0.0	0.00018	0.0	0.0	0.02129	0.0	0.0	0.00711	0.0	0.0	0.0	0.05166	0.33877
s__Prevotella_oralis	0	0.0	0.0	0.0	0.0	0.0	0.0	0.00037	0.0	0.0	0.0	0.0	0.00082	0.0	0.0	0.0	0.0	0.0	0.0	0.0	0.0	0.0	0.0	0.0	0.0	0.0	0.91063	0.0	0.0	0.0	0.0	0.00243	0.0
s__Prevotella_scopos	0	0.0	0.0	0.0	0.0	0.0	0.0	0.0	0.0037	0.0	0.0	0.0	0.0	0.0	0.0	0.0	0.0	0.0	0.00611	0.05178	0.0	0.15718	0.02053	1.48374	0.01321	0.0	0.0	0.0	0.0	0.006	0.48425	0.10483	0.0
s__Staphylococcus_epidermidis	0	0.0	0.0	0.0	0.0	0.0	0.0	0.0	0.00305	0.0	0.0	0.0	0.0	0.0	0.0	0.0	0.0	0.0	0.0	0.0	0.0	0.0	0.0	0.0	0.0	0.0	0.0	0.0	0.0	0.0	0.0	0.0	0.0
s__Candida_dubliniensis	0	0.0	0.0	0.0	0.0	0.0	0.0	0.0	0.00077	0.0	0.0	0.0	0.0	0.0	0.0	0.0	0.0	0.0	0.0	0.0	0.0	0.0	0.0	0.0	0.0	0.0	0.0	0.0	0.0	0.0	0.0	0.0	0.0
s__Neisseria_perflava	0	0.0	0.0	0.0	0.0	0.0	0.0	0.0	0.0	0.0	0.1649	0.0	0.0	0.0	0.0	0.0	0.0	20.63556	0.0	0.0	0.0	0.0	0.0	0.0	0.0	0.0	0.0	0.0	0.0	0.0	0.0	0.0	0.0
s__Prevotella_baroniae	0	0.0	0.0	0.0	0.0	0.0	0.0	0.0	0.0	0.0	0.03608	0.0	0.0	0.0	0.0	0.0	0.04061	0.0	0.0	0.0	0.0	0.04618	0.0	0.0	0.04245	0.0	0.17896	0.0	0.0	0.0	0.0	0.0	0.0
s__Aeromonas_media	0	0.0	0.0	0.0	0.0	0.0	0.0	0.0	0.0	0.0	0.0	0.7361	0.0	0.0	0.0	0.0	0.0	0.0	0.0	0.0	0.41517	0.0	0.0	0.0	0.0	0.0	0.03816	0.0	0.0	0.0	0.0	0.0	0.0
s__Aeromonas_caviae	0	0.0	0.0	0.0	0.0	0.0	0.0	0.0	0.0	0.0	0.0	0.59355	0.0	0.0	0.0	0.0	0.0	0.0	0.0	0.0	0.2254	0.0	0.0	0.0	0.0201	0.0	0.0	0.0	0.0	0.0	0.0	0.0	0.0
s__Klebsiella_michiganensis	0	0.0	0.0	0.0	0.0	0.0	0.0	0.0	0.0	0.0	0.0	0.34953	0.0	0.0	0.0	0.0	0.0	0.0	0.0	0.0	1.04698	0.0	0.0	0.0	0.0	0.0	0.03078	0.0	0.0	0.0	0.0	0.0	0.0
s__Acinetobacter_pittii	0	0.0	0.0	0.0	0.0	0.0	0.0	0.0	0.0	0.0	0.0	0.08288	0.0	0.0	0.0	0.0	0.0	0.0	0.0	0.0	0.29398	0.0	0.0	0.0	0.0	0.0	0.0	0.0	0.0	0.0	0.0	0.0	0.0
s__Micrococcus_lylae	0	0.0	0.0	0.0	0.0	0.0	0.0	0.0	0.0	0.0	0.0	0.0326	0.0	0.0	0.0	0.0	0.0	0.0	0.0	0.0	0.0	0.0	0.0	0.0	0.0	0.0	0.0	0.0	0.0	0.0	0.0	0.0	0.0
s__Sphingomonas_koreensis	0	0.0	0.0	0.0	0.0	0.0	0.0	0.0	0.0	0.0	0.0	0.0208	0.0	0.0	0.0	0.0	0.0	0.0	0.0	0.0	0.0	0.0	0.0	0.0	0.0	0.0	0.0	0.0	0.0	0.0	0.0	0.0	0.0
s__Gluconacetobacter_liquefaciens	0	0.0	0.0	0.0	0.0	0.0	0.0	0.0	0.0	0.0	0.0	0.01712	0.0	0.0	0.0	0.0	0.0	0.0	0.0	0.0	0.01722	0.0	0.0	0.0	0.0	0.0	0.0	0.0	0.0	0.0	0.0	0.0	0.0
s__Veillonella_rogosae	0	0.0	0.0	0.0	0.0	0.0	0.0	0.0	0.0	0.0	0.0	0.0	0.53343	0.0	0.0	0.0	0.0	0.01561	0.0	0.0	0.01932	0.05935	0.10496	0.0	0.0	0.0	0.0	2.14444	0.0	0.07453	0.0	0.34277	0.0
s__Candida_albicans	0	0.0	0.0	0.0	0.0	0.0	0.0	0.0	0.0	0.0	0.0	0.0	0.0016	0.0	0.0	0.0	0.0	0.0	0.0	0.0	0.0	0.0	0.0	0.0	0.0	0.0	0.0	0.0	0.0	0.0	0.0	0.0	0.0
s__Neisseria_macacae	0	0.0	0.0	0.0	0.0	0.0	0.0	0.0	0.0	0.0	0.0	0.0	0.0	0.19393	0.0	0.0	0.0	0.0	0.0	0.00238	0.0	0.0	0.0	0.0	0.0	0.0	0.0	0.0	0.0	0.0	0.0	0.0	0.0
s__Treponema_sp_OMZ_838	0	0.0	0.0	0.0	0.0	0.0	0.0	0.0	0.0	0.0	0.0	0.0	0.0	0.01579	0.0	0.0	0.0	0.0	0.0	0.00305	0.0	0.00247	0.0	0.0	0.0	0.0	0.0	0.0	0.0	0.0	0.00426	0.0	0.1617
s__Haemophilus_sputorum	0	0.0	0.0	0.0	0.0	0.0	0.0	0.0	0.0	0.0	0.0	0.0	0.0	0.0	0.0	0.27507	0.79439	1.5658	0.0	0.00499	0.0	0.10428	0.0	0.0	0.0	0.0	0.0	0.69202	0.73487	1.01476	0.0	0.0	0.0
s__Oribacterium_parvum	0	0.0	0.0	0.0	0.0	0.0	0.0	0.0	0.0	0.0	0.0	0.0	0.0	0.0	0.0	0.17145	0.0	0.39771	0.72742	0.0012	0.0	0.20122	0.00518	0.33358	0.0	0.0	0.0	0.43376	0.0	0.29178	0.16955	0.20743	0.27201
s__Prevotella_shahii	0	0.0	0.0	0.0	0.0	0.0	0.0	0.0	0.0	0.0	0.0	0.0	0.0	0.0	0.0	0.10588	0.0	1.07094	0.10248	0.0	0.0	0.09494	0.04104	0.0	0.0	0.0	0.0	1.60458	0.0	0.31189	0.0	0.0	3.54844
s__Streptococcus_milleri	0	0.0	0.0	0.0	0.0	0.0	0.0	0.0	0.0	0.0	0.0	0.0	0.0	0.0	0.0	0.08869	0.0	0.0	0.0	0.0	0.05291	0.00691	0.0	0.0	0.12137	0.0	0.0	0.00312	0.0	0.0	0.0	0.0	0.0
s__Haemophilus_pittmaniae	0	0.0	0.0	0.0	0.0	0.0	0.0	0.0	0.0	0.0	0.0	0.0	0.0	0.0	0.0	0.0538	0.0	0.0	0.0	0.0	0.0	0.0	0.0	0.0	0.0	0.0	0.0	0.0	0.28865	0.0	0.0	0.0	0.0
s__Haemophilus_paraphrohaemolyticus	0	0.0	0.0	0.0	0.0	0.0	0.0	0.0	0.0	0.0	0.0	0.0	0.0	0.0	0.0	0.0	0.15709	0.0	0.0	0.0	0.0	0.30319	0.0	0.0	0.0	0.0	0.0	0.15328	0.22252	0.0	0.0	0.0	0.0
s__Prevotella_sp_oral_taxon_473	0	0.0	0.0	0.0	0.0	0.0	0.0	0.0	0.0	0.0	0.0	0.0	0.0	0.0	0.0	0.0	0.08203	0.0	0.0	0.09963	0.0	0.00894	0.0	0.0	0.0	0.0	0.0	0.02259	0.65347	0.02384	0.0	0.08969	0.17843
s__Morococcus_cerebrosus	0	0.0	0.0	0.0	0.0	0.0	0.0	0.0	0.0	0.0	0.0	0.0	0.0	0.0	0.0	0.0	0.07189	0.0	0.0	0.0	0.0	0.0	0.0	0.0	0.0	0.0	0.0	0.0	3.34628	0.0	0.0	0.0	0.0
s__Simonsiella_muelleri	0	0.0	0.0	0.0	0.0	0.0	0.0	0.0	0.0	0.0	0.0	0.0	0.0	0.0	0.0	0.0	0.04322	0.12783	0.0	0.00117	0.0	0.24584	0.0	0.0	0.0	0.0	0.0	0.0	0.0	0.0	0.0	0.0	0.0
s__Haemophilus_influenzae	0	0.0	0.0	0.0	0.0	0.0	0.0	0.0	0.0	0.0	0.0	0.0	0.0	0.0	0.0	0.0	0.02822	0.0214	0.0	0.00348	0.0	0.0	0.0	0.0	0.19336	0.0	0.0	0.0	0.0	0.0	0.06303	0.0	0.0
s__Lactococcus_raffinolactis	0	0.0	0.0	0.0	0.0	0.0	0.0	0.0	0.0	0.0	0.0	0.0	0.0	0.0	0.0	0.0	0.0	0.1839	0.0	0.0	0.0	0.0	0.0	0.0	0.0	0.0	0.0	0.0	0.0	0.0	0.0	0.0	0.0
s__Lachnoanaerobaculum_umeaense	0	0.0	0.0	0.0	0.0	0.0	0.0	0.0	0.0	0.0	0.0	0.0	0.0	0.0	0.0	0.0	0.0	0.11508	0.0	0.0	0.0	0.00667	0.0	0.0	0.0	0.0	0.0	0.00083	0.0	0.0	0.0	0.00228	0.88212
s__Moraxella_nonliquefaciens	0	0.0	0.0	0.0	0.0	0.0	0.0	0.0	0.0	0.0	0.0	0.0	0.0	0.0	0.0	0.0	0.0	0.07531	0.0	0.0	0.0	0.0	0.0	0.0	0.0	0.0	0.0	0.0	0.0	0.0	0.0	0.0	0.0
s__Leptotrichia_sp_oral_taxon_212	0	0.0	0.0	0.0	0.0	0.0	0.0	0.0	0.0	0.0	0.0	0.0	0.0	0.0	0.0	0.0	0.0	0.02228	0.0	0.00259	0.0	0.00381	0.0	0.00898	0.0	0.0	0.0	0.00501	0.0	0.00248	0.0	0.0	0.09254
s__Selenomonas_flueggei	0	0.0	0.0	0.0	0.0	0.0	0.0	0.0	0.0	0.0	0.0	0.0	0.0	0.0	0.0	0.0	0.0	0.00841	0.00106	0.03616	0.0	0.06893	0.00311	0.00352	0.0	0.0	0.0	0.0	0.0	0.00096	0.49714	0.0	0.0
s__Leptotrichia_sp_oral_taxon_225	0	0.0	0.0	0.0	0.0	0.0	0.0	0.0	0.0	0.0	0.0	0.0	0.0	0.0	0.0	0.0	0.0	0.00408	0.0	0.00263	0.0	0.00338	0.0	0.0	0.0	0.0	0.0	0.00192	0.0	0.0	0.00212	0.0	0.0
s__Capnocytophaga_sp_oral_taxon_332	0	0.0	0.0	0.0	0.0	0.0	0.0	0.0	0.0	0.0	0.0	0.0	0.0	0.0	0.0	0.0	0.0	0.00404	0.0	0.00353	0.0	0.00414	0.0	0.0	0.0	0.0	0.0	0.00295	0.0	0.0	0.0	0.0	1.65977
s__Mogibacterium_pumilum	0	0.0	0.0	0.0	0.0	0.0	0.0	0.0	0.0	0.0	0.0	0.0	0.0	0.0	0.0	0.0	0.0	0.00129	0.0	0.0013	0.0	0.0	0.0065	0.0	0.0	0.0	0.0	0.0	0.0	0.0	0.0	0.0	0.0
s__Prevotella_sp_oral_taxon_299	0	0.0	0.0	0.0	0.0	0.0	0.0	0.0	0.0	0.0	0.0	0.0	0.0	0.0	0.0	0.0	0.0	0.0	0.02578	0.06981	0.0	0.00802	0.0	0.00288	0.0	0.0	0.0	0.03994	0.0	0.02735	0.0	0.0047	0.03061
s__Alloscardovia_omnicolens	0	0.0	0.0	0.0	0.0	0.0	0.0	0.0	0.0	0.0	0.0	0.0	0.0	0.0	0.0	0.0	0.0	0.0	0.0	0.85793	0.0	0.0036	0.0	0.0	0.0	0.0	0.0	0.0	0.0	0.0	0.0	0.0	0.0
s__Dialister_micraerophilus	0	0.0	0.0	0.0	0.0	0.0	0.0	0.0	0.0	0.0	0.0	0.0	0.0	0.0	0.0	0.0	0.0	0.0	0.0	0.39325	0.0	0.02355	0.0	0.0	0.0	0.0	0.41534	0.0	0.0	0.0	0.0	0.0	0.0
s__Neisseria_sp_oral_taxon_014	0	0.0	0.0	0.0	0.0	0.0	0.0	0.0	0.0	0.0	0.0	0.0	0.0	0.0	0.0	0.0	0.0	0.0	0.0	0.0125	0.0	0.03973	0.0	0.0	0.0	0.0	0.0	0.0	0.0	0.0	0.0	0.0	0.0
s__Porphyromonas_catoniae	0	0.0	0.0	0.0	0.0	0.0	0.0	0.0	0.0	0.0	0.0	0.0	0.0	0.0	0.0	0.0	0.0	0.0	0.0	0.00984	0.0	0.00016	0.0	0.0	0.0	0.0	0.0	0.0	0.0	0.0	0.0	0.0	0.0
s__Atopobium_minutum	0	0.0	0.0	0.0	0.0	0.0	0.0	0.0	0.0	0.0	0.0	0.0	0.0	0.0	0.0	0.0	0.0	0.0	0.0	0.00952	0.0	0.00117	0.0	0.0	0.0	0.0	0.0	0.0	0.0	0.0	0.0	0.0	0.0
s__Prevotella_fusca	0	0.0	0.0	0.0	0.0	0.0	0.0	0.0	0.0	0.0	0.0	0.0	0.0	0.0	0.0	0.0	0.0	0.0	0.0	0.00828	0.0	0.00052	0.0	0.0	0.0	0.0	0.0	0.00076	0.0	0.0	0.0	0.0	0.0
s__Leptotrichia_sp_oral_taxon_498	0	0.0	0.0	0.0	0.0	0.0	0.0	0.0	0.0	0.0	0.0	0.0	0.0	0.0	0.0	0.0	0.0	0.0	0.0	0.00719	0.0	0.16567	0.0	0.0	0.0	0.0	0.0	0.0	0.0	0.0	0.12173	0.0	0.0
s__Streptococcus_sp_M334	0	0.0	0.0	0.0	0.0	0.0	0.0	0.0	0.0	0.0	0.0	0.0	0.0	0.0	0.0	0.0	0.0	0.0	0.0	0.00682	0.0	0.00882	0.0	0.0	0.0	0.0	0.0	0.0	0.0	0.0	0.0	0.0	0.0
s__Neisseria_sp_HMSC064E01	0	0.0	0.0	0.0	0.0	0.0	0.0	0.0	0.0	0.0	0.0	0.0	0.0	0.0	0.0	0.0	0.0	0.0	0.0	0.00596	0.0	0.0	0.0	0.0	0.0	0.0	0.0	0.0	0.0	0.0	0.0	0.0	0.0
s__Streptococcus_thermophilus	0	0.0	0.0	0.0	0.0	0.0	0.0	0.0	0.0	0.0	0.0	0.0	0.0	0.0	0.0	0.0	0.0	0.0	0.0	0.00382	0.0	0.0	0.0	0.0	0.0	0.0	0.0	0.0	0.0	0.0	0.0	0.0	0.0
s__Prevotella_loescheii	0	0.0	0.0	0.0	0.0	0.0	0.0	0.0	0.0	0.0	0.0	0.0	0.0	0.0	0.0	0.0	0.0	0.0	0.0	0.00333	0.0	0.0	0.0	0.0	0.0	0.0	0.0	0.0	0.0	0.0	0.0	0.0	0.0
s__Fusobacterium_hwasookii	0	0.0	0.0	0.0	0.0	0.0	0.0	0.0	0.0	0.0	0.0	0.0	0.0	0.0	0.0	0.0	0.0	0.0	0.0	0.00311	0.0	0.0	0.0	0.0	0.0	0.0	0.0	0.0	0.0	0.0	0.0	0.0	0.17708
s__Haemophilus_aegyptius	0	0.0	0.0	0.0	0.0	0.0	0.0	0.0	0.0	0.0	0.0	0.0	0.0	0.0	0.0	0.0	0.0	0.0	0.0	0.00263	0.0	0.0	0.0	0.0	0.0	0.0	0.0	0.0	0.0	0.0	0.0	0.0	0.0
s__Prevotella_micans	0	0.0	0.0	0.0	0.0	0.0	0.0	0.0	0.0	0.0	0.0	0.0	0.0	0.0	0.0	0.0	0.0	0.0	0.0	0.00217	0.0	0.0	0.0	0.0	0.0	0.0	2.4737	0.0	0.0	0.0	0.0	0.0	0.0
s__Acinetobacter_johnsonii	0	0.0	0.0	0.0	0.0	0.0	0.0	0.0	0.0	0.0	0.0	0.0	0.0	0.0	0.0	0.0	0.0	0.0	0.0	0.0	0.1886	0.0	0.0	0.0	0.0	0.0	0.0	0.0	0.0	0.0	0.0	0.0	0.0
s__Aggregatibacter_aphrophilus	0	0.0	0.0	0.0	0.0	0.0	0.0	0.0	0.0	0.0	0.0	0.0	0.0	0.0	0.0	0.0	0.0	0.0	0.0	0.0	0.0	0.05288	0.0	0.0	0.0	0.0	0.0	0.0	0.0	0.0	0.0	0.0	0.0
s__Peptoanaerobacter_stomatis	0	0.0	0.0	0.0	0.0	0.0	0.0	0.0	0.0	0.0	0.0	0.0	0.0	0.0	0.0	0.0	0.0	0.0	0.0	0.0	0.0	0.01303	0.0	0.0	0.03994	0.0	0.0	0.0	0.0	0.0	0.0	0.0	0.0
s__Streptococcus_viridans	0	0.0	0.0	0.0	0.0	0.0	0.0	0.0	0.0	0.0	0.0	0.0	0.0	0.0	0.0	0.0	0.0	0.0	0.0	0.0	0.0	0.00712	0.0	0.0	0.0	0.0	0.0	0.0	0.0	0.0	0.0	0.0	0.0
s__Fusobacterium_sp_oral_taxon_370	0	0.0	0.0	0.0	0.0	0.0	0.0	0.0	0.0	0.0	0.0	0.0	0.0	0.0	0.0	0.0	0.0	0.0	0.0	0.0	0.0	0.00413	0.0	0.0	0.0	0.0	0.0	0.0	0.25962	0.0	0.0	0.0	0.08739
s__Centipeda_periodontii	0	0.0	0.0	0.0	0.0	0.0	0.0	0.0	0.0	0.0	0.0	0.0	0.0	0.0	0.0	0.0	0.0	0.0	0.0	0.0	0.0	0.00272	0.0	0.0	0.0	0.0	0.0	0.0	0.0	0.0	0.62038	0.0	0.0
s__Selenomonas_sp_oral_taxon_892	0	0.0	0.0	0.0	0.0	0.0	0.0	0.0	0.0	0.0	0.0	0.0	0.0	0.0	0.0	0.0	0.0	0.0	0.0	0.0	0.0	0.00255	0.0	0.0	0.0	0.0	0.0	0.0	0.0	0.0	0.0	0.0	0.0
s__Neisseria_gonorrhoeae	0	0.0	0.0	0.0	0.0	0.0	0.0	0.0	0.0	0.0	0.0	0.0	0.0	0.0	0.0	0.0	0.0	0.0	0.0	0.0	0.0	0.00251	0.0	0.0	0.0	0.0	0.0	0.00487	0.0	0.0	0.0	0.0	0.0
s__Catonella_morbi	0	0.0	0.0	0.0	0.0	0.0	0.0	0.0	0.0	0.0	0.0	0.0	0.0	0.0	0.0	0.0	0.0	0.0	0.0	0.0	0.0	0.00152	0.0	0.0	0.0	0.0	0.0	0.0	0.0	0.0	0.0	0.00092	0.01155
s__Streptococcus_sp_oral_taxon_056	0	0.0	0.0	0.0	0.0	0.0	0.0	0.0	0.0	0.0	0.0	0.0	0.0	0.0	0.0	0.0	0.0	0.0	0.0	0.0	0.0	0.001	0.0	0.0	0.0	0.0	0.0	0.0	0.0	0.0	0.0	0.0	0.0
s__Selenomonas_infelix	0	0.0	0.0	0.0	0.0	0.0	0.0	0.0	0.0	0.0	0.0	0.0	0.0	0.0	0.0	0.0	0.0	0.0	0.0	0.0	0.0	0.00098	0.0	0.0	0.0	0.0	0.01056	0.0	0.0	0.0	0.0	0.0	0.0
s__Lactobacillus_reuteri	0	0.0	0.0	0.0	0.0	0.0	0.0	0.0	0.0	0.0	0.0	0.0	0.0	0.0	0.0	0.0	0.0	0.0	0.0	0.0	0.0	0.0	0.05756	0.0	0.0	0.0	0.0	0.0	0.0	0.0	0.0	0.0	0.0
s__Peptoniphilus_lacrimalis	0	0.0	0.0	0.0	0.0	0.0	0.0	0.0	0.0	0.0	0.0	0.0	0.0	0.0	0.0	0.0	0.0	0.0	0.0	0.0	0.0	0.0	0.0	0.0	0.06752	0.0	2.24923	0.0	0.0	0.0	0.0	0.0	0.0
s__Eubacterium_yurii	0	0.0	0.0	0.0	0.0	0.0	0.0	0.0	0.0	0.0	0.0	0.0	0.0	0.0	0.0	0.0	0.0	0.0	0.0	0.0	0.0	0.0	0.0	0.0	0.05036	0.0	0.0	0.0	0.0	0.0	0.0	0.0	0.0
s__Actinomyces_meyeri	0	0.0	0.0	0.0	0.0	0.0	0.0	0.0	0.0	0.0	0.0	0.0	0.0	0.0	0.0	0.0	0.0	0.0	0.0	0.0	0.0	0.0	0.0	0.0	0.02815	0.0	0.0	0.0	0.0	0.0	0.0	0.0	0.0
s__Lactobacillus_gasseri	0	0.0	0.0	0.0	0.0	0.0	0.0	0.0	0.0	0.0	0.0	0.0	0.0	0.0	0.0	0.0	0.0	0.0	0.0	0.0	0.0	0.0	0.0	0.0	0.0207	0.0	0.0	0.0	0.0	0.0	0.0	0.0	0.0
s__Prevotella_enoeca	0	0.0	0.0	0.0	0.0	0.0	0.0	0.0	0.0	0.0	0.0	0.0	0.0	0.0	0.0	0.0	0.0	0.0	0.0	0.0	0.0	0.0	0.0	0.0	0.00951	0.0	0.0	0.0	0.0	0.0	0.00678	0.0	0.24754
s__Corynebacterium_argentoratense	0	0.0	0.0	0.0	0.0	0.0	0.0	0.0	0.0	0.0	0.0	0.0	0.0	0.0	0.0	0.0	0.0	0.0	0.0	0.0	0.0	0.0	0.0	0.0	0.0	0.04018	0.0	0.0	0.0	0.0	0.0	0.0	0.0
s__Porphyromonas_uenonis	0	0.0	0.0	0.0	0.0	0.0	0.0	0.0	0.0	0.0	0.0	0.0	0.0	0.0	0.0	0.0	0.0	0.0	0.0	0.0	0.0	0.0	0.0	0.0	0.0	0.0	0.3332	0.0	0.0	0.0	0.0	0.0	0.0
s__Jonquetella_anthropi	0	0.0	0.0	0.0	0.0	0.0	0.0	0.0	0.0	0.0	0.0	0.0	0.0	0.0	0.0	0.0	0.0	0.0	0.0	0.0	0.0	0.0	0.0	0.0	0.0	0.0	0.22029	0.0	0.0	0.0	0.0	0.0	0.0
s__Capnocytophaga_sp_oral_taxon_863	0	0.0	0.0	0.0	0.0	0.0	0.0	0.0	0.0	0.0	0.0	0.0	0.0	0.0	0.0	0.0	0.0	0.0	0.0	0.0	0.0	0.0	0.0	0.0	0.0	0.0	0.0	0.00193	0.0	0.0	0.0	0.0	0.0
s__Parvimonas_sp_KA00067	0	0.0	0.0	0.0	0.0	0.0	0.0	0.0	0.0	0.0	0.0	0.0	0.0	0.0	0.0	0.0	0.0	0.0	0.0	0.0	0.0	0.0	0.0	0.0	0.0	0.0	0.0	0.0	0.08164	0.0	0.0	0.0	0.0
s__Prevotella_marshii	0	0.0	0.0	0.0	0.0	0.0	0.0	0.0	0.0	0.0	0.0	0.0	0.0	0.0	0.0	0.0	0.0	0.0	0.0	0.0	0.0	0.0	0.0	0.0	0.0	0.0	0.0	0.0	0.0	0.0	0.01505	0.0	0.11519
s__Selenomonas_sp_oral_taxon_138	0	0.0	0.0	0.0	0.0	0.0	0.0	0.0	0.0	0.0	0.0	0.0	0.0	0.0	0.0	0.0	0.0	0.0	0.0	0.0	0.0	0.0	0.0	0.0	0.0	0.0	0.0	0.0	0.0	0.0	0.00265	0.0	0.0
s__Selenomonas_sp_oral_taxon_920	0	0.0	0.0	0.0	0.0	0.0	0.0	0.0	0.0	0.0	0.0	0.0	0.0	0.0	0.0	0.0	0.0	0.0	0.0	0.0	0.0	0.0	0.0	0.0	0.0	0.0	0.0	0.0	0.0	0.0	0.00238	0.0	0.0
s__Selenomonas_sp_FOBRC6	0	0.0	0.0	0.0	0.0	0.0	0.0	0.0	0.0	0.0	0.0	0.0	0.0	0.0	0.0	0.0	0.0	0.0	0.0	0.0	0.0	0.0	0.0	0.0	0.0	0.0	0.0	0.0	0.0	0.0	0.00216	0.0	0.0
s__Fusobacterium_necrophorum	0	0.0	0.0	0.0	0.0	0.0	0.0	0.0	0.0	0.0	0.0	0.0	0.0	0.0	0.0	0.0	0.0	0.0	0.0	0.0	0.0	0.0	0.0	0.0	0.0	0.0	0.0	0.0	0.0	0.0	0.0	0.0	0.48397
s__Klebsiella_pneumoniae	0	0.0	0.0	0.0	0.0	0.0	0.0	0.0	0.0	0.0	0.0	0.0	0.0	0.0	0.0	0.0	0.0	0.0	0.0	0.0	0.0	0.0	0.0	0.0	0.0	0.0	0.0	0.0	0.0	0.0	0.0	0.0	0.16995
