clade_name	NCBI_tax_id	SAM_01	SAM_02	SAM_03	SAM_04	SAM_05	SAM_06	SAM_07	SAM_08	SAM_10	SAM_11	SAM_12	SAM_13	SAM_14	SAM_15	SAM_16	SAM_17	SAM_18	SAM_19	SAM_20	SAM_21	SAM_22	SAM_23	SAM_24	SAM_25	SAM_26	SAM_27	SAM_28	SAM_29	SAM_30	SAM_31	SAM_32	SAM_33	SAM_34	SAM_35	SAM_36	SAM_37	SAM_38	SAM_39	SAM_40
s__Bacteroides_vulgatus	0	26.39013	12.3897	0.00569	10.09019	40.68675	0.00708	25.52688	16.37147	0.01144	13.09171	0.00105	37.17969	0.00294	16.14952	2.2371	6.69415	21.708	32.12017	2.16994	23.98671	21.44447	17.13245	6.07094	4.62215	20.43463	32.28041	8.95367	7.03517	0.4834	22.22395	16.04315	34.01647	12.1703	3.7271	3.79984	0.00938	7.79511	0.00787	21.25225
s__Alistipes_putredinis	0	12.50618	5.5096	5.75712	11.4199	0.0	0.36326	0.0	0.26914	9.2034	14.73356	0.0	0.0	0.0	0.0	2.59255	3.51858	3.34516	1.88911	0.0	6.65065	11.25451	0.0	10.80209	0.0	0.0	0.0	4.96457	4.42543	3.9405	5.37592	0.0	0.0	3.71207	11.0296	0.00154	0.0	0.0	12.97537	1.01766
s__Bacteroides_uniformis	0	9.1567	7.97549	22.76769	5.67444	0.00235	0.00671	11.23054	21.27911	21.41527	17.2999	0.0	13.24096	15.79439	36.25724	4.52861	3.5928	17.76479	1.39502	3.15189	0.00146	26.20519	27.40816	3.91045	45.73899	12.71831	0.00569	3.84029	11.16095	1.65123	29.8011	19.90821	13.62357	11.46474	3.65034	29.0374	0.01162	31.88486	19.95572	6.31978
s__Escherichia_coli	0	6.97618	2.7727	0.07173	0.08853	3.89643	0.00768	0.0	0.45963	0.0048	1.73094	4.92344	15.52462	0.44604	0.00507	0.33551	0.0	0.0	1.0973	3.96222	0.12872	0.0	3.41595	0.0	0.0	0.00138	0.48677	7.25464	5.40077	0.2145	0.0	0.03796	1.11456	0.0	0.09099	5.79984	3.2179	0.16874	0.0	1.12519
s__Alistipes_finegoldii	0	4.37601	0.06936	0.14538	27.16237	0.56886	0.85684	0.0	22.81533	1.13808	0.62069	0.0	1.48344	1.4185	3.30463	34.54341	0.0	0.2203	0.43241	0.7589	1.47925	0.81212	0.0	3.56265	0.14691	0.59729	0.0	0.50871	4.00656	0.06806	0.05245	0.10255	1.15282	0.72078	3.68006	0.23021	0.0	0.01309	3.72901	0.07359
s__Bacteroides_caccae	0	3.59632	0.0	0.93323	6.44622	0.0	3.97955	5.74302	0.0	0.59689	0.0	0.0	0.00012	0.0	4.64485	0.0	2.90995	3.24394	0.0	3.74436	0.0	0.0	0.0	0.0	0.0	0.0	0.0	0.81629	2.23376	0.0	0.21477	7.23085	4.79234	0.38746	0.0	8.64823	0.0	0.0	3.96973	4.07719
s__Bacteroides_ovatus	0	2.64079	0.74033	8.76673	0.3422	4.02846	0.00179	7.05211	2.07066	3.43751	0.0	0.0	22.7819	2.01968	0.00365	0.28115	0.99656	12.69692	0.07324	1.73838	0.13125	0.01891	0.00451	0.24665	5.39491	0.0	11.30691	23.30588	18.56933	7.99193	0.63994	0.00098	1.76368	2.33514	0.77578	0.54038	0.00591	4.33712	0.45779	0.65856
s__Bacteroides_thetaiotaomicron	0	2.45163	0.1852	1.45361	1.01103	0.0	22.5137	0.0	0.0	3.55866	0.0	33.09846	0.0	9.23895	0.5895	0.75138	0.27273	0.0	0.63582	0.0	1.18228	4.82792	0.0	0.4469	0.0	0.0	0.0	0.16465	0.13427	1.66741	0.1141	0.0	0.0	0.05914	0.0	0.0	10.27105	1.04746	1.29611	4.83833
s__Parabacteroides_merdae	0	2.25049	2.44596	2.07126	0.54758	0.0	0.00086	2.71034	0.0	0.00084	0.0	0.0	0.0	2.04204	0.0	1.88468	2.30452	3.53282	3.15742	0.76122	0.0	0.0	0.0	2.41884	1.73677	2.45869	10.33252	1.40831	2.17004	0.0	5.19398	0.66606	0.0	1.12379	3.37813	13.37935	2.60101	2.01919	4.61852	5.59401
s__Streptococcus_parasanguinis	0	2.22865	0.62059	0.02091	0.86859	0.01848	0.0	0.0	0.08383	0.0007	0.03761	0.03439	0.0	0.11011	0.02327	2.0371	0.00762	0.0	0.00603	0.46154	0.00646	0.00458	0.0	0.00329	0.00917	0.0	0.02584	0.00187	0.01173	1.69552	0.0	0.0448	0.07518	0.00114	0.03278	0.013	0.00291	0.0	0.01429	0.00071
s__Parabacteroides_distasonis	0	2.13293	1.84872	1.66172	1.47588	5.53271	0.0	0.0	4.59897	3.58158	2.74009	0.0	0.00047	5.31924	0.00038	2.032	0.5665	3.35793	0.38253	0.71696	9.89119	8.0494	7.42781	1.12031	1.12239	1.35834	0.0	0.48353	0.4363	5.82223	1.74414	0.0	2.52095	4.7663	2.15906	0.0	12.91505	1.91508	2.19008	7.30482
s__Oscillibacter_sp_57_20	0	2.0589	0.94991	0.0	0.19746	0.0	0.0	0.0	0.00043	0.0	0.0	0.0	0.0	1.19591	0.0	0.0	0.0	0.0	0.01504	0.0	0.0	0.70628	0.0	0.49889	0.0	0.0	0.0	1.31149	1.04544	0.0	0.00815	0.40393	0.0	0.0	0.0	0.0	0.0	0.71094	0.0	0.3309
s__Bacteroides_salyersiae	0	2.01651	4.82877	0.0	0.0	0.0	0.0	0.0	0.0	0.0	0.0	0.0	0.0	0.0	0.0	0.18203	0.0	0.36407	0.0	0.0	0.0	2.47222	0.0	0.0	0.0	1.8563	0.0	0.03093	0.02502	0.0	0.0	0.0	0.0	0.0	0.0	0.0	0.0	0.0	0.0	0.0
s__Roseburia_inulinivorans	0	1.90977	0.00835	0.20303	0.22474	1.1207	0.0	0.0	1.06079	0.01758	0.53698	2.45327	0.45107	1.44472	0.07682	0.02059	0.28951	0.0	0.08771	0.02304	0.00591	0.0	0.0	0.07576	0.0	1.02357	0.0	0.36293	0.27953	0.0	0.0	0.80591	0.0	0.16867	0.0	0.12153	3.38197	0.07632	0.22164	0.61507
s__Faecalibacterium_prausnitzii	0	1.74285	5.9864	0.53972	0.72889	3.42572	0.0	1.06801	1.14301	1.98731	0.21082	0.0	0.00355	2.65211	4.61455	1.61934	3.44321	0.93776	4.13036	0.0	1.89081	1.81881	0.44618	6.31144	0.06602	3.04687	0.0	6.64216	5.26269	3.73287	3.34062	0.79566	1.4139	2.77373	0.23626	1.24977	1.18537	3.78791	1.11234	1.81701
s__Odoribacter_splanchnicus	0	1.67315	1.62339	0.14996	0.7395	0.0	0.0	0.0	0.0	0.976	0.74363	0.0	0.0	2.15876	0.0	0.73332	0.84477	0.0	0.76644	0.0	1.83802	0.0	0.0	0.46932	1.20838	1.00077	0.0	1.19958	1.09891	0.0	1.03894	0.34332	0.80989	1.35918	0.53239	0.57237	0.00146	1.44065	0.61576	1.20468
s__Dorea_sp_CAG_317	0	1.15279	0.27259	0.00104	0.03296	0.0	0.0	0.0	0.0	0.0	1.98016	0.55231	0.08873	0.38818	0.0	0.0	0.0004	0.02744	0.0	0.18681	0.02139	0.05001	0.12952	0.0	0.94865	0.0	1.56974	0.0149	0.15871	0.55928	0.03988	1.66647	0.02122	0.00291	1.57563	0.00545	0.01537	0.00517	0.56253	0.00422
s__Akkermansia_muciniphila	0	1.04903	2.87201	4.56826	1.53981	0.0	3.43288	0.0	0.43113	0.0026	0.0	0.0	0.17828	0.0	0.00316	3.54083	0.22216	0.00041	0.0001	0.0	7.84766	0.0	12.96238	2.57861	0.77984	0.0	0.0	0.0	0.00195	0.74086	0.04414	0.0022	0.0	2.18906	27.17582	1.4774	0.0	0.0	8.05075	0.00019
s__Roseburia_faecis	0	0.96152	2.02804	0.0	0.0215	4.60029	0.0	0.0	1.94522	0.35949	0.14951	0.0	0.0	0.00843	0.0	0.7808	0.90885	0.0	0.07908	0.15392	2.08041	0.01438	0.16749	1.21712	0.0	6.13004	0.0	4.5362	3.41426	0.01132	0.0	0.02413	4.62329	0.0	0.28754	0.0	0.21341	0.0	0.01214	0.23841
s__Lachnospiraceae_bacterium_2_1_46FAA	0	0.74366	0.0	0.0	0.09349	0.0	0.0	0.0	0.0	0.0	0.0	0.0	0.0	0.0	0.0	0.0	0.0	0.0	0.0	0.0	0.0	0.0	0.0	0.0	0.0	0.0	0.0	0.0	0.0	0.0	0.0	0.0	0.0	0.0	0.0	0.0	0.0	0.0	0.0	0.0
s__Collinsella_aerofaciens	0	0.717	0.33818	0.0024	0.01745	0.0	0.00051	0.0	0.1685	0.0487	0.0	0.0	0.0	0.29826	0.0	2.78856	0.47709	0.09477	0.12599	16.94428	1.04679	0.0	3.61058	0.0	0.95444	0.72364	0.0	1.22534	1.02963	0.02791	0.0	3.27841	0.0	0.37218	1.16948	0.82744	0.0	0.11736	3.68384	1.07087
s__Phascolarctobacterium_faecium	0	0.63489	0.1017	0.0	0.18559	0.05733	0.17542	0.0517	0.0	0.0	0.0	0.0	0.0	0.1405	0.0	0.20024	0.0	0.92692	0.0	0.0	0.00478	1.1243	0.0	0.21797	0.6216	0.0	0.0	0.00204	0.00931	2.21094	0.0	0.45515	0.0	0.47625	0.0	0.89834	0.0	0.67304	1.08914	0.0
s__Bacteroides_fragilis	0	0.57585	0.98646	0.0	0.0	0.0	0.0	0.0	0.0	0.09944	0.14986	0.0	0.0	1.19418	0.0	0.0	0.08229	0.0	0.0	0.0	0.53878	0.0	1.85886	0.31888	0.0	0.0	5.58683	0.01616	0.00677	5.55106	0.0	0.75827	0.0	0.0	2.41881	6e-05	0.0	0.0	0.69737	15.73278
s__Streptococcus_salivarius	0	0.52189	2.7951	0.06438	0.77889	0.0	0.0	0.00187	0.15605	0.00208	0.09765	0.05543	0.00092	0.18033	0.02883	7.18076	0.00627	0.0	0.03786	0.0766	0.01251	0.01585	0.00697	0.00836	0.02026	0.01407	0.01956	0.0085	0.02988	9.07382	0.00154	0.00751	0.03992	0.01062	0.06098	0.10724	0.0	0.00333	0.09983	0.00092
s__Clostridium_sp_CAG_58	0	0.51437	0.04759	0.166	0.02111	0.03465	0.39524	0.0	0.0	0.04596	0.11243	0.0	0.03704	0.34434	0.12731	0.0	0.01434	0.115	0.09821	0.0	0.0346	0.0	0.3992	0.01479	0.00698	0.04685	0.0	0.07932	0.06582	0.34107	0.11506	0.0371	0.0	0.04899	0.06385	0.50711	0.0	0.01096	0.15765	0.00369
s__Streptococcus_anginosus_group	0	0.50962	0.0	0.0	0.0159	0.0	0.0	0.0	0.00113	0.0	0.00919	0.0	0.0	0.0	0.0	0.0	0.0	0.0	0.0	0.16132	0.00025	0.0	0.0	0.0	0.0	0.0	0.0	0.00103	0.0	0.09672	0.0	0.00283	0.0	0.0	0.0	0.0	0.0	0.0	0.0	0.0
s__Coprococcus_comes	0	0.4564	0.44902	2.62122	0.08253	0.20851	0.05136	0.0	0.0	0.09789	0.10693	0.0	0.0	0.0	0.0	0.0	0.2928	0.0	0.30672	0.26481	1.59541	0.89839	0.0	0.12202	0.0	0.0	0.0	0.10014	0.07564	0.0	0.06559	1.56896	0.0	0.06329	0.0	0.0	0.0	0.394	0.0	1.29822
s__Streptococcus_gordonii	0	0.45135	0.0384	0.0	0.0	0.0	0.0	0.0	0.0	0.0	0.05747	0.0	0.0	0.0	0.0	0.01755	0.0	0.0	0.0	0.08167	0.0	0.0	0.0	0.0	0.0	0.0	0.00959	0.0	0.0	0.02472	0.0	0.00517	0.0	0.0	0.0	0.00069	0.0	0.0	0.0	0.0
s__Eubacterium_siraeum	0	0.38878	6.01598	0.0	0.10987	0.0	0.0	0.0	0.0	0.0	0.0	0.0	0.08108	0.0336	1.77912	0.0	0.29299	0.0	0.64178	0.0	0.0	0.0	0.0	0.04414	3.47973	0.0	0.0	5.11726	3.88486	0.08282	2.19582	0.15059	6.82672	0.0	0.06123	0.0	0.0	1.36486	0.0	0.0
s__Fusicatenibacter_saccharivorans	0	0.33739	0.40844	0.0	0.23684	1.57713	0.0	0.0	0.0	0.26767	0.0	0.0	0.27098	0.83817	0.0	0.07841	0.60801	0.0	0.47022	3.24628	0.55278	0.70123	0.1818	0.58093	0.0	0.9931	0.0	0.55998	0.45927	0.01114	0.00288	1.05702	0.0	0.00773	0.39848	0.0	0.10342	1.13552	0.58648	0.4192
s__Flavonifractor_plautii	0	0.28826	0.01283	1.96814	0.14822	0.06016	1.58842	0.0857	0.49234	0.00454	1.09538	0.58584	0.23623	0.29624	0.27635	0.03275	0.07391	1.83325	0.01865	0.23605	0.19692	0.30647	0.60031	0.01887	0.70571	0.21711	0.5477	0.0133	0.02094	0.40898	2.04328	0.21283	0.26636	0.01859	0.04298	1.33587	1.48607	0.0345	0.20436	0.02045
s__Clostridium_spiroforme	0	0.28485	0.0	0.29425	0.14723	0.01897	0.0	0.01803	0.04612	0.0	0.0	0.04496	0.01312	0.01068	0.18074	0.0	0.00138	0.0	0.03554	0.32474	0.0041	0.0	0.05305	0.02813	0.01112	0.001	0.00191	0.0175	0.00908	0.00992	0.09235	0.0	0.0	0.00958	0.16991	0.10787	0.03141	0.01168	0.0	0.0
s__Butyricimonas_synergistica	0	0.27998	0.0	0.0	0.0	0.0	0.0949	0.0	0.0	0.04058	0.0	0.0	0.0	0.0	0.0	0.03031	0.30761	0.00042	0.0	0.0	0.0	0.0	0.0	0.0	0.0	0.0	0.0	0.05428	0.03855	0.01779	0.08066	0.0	0.0	0.0	0.02344	0.0	0.0	1.79244	0.11036	0.0
s__Veillonella_parvula	0	0.26544	0.04387	0.0	0.00368	0.0	0.0	0.0	0.0	0.0	0.0	0.03622	0.15366	0.00553	0.00574	0.0	0.0	0.0	0.00122	0.00556	0.0	0.0	0.0	0.0	0.0	0.0149	3.73622	0.32785	0.25327	0.0	0.0	0.0	0.00803	0.0	0.0	0.0	0.00043	0.0	0.0	0.01158
s__Streptococcus_oralis	0	0.26336	0.00279	0.0	0.05693	0.0	0.0	0.0	0.00063	0.0	0.00041	0.0	0.0	0.0	0.0	0.00259	0.0	0.0	0.0	0.0007	0.0	0.0	0.0	0.0	0.0	0.0	0.0	0.0	0.0	0.00621	0.0	0.0	0.0	0.0	0.0	0.00649	0.0	0.0	0.0	0.0
s__Dorea_formicigenerans	0	0.25502	0.20081	0.28832	0.16158	0.36459	0.0	0.0	0.0	0.03985	0.0	0.0	0.09724	0.0	0.0	0.0	0.06276	0.0	0.09914	0.99478	0.0	0.28391	0.25802	0.15174	0.0	0.13683	0.0	0.22333	0.16521	0.0	0.0	2.04436	0.30371	0.16927	0.07346	0.1516	0.0	0.10476	0.20889	0.22711
s__Eggerthella_lenta	0	0.25103	0.0	0.17193	0.08741	0.37424	0.0	0.0	0.00206	0.02384	1.49091	0.0	0.05222	0.07288	0.10485	0.13518	0.00133	0.00282	0.0	0.47085	0.07696	0.05348	0.09557	0.00202	0.29662	0.1628	0.30934	0.0	0.00131	0.08489	0.00155	1.07536	0.48018	0.02316	0.17389	0.11006	0.05937	0.03863	0.03397	0.012
s__Streptococcus_mitis	0	0.24859	0.0	0.00488	0.03164	0.0	0.0	0.0	0.00024	0.0	0.0	0.0	0.0	0.00526	0.0	0.00686	0.0	0.00303	0.0	0.00299	0.00629	0.00024	0.0	0.00203	0.0	0.00241	0.01209	0.0	0.0	0.0102	0.0	0.00675	0.0	0.0	0.01276	0.09209	0.00064	0.0	0.0	0.0
s__Clostridium_perfringens	0	0.24251	0.0	0.0	0.00458	0.0	0.0	0.0	0.0	0.0	0.0	0.0	0.0	0.0	0.0	0.0	0.0	0.0	0.0	0.0	0.0	0.0	0.01796	0.0	0.0	0.0	0.0	0.10348	0.06689	0.0	0.0	0.0	0.0	0.0	0.0	0.0	0.0	0.0	0.0	0.00296
s__Eubacterium_sp_CAG_38	0	0.23806	0.5369	0.0	0.23221	0.0	0.0	0.0	0.0	0.0	0.00075	0.0	0.0	0.09163	0.0	0.07983	0.06386	0.1868	0.05189	0.0	0.0	0.88017	0.00084	0.02342	0.0	0.0	0.0	0.1033	0.07898	0.0	0.0	0.00146	0.23566	0.3342	0.14928	0.0	0.04642	0.0	0.0	1.01314
s__Dorea_longicatena	0	0.22814	0.0	3.60255	0.35177	1.70646	0.01137	0.0	0.0	0.09415	0.0	0.0	0.00191	0.0	1.25704	0.0	0.61937	0.0	0.52486	0.0	3.38564	0.06402	0.42458	0.17621	0.0	1.04891	0.0	1.36507	0.9806	0.0	0.0	0.0	0.0	0.37597	0.0	0.23102	0.1105	0.63442	0.0	0.65744
s__Ruthenibacterium_lactatiformans	0	0.21696	0.02644	1.6663	0.05088	0.01942	0.20475	0.09631	0.00381	0.08733	3.70305	0.0	0.56076	0.12348	0.11379	1.02539	0.15172	0.12742	0.21184	0.3325	0.30235	0.25445	0.6419	0.04911	5.31534	0.04333	7.14857	0.0648	0.14492	3.70489	0.08525	2.39918	0.16798	0.07667	1.1214	1.04461	0.06126	0.09696	0.21777	0.11135
s__Bilophila_wadsworthia	0	0.19555	0.00392	0.13706	0.01898	0.0	0.0	0.0	0.18275	0.02347	0.0	0.12249	0.0	0.0819	0.10031	0.10182	0.0	0.0	0.007	0.0	0.15127	0.0	0.24829	0.00318	0.0	0.06778	0.0	0.02783	0.03813	2.02076	0.11764	0.10283	0.0	0.1222	0.03458	0.39468	0.0	0.0	0.25249	0.06847
s__Streptococcus_infantis	0	0.19184	0.0	0.0	0.0	0.0	0.0	0.0	0.00111	0.0	0.0	0.0	0.0	0.0	0.0	0.03181	0.0	0.0	0.0	0.0	0.0	0.0	0.0	0.0	0.0	0.0	0.00215	0.0	0.0	0.0028	0.0	0.0	0.00388	0.0	0.0	0.00506	0.0	0.0	0.0	0.0
s__Actinomyces_odontolyticus	0	0.1734	0.01124	0.00165	0.00127	0.0	0.0	0.0	0.00161	0.0	0.00077	0.0	0.0	0.0	0.0	0.01308	0.0	0.0	0.0	0.00682	0.0	0.0	0.0	0.0	0.0	0.001	0.00582	0.0	0.0	0.0	0.0	0.01792	0.0	0.0	0.0	0.00299	0.0	0.0	0.0	0.0
s__Eubacterium_eligens	0	0.14433	4.29533	0.07204	0.34776	0.8222	0.0	0.0	0.0	2.05913	0.07261	0.0	0.0	2.16475	1.94241	0.00374	0.0	0.0	2.01645	0.0	0.0	0.28914	0.0	0.82828	0.0	0.0	0.0	0.65067	0.54874	0.11536	0.19458	0.37978	4.80601	0.0	0.0	0.22733	0.20297	4.79144	0.19123	1.41246
s__Blautia_obeum	0	0.13805	0.09819	0.40521	1.02303	0.08495	0.0	0.0	0.04752	0.04788	0.19373	0.0	0.07658	0.39041	0.0	0.0	0.12988	0.01096	0.82877	0.0	0.1317	0.91902	0.02097	0.69302	0.0	0.15314	0.0	0.29079	0.21263	0.08479	0.0	0.90089	0.0	0.27521	0.11102	0.57726	0.02662	0.18615	0.21974	0.06032
s__Asaccharobacter_celatus	0	0.13446	0.01838	0.04981	0.09942	0.411	0.0	0.0	0.04161	0.01734	0.60704	0.0	0.0	0.06016	0.0	0.02535	0.00742	0.00483	0.02327	0.0	0.01979	0.18426	0.0	0.02913	0.02637	0.15485	0.0	0.04476	0.03294	2.31015	0.0385	0.06493	0.0	0.02106	0.06145	0.03524	0.0	0.02895	0.08548	0.01256
s__Rothia_mucilaginosa	0	0.12682	0.00409	0.0	0.0	0.0	0.0	0.0	0.0	0.0	0.0	0.0	0.0	0.0	0.0	0.0	0.0	0.0	0.0	0.0	0.0	0.0	0.0	0.0	0.0	0.0	0.0	0.0	0.0	0.01077	0.0	0.0	0.00198	0.0	0.00278	0.0	0.0	0.0	0.0	0.0
s__Clostridium_sp_CAG_299	0	0.12493	0.0	0.35191	0.0	0.0	0.0	0.0	0.0	0.0	0.0	0.0	0.0	0.0	0.0	0.0	0.00521	0.0	0.0	0.0	0.08219	0.05307	0.0	0.0	0.0	0.12014	0.0	0.0	0.00404	2.6743	0.0	0.0	0.0	0.0	0.0	0.0	0.0	0.0	0.01717	0.0
s__Roseburia_sp_CAG_471	0	0.12468	0.00613	0.0	0.0	0.00043	0.0	0.00011	0.0	0.0	0.0	0.0	0.0	0.0	0.00074	0.0	5e-05	0.0	0.0	0.0	0.0	0.00127	0.0	0.00022	0.0	0.0	0.0	0.01467	0.00872	0.00117	0.0	0.004	0.0	0.0	0.0	0.0	0.0	0.00044	0.0	0.0
s__Anaerotruncus_colihominis	0	0.12088	0.00079	0.06511	0.08133	0.00436	0.29805	0.0	0.0	0.0186	0.09734	0.0	0.04409	0.05149	0.04958	0.23431	0.0029	0.04307	0.02076	0.0	0.00593	0.36342	0.04314	0.02597	0.27437	0.00326	0.09746	0.00244	0.00319	0.1045	0.0	0.02902	0.0	0.00196	0.02952	1.38289	0.23368	0.0	0.09744	0.0
s__Streptococcus_cristatus	0	0.11349	0.0	0.0	0.0	0.0	0.0	0.0	0.0	0.0	0.0	0.0	0.0	0.0	0.0	0.0	0.0	0.0	0.0	0.01223	0.0	0.0	0.0	0.0	0.0	0.0	0.0	0.0	0.0	0.00396	0.0	0.0	0.0	0.0	0.0	0.0	0.0	0.0	0.0	0.0
s__Adlercreutzia_equolifaciens	0	0.10911	0.0245	0.03548	0.11137	0.14576	0.0	0.0	0.0564	0.00701	1.11343	0.0	0.0	0.12037	0.0	0.03231	0.00232	0.00104	0.01107	0.0	0.02158	0.11662	0.0	0.06987	0.02222	0.18506	0.0	0.03549	0.02342	0.84936	0.03711	0.07456	0.0	0.00726	0.12848	0.01231	0.0	0.01861	0.02316	0.01505
s__Gemella_sanguinis	0	0.10628	0.00213	0.00686	0.0	0.0	0.0	0.0	0.00245	0.0	0.0	0.0	0.0	0.00455	0.00105	0.00221	0.0	0.0	0.0	0.00649	0.00144	0.0	0.0	0.0	0.0	0.0	0.0	0.0	0.0	0.00164	0.0	0.01979	0.0	0.0	0.00213	0.00094	0.0	0.0	0.0	0.0
s__Eubacterium_hallii	0	0.09751	0.93866	0.0	0.63567	0.18837	0.0	0.0	0.0	0.0963	4.19056	0.0	0.0	0.18734	0.0	0.43107	0.85456	0.0	0.14369	0.16856	1.36708	1.22307	0.89222	0.20843	0.0	0.44258	0.0	0.57798	0.43011	0.0	0.0	6.987	0.22438	0.19142	1.69146	0.32381	0.01092	0.08044	2.87078	0.04979
s__Bifidobacterium_dentium	0	0.08045	0.0	0.0	0.05042	0.0	0.0	0.0	0.0	0.0	0.00113	0.0	0.0	0.0	0.02531	0.0	0.01009	0.0	0.0	0.43878	0.0	0.0	0.0	0.0	0.0	0.0	0.0	0.0	0.0	0.20375	0.0	0.0	0.0	0.0	0.0	0.0	0.0	0.0	0.0	0.00175
s__Roseburia_hominis	0	0.07909	0.47379	0.02086	1.05963	0.01842	0.0	0.0	0.49765	0.19364	0.25075	0.07285	0.05128	0.00998	0.0	0.10329	1.31812	0.20817	0.09373	0.0	0.95907	0.07165	0.00384	0.18456	0.0	0.12777	0.0	0.05549	0.11288	0.0	0.0	1.40239	0.0	0.32843	0.0	0.0	0.15115	0.50798	1.31023	0.02321
s__Actinomyces_sp_oral_taxon_181	0	0.07353	0.0	0.0	0.0	0.0	0.0	0.0	0.0	0.0	0.0	0.0	0.0	0.0	0.0	0.0	0.0	0.0	0.0	0.00685	0.0	0.0	0.0	0.0	0.0	0.0	0.0	0.0	0.0	0.0	0.0	0.0	0.0	0.0	0.0	0.00205	0.0	0.0	0.0	0.0
s__Scardovia_wiggsiae	0	0.07111	0.0	0.0	0.0	0.0	0.0	0.0	0.0	0.0	0.0	0.0	0.0	0.0	0.0	0.0	0.0	0.0	0.0	0.0347	0.0	0.0	0.0	0.0	0.0	0.0	0.0	0.0	0.0	0.00712	0.0	0.0	0.0	0.0	0.0	0.0	0.0	0.0	0.0	0.0
s__Eisenbergiella_massiliensis	0	0.06316	0.0	0.03981	0.05863	0.0	1.80331	0.0	0.0	0.00261	0.75444	0.0	0.08152	0.00187	0.08321	0.0	0.0	0.06098	0.00278	0.0	0.00405	0.00584	0.01843	0.0	0.22476	0.0	0.20583	0.00046	0.01852	0.79803	0.0377	0.10013	0.0	0.0	0.05926	0.0707	0.00472	0.00823	0.04893	9e-05
s__Streptococcus_thermophilus	0	0.06163	0.11844	0.04723	0.0	0.00974	0.03323	0.04481	0.18111	0.00846	2.22847	0.00102	0.05424	0.01976	0.07568	0.39358	0.0	0.00723	0.00757	0.12671	0.0	0.18461	0.00607	0.0097	2.162	0.90057	0.03468	0.11458	0.05809	0.01558	0.37357	0.62108	0.0	0.00382	0.01357	2.16139	0.0	0.00072	0.01046	0.0
s__Mogibacterium_diversum	0	0.06129	0.0	0.0	0.0	0.0	0.0	0.0	0.0	0.0	0.0	0.0	0.0	0.0	0.0	0.01287	0.0	0.0	0.0	0.0	0.0	0.0	0.0	0.0	0.0	0.0	0.0	0.0	0.0	0.01739	0.0	0.00364	0.0	0.0	0.0	0.00173	0.0	0.0	0.0	0.0
s__Gordonibacter_pamelaeae	0	0.06115	0.0	0.06945	0.04211	0.05286	0.1919	0.0	0.0	0.00988	0.20412	0.0	0.01772	0.0459	0.01216	0.14034	0.00556	0.0	0.01863	0.21886	0.09323	0.00728	0.03135	0.01043	0.20209	0.03983	0.04725	0.0	0.00133	0.0358	0.00144	0.29524	0.04452	0.01222	0.02963	0.07546	0.00374	0.00637	0.04475	0.00514
s__Ruminococcus_gnavus	0	0.055	0.01813	0.10383	0.13935	0.01738	1.27018	0.15689	0.01247	0.00402	0.0	1.71424	0.36284	0.01281	0.11079	0.0	0.01345	0.04501	0.0065	0.3505	0.30766	0.10087	0.00509	0.00531	0.17381	0.11108	11.62502	0.01755	0.01813	2.51954	0.17006	0.21614	0.84225	0.00825	0.0	0.0624	0.04851	0.00911	0.0	0.49105
s__Actinomyces_sp_S6_Spd3	0	0.0524	0.0	0.0	0.0	0.0	0.0	0.0	0.0	0.0	0.0	0.0	0.0	0.0	0.0	0.0	0.0	0.0	0.0	0.0	0.0	0.0	0.0	0.0	0.0	0.0	0.0	0.0	0.0	0.0	0.0	0.00595	0.0	0.0	0.0	0.01283	0.0	0.0	0.0	0.0
s__Streptococcus_vestibularis	0	0.04999	0.08337	0.00605	0.03862	0.0	0.0	0.0	0.0	0.0	0.08223	0.0	0.0	0.01052	0.0	0.24885	0.0	0.0	0.0	0.00651	0.0	0.0	0.0	0.0	0.0	0.0	0.0	0.0	0.002	1.03735	0.0	0.0	0.0	0.0	0.03697	0.00076	0.0	0.0	0.0	0.0
s__Haemophilus_parainfluenzae	0	0.04951	0.19084	0.0	0.0	0.0	0.0	0.0	0.0	0.0009	0.0	0.00152	0.0	0.01159	0.00276	0.0	0.0	0.0	0.0	0.0	0.0	0.0	0.0	0.0	0.0	0.05414	0.1136	0.03208	0.02415	0.0	0.0	0.0	0.04208	0.00174	0.0	0.00294	0.0	0.0	0.0	0.03349
s__Erysipelatoclostridium_ramosum	0	0.04601	0.0	0.00259	0.03425	0.00344	1.18543	0.0011	0.16437	0.0	0.00369	0.03876	0.04079	0.0	0.37237	0.02087	0.0	0.09174	0.0	1.16496	0.01685	0.0	0.00172	0.0	0.65538	0.0	1.03902	0.01836	0.01614	0.36679	0.0	0.0	0.13631	0.00074	0.01055	0.0	0.19563	0.0	0.10542	0.44662
s__Alloscardovia_omnicolens	0	0.04429	0.0	0.0	0.01082	0.00051	0.0	0.0	0.0	0.0	0.0	0.0	0.0	0.0	0.0	0.00326	0.0	0.0	0.0	0.0	0.0	0.0	0.0	0.0	0.0	0.0	0.0	0.0	0.0	0.0	0.0	0.0	0.0	0.0	0.0	0.0	0.0	0.0	0.0	0.0
s__Veillonella_dispar	0	0.04422	0.06362	0.0	0.00692	0.0	0.0	0.00937	0.0	0.0	0.0	0.0	0.0	0.00419	0.0	0.0	0.0	0.0	0.0	0.0	0.0	0.0	0.0	0.0	0.0	0.0018	0.0	0.06652	0.08491	0.0	0.0	0.0	0.0	0.00149	0.0	0.00173	0.0	0.0	0.0	0.02064
s__Mogibacterium_timidum	0	0.04299	0.0	0.0	0.0	0.0	0.0	0.0	0.0	0.0	0.0	0.0	0.0	0.0	0.0	0.0	0.0	0.0	0.0	0.0	0.0	0.0	0.0	0.0	0.0	0.0	0.0	0.0	0.0	0.0	0.0	0.0	0.0	0.0	0.0	0.0	0.0	0.0	0.0	0.0
s__Collinsella_intestinalis	0	0.04247	0.0	0.04587	2.65782	0.0	0.0	0.0	0.0	0.0	0.0	0.0	0.0	0.0	0.0	0.2243	0.0	0.0	0.0	0.0	0.0	0.0	0.00102	0.0384	0.0	0.0	0.0	0.0	0.0	0.0	0.0	0.0	0.0	0.0	0.0	0.0	0.0	0.0	0.00079	0.0
s__Clostridium_leptum	0	0.0416	0.0	0.01163	0.02167	0.00165	0.09014	0.0	0.0	0.00141	0.26525	0.0	0.41864	0.00024	0.01727	0.04839	0.03568	0.0	0.0	0.0	0.05067	0.12184	0.02589	0.00345	0.05133	0.00583	0.26921	0.00397	0.00165	0.52925	0.00602	0.01307	0.00194	0.0712	0.28074	2.19517	0.0	0.0	0.01359	0.07494
s__Rothia_dentocariosa	0	0.04032	0.0	0.0	0.0	0.0	0.0	0.0	0.0	0.0	0.0	0.0	0.0	0.0	0.0	0.0	0.0	0.0	0.0	0.01036	0.0	0.0	0.0	0.0	0.0	0.0	0.0	0.0	0.0	0.0	0.0	0.0	0.0	0.0	0.0	0.0	0.0	0.0	0.0	0.0
s__Lawsonibacter_asaccharolyticus	0	0.03995	0.04271	0.02043	0.11256	0.05759	0.00087	0.12188	0.0	0.15287	0.17542	0.0	0.0	0.01449	0.0	0.34561	0.00412	0.58221	0.00644	0.00422	0.93289	0.04972	0.0	0.15244	0.02869	0.00489	0.0	0.01736	0.10727	0.21597	0.05037	0.06966	0.12466	0.02547	0.57711	0.2329	0.51228	0.00841	0.27497	0.00431
s__Clostridium_symbiosum	0	0.03689	0.0	0.00179	0.01394	0.00216	1.27086	0.0	0.0	0.0	0.00386	0.5204	0.00508	0.00337	0.02304	0.00899	0.0	0.00269	0.0	0.04773	0.00881	0.0	0.1845	0.0	0.02085	0.0	0.01655	0.0	0.0	0.81921	0.0	0.08897	0.1069	0.00093	0.0013	0.165	0.02586	0.0	0.09975	0.05635
s__Holdemania_filiformis	0	0.03677	0.0	0.00683	0.07646	0.00355	0.0	0.0	0.0	0.01834	0.11845	0.0	0.03798	0.0	0.00497	0.0	0.00708	0.0	0.01965	0.00542	0.01627	0.01406	0.00455	0.00364	0.0	0.0169	0.0	0.00761	0.00735	0.08892	0.0	0.14277	0.0	0.00617	0.04215	0.05184	0.0	0.02385	0.0	0.04309
s__Butyricimonas_virosa	0	0.0355	0.0	0.0	0.77369	0.0	0.19821	0.0	0.0	0.02572	0.0	0.0	0.0	0.0	0.0	0.13799	0.01784	1.01543	0.0	0.0	0.0	0.0	0.0	0.0	0.0	0.0	0.0	0.8919	0.68634	0.01055	0.01662	0.0	0.0	0.0	0.01226	0.0	0.0	0.17149	0.45705	0.53715
s__Fusobacterium_nucleatum	0	0.03473	0.0	0.0	0.0	0.0	0.0	0.0	0.0	0.0	0.0	0.0	0.0	0.0	0.0	0.0	0.0	0.0	0.0	0.0	0.0	0.0	0.0	0.0	0.0	0.0	0.0	0.08889	0.05012	0.0	0.0	0.0	0.0	0.0	0.0	0.0	0.0	0.0	0.0	0.04408
s__Atopobium_parvulum	0	0.0309	0.0	0.0	0.0	0.0	0.0	0.0	0.0	0.0	0.0	0.0	0.0	0.0	0.0	0.0	0.0	0.0	0.0	0.00695	0.0	0.0	0.0	0.0	0.0	0.0	0.0	0.0	0.0	0.0	0.0	0.0	0.0	0.0	0.0	0.0	0.0	0.0	0.0	0.0
s__Actinomyces_sp_HMSC035G02	0	0.0292	0.0	0.0	0.0	0.0	0.0	0.0	0.0	0.0	0.0	0.0	0.0	0.0	0.0	0.03712	0.0	0.0	0.0	0.00401	0.0	0.0	0.0	0.0	0.0	0.0	0.0	0.0	0.0	0.0	0.0	0.00492	0.0	0.0	0.0	0.0	0.0	0.0	0.0	0.0
s__Corynebacterium_durum	0	0.02908	0.0	0.0	0.0	0.0	0.0	0.0	0.0	0.0	0.0	0.0	0.0	0.0	0.0	0.0	0.0	0.0	0.0	0.0	0.0	0.0	0.0	0.0	0.0	0.0	0.0	0.0	0.0	0.0	0.0	0.0	0.0	0.0	0.0	0.0044	0.0	0.0	0.0	0.0
s__Clostridium_bolteae	0	0.02894	0.0	0.00274	0.00953	0.00275	0.25971	0.08146	0.03117	0.00078	0.07232	0.07778	0.03598	0.13083	0.04262	0.00124	0.00171	0.00979	0.0	0.00277	0.00638	0.00598	0.03431	0.0	0.01253	0.01391	2.88713	0.00012	0.01374	3.16424	0.0305	0.03891	0.18362	0.26013	0.01675	0.06403	0.00188	0.0	0.10639	0.0
s__Streptococcus_sanguinis	0	0.02798	0.01933	0.0	0.0	0.0	0.0	0.0	0.0	0.0	0.00184	0.0	0.0	0.0	0.0	0.01394	0.0	0.0	0.0	0.00211	0.00114	0.0	0.0	0.0	0.0	0.0	0.01747	0.0	0.0	0.0532	0.0	0.0	0.0	0.0	0.0457	0.00193	0.0	0.0	0.0	0.0
s__Actinomyces_oris	0	0.02793	0.0	0.0	0.0	0.0	0.0	0.0	0.0	0.0	0.05905	0.0	0.0	0.0	0.00037	0.0	0.0	0.0	0.0	0.05439	0.0	0.0	0.0	0.0	0.0	0.0	0.0	0.0	0.0	0.01609	0.0	0.10991	0.0	0.0	0.0	0.00934	0.0	0.0	0.0	0.0
s__Actinomyces_sp_ICM47	0	0.02703	0.0	0.0	0.0	0.0	0.0	0.0	0.0	0.0	0.0	0.0	0.0	0.0	0.0	0.01264	0.0	0.0	0.0	0.15165	0.0	0.0	0.0	0.0	0.0	0.0	0.0	0.0	0.0	0.0	0.0	0.00014	0.0	0.0	0.0	0.0	0.0	0.0	0.0	0.0
s__Anaerostipes_hadrus	0	0.02698	2.19025	3.14642	0.0	0.99963	0.0	0.0	1.00375	0.48246	0.1023	0.12334	0.69331	0.08782	1.09609	0.52612	1.34613	0.0	1.40067	0.0	2.76889	0.81264	0.33456	0.59359	0.3717	1.24457	0.0	0.08941	0.05837	0.98592	0.0	4.01709	3.04129	0.02802	2.9498	0.03892	0.07863	0.98847	1.46593	1.03319
s__Clostridium_lavalense	0	0.02626	0.0	0.00332	0.0	0.00644	0.08027	0.00411	0.0	0.00562	0.00389	0.0	0.01164	0.04276	0.01229	0.0	0.0	0.00046	0.0	0.0	7e-05	0.00575	0.00978	0.0	0.00111	0.0	0.0	0.01027	0.03112	0.66312	0.28439	0.00565	0.14025	0.0	0.00707	0.07211	0.0	0.0	0.01731	0.00441
s__Ruminococcus_torques	0	0.02356	0.0	2.74085	0.45271	0.68474	0.0	0.0	0.16542	0.0	0.0	0.0	0.0	0.0	0.0	0.0	1.36147	0.0	0.34764	0.0	4.71561	0.3067	0.20349	0.18853	0.0	0.35373	0.0	0.08398	0.06357	0.0	0.0	0.0	1.16751	0.13765	0.92859	0.94603	0.29322	0.0	0.33919	0.6802
s__Ruminococcaceae_bacterium_D5	0	0.02082	0.01462	0.0	0.0	0.0	0.00052	0.0	0.0	0.00939	0.12346	0.0	0.0	0.00206	0.01199	0.0	0.0	0.0	0.0	0.0	0.0	0.0	0.0	0.02997	0.0	0.009	0.0	0.0	0.03052	0.0	0.0	0.01984	0.0	0.0	0.06296	0.0	0.0	0.00559	0.52237	0.00196
s__Clostridium_bolteae_CAG_59	0	0.02053	0.0	0.00794	0.0	0.0	0.34941	0.03487	0.0	0.0	0.0	0.0	0.00023	0.00661	0.0035	0.0	0.0	0.00722	0.0	0.0	0.00901	0.00235	0.0	0.0	0.0	0.03632	0.0	0.0	0.00883	0.0	0.21003	0.0	0.00586	0.01221	0.0	0.0	0.0	0.0	0.0	0.0
s__Firmicutes_bacterium_CAG_145	0	0.01874	0.00258	0.0	0.0	0.0	0.0	0.0	0.0	0.00772	3.00993	0.0	0.43381	0.01073	0.19891	0.0	0.01536	0.00889	0.64628	0.0	0.25044	0.05935	0.0	0.01102	0.0	0.0	0.0	0.00266	0.0	0.32513	0.02236	0.10228	0.03531	0.0	0.02869	0.0	0.00247	0.0025	0.0	0.0
s__Streptococcus_australis	0	0.01754	0.02552	0.01001	0.0	0.0	0.0	0.0	0.0	0.0	0.0	0.0	0.0	0.0	0.0	0.08562	0.0	0.0	0.0	0.0	0.0	0.0	0.0	0.0	0.0	0.0	0.0	0.0	0.0	0.0	0.0	0.0	0.00081	0.0	0.0	0.00153	0.0	0.0	0.0	0.0
s__Clostridium_innocuum	0	0.01668	0.0	0.0381	0.0	0.0	1.35352	0.03302	0.02473	0.0	0.11035	0.04906	0.01946	0.0	0.07631	0.059	0.00757	0.00323	0.0	0.70114	0.01306	0.00701	0.02082	0.0	0.0	0.0	0.03388	0.0	0.0	0.30911	0.02553	0.02645	0.05848	0.01166	0.01533	0.01289	0.06189	0.0	0.04272	0.008
s__Absiella_dolichum	0	0.01647	0.0	0.14075	0.0	0.0	0.0	0.0	0.0	0.0	0.0	0.0	0.0	0.0	0.0	0.0	0.0019	0.0	0.0	0.0	0.02284	0.0	0.04553	0.0	0.0	0.0029	0.0	0.02414	0.01322	0.0	0.0	0.0	0.0	0.01462	0.00506	0.0	0.0	0.0	0.01025	0.0
s__Dialister_invisus	0	0.0164	0.0	0.0	0.0	0.0	0.0	0.0	0.0	0.0882	0.00192	0.0	0.03564	0.0	0.17022	0.0	0.0	0.0	0.0	0.0	0.0	0.0	0.0564	0.0	0.0	0.09344	0.0	0.24675	0.21236	0.0	0.0	0.0	0.07257	0.0	0.0855	0.0	0.03482	0.0	0.0	0.0
s__Eubacterium_rectale	0	0.01629	0.17726	0.41046	0.06243	6.22253	0.0	0.0	0.0	0.59359	6.66348	0.0	0.74308	0.0	0.0	1.61272	0.68886	0.0	0.78559	9.48853	5.03263	0.05186	0.86966	1.0035	0.0	1.54311	0.0	2.41064	1.78558	0.0	0.0	6.58783	0.0	0.57881	1.73924	1.363	0.08193	2.05862	1.61579	0.00216
s__Blautia_hydrogenotrophica	0	0.01539	0.0	0.52324	0.0	0.0	0.0	0.0	0.0	0.00132	0.0	0.0	0.0	0.0	0.0	0.0	0.01478	0.00423	0.00338	0.0	0.00568	0.03104	0.38318	0.0	0.23044	0.02152	0.0	0.00124	0.0	0.67491	0.00671	0.1688	0.00329	0.00834	0.00063	0.29008	0.0	0.0	0.01315	0.0
s__Clostridium_citroniae	0	0.01475	0.0	0.00416	0.01717	0.00061	0.02116	0.0	0.0	0.00074	0.00073	0.05216	0.00802	0.00986	0.00505	0.02031	0.0	0.0	0.00075	0.02372	0.006	0.0057	0.01038	0.0	0.0	0.00124	0.02489	0.0	0.0	0.05176	0.0	0.0	0.0	0.00011	0.0035	0.00728	0.00928	0.0	0.00151	0.01282
s__Eubacterium_dolichum_CAG_375	0	0.01465	0.0	0.12555	0.0	0.0	0.0	0.0	0.0	0.0	0.0	0.0	0.0	0.0	0.0	0.0	0.00212	0.0	0.0	0.0	0.02296	0.0	0.03889	0.0	0.0	0.00467	0.0	0.01617	0.0092	0.0	0.0	0.0	0.0	0.01734	0.00507	0.0	0.0	0.0	0.00651	0.0
s__Firmicutes_bacterium_CAG_95	0	0.01347	0.0	0.0	0.0	0.0	0.0	0.0	0.0	0.0	0.0	0.0	0.0	0.0	0.0	0.0	0.0	0.0	0.0	0.0	0.0	0.0	0.0	0.06452	0.0	0.0	0.0	0.0	0.0	0.0	0.0	0.0	0.0	0.0	0.0	0.0	0.0	0.0	0.0	0.04185
s__Oribacterium_parvum	0	0.01225	0.0	0.0	0.0	0.0	0.0	0.0	0.0	0.0	0.0	0.0	0.0	0.0	0.0	0.0	0.0	0.0	0.0	0.0	0.0	0.0	0.0	0.0	0.0	0.0	0.0	0.0	0.0	0.00479	0.0	0.0	0.0	0.0	0.0	0.0	0.0	0.0	0.0	0.0
s__Streptococcus_sp_A12	0	0.01203	0.0	0.0	0.0	0.0	0.0	0.0	0.00189	0.0	0.0	0.0	0.0	0.0	0.0	0.02127	0.0	0.0	0.0	0.0	0.0	0.0	0.0	0.0	0.0	0.0	0.0	0.0	0.0	0.00337	0.0	0.0	0.00028	0.0	0.0	0.00301	0.0	0.0	0.0	0.0
s__Actinomyces_massiliensis	0	0.01193	0.0	0.0	0.0	0.0	0.0	0.0	0.0	0.0	0.0	0.0	0.0	0.0	0.0	0.0	0.0	0.0	0.0	0.0	0.0	0.0	0.0	0.0	0.0	0.0	0.0	0.0	0.0	0.0	0.0	0.0	0.0	0.0	0.0	0.0	0.0	0.0	0.0	0.0
s__Atopobium_rimae	0	0.01177	0.0	0.0	0.0	0.0	0.0	0.0	0.0	0.0	0.0	0.0	0.0	0.0	0.0	0.0	0.0	0.0	0.0	0.00361	0.0	0.0	0.0	0.0	0.0	0.0	0.0	0.0	0.0	0.0	0.0	0.0	0.0	0.0	0.0	0.0	0.0	0.0	0.0	0.0
s__Actinobaculum_sp_oral_taxon_183	0	0.01162	0.0	0.0	0.0	0.0	0.0	0.0	0.0	0.0	0.00178	0.0	0.0	0.0	0.0	0.0	0.0	0.0	0.0	0.0	0.0	0.0	0.0	0.0	0.0	0.0	0.0	0.0	0.0	0.0055	0.0	0.0	0.0	0.0	0.0	0.0	0.0	0.0	0.0	0.0
s__Enterococcus_faecalis	0	0.01083	0.0	0.0	0.0	0.0	0.0	0.0	0.0	0.0	0.0	0.0	0.0	0.0	0.0	0.09137	0.0	0.0	0.0	0.0	0.0	0.0	0.01712	0.0	0.0	0.0	0.0	0.31545	0.23263	0.0	0.0	0.0	0.0	0.0	0.0	0.0	0.0	0.0	0.0	0.0
s__Veillonella_infantium	0	0.00998	0.02172	0.0	0.0	0.0	0.0	0.00071	0.0	0.0	0.0	0.01505	0.0	0.00782	0.0	0.0	0.0	0.0	0.0	0.0	0.0	0.0	0.0	0.0	0.0	0.0	0.0	0.02277	0.01805	0.0	0.0	0.0	0.0014	0.0	0.0	0.0	0.0	0.0	0.0	0.00389
s__Intestinimonas_butyriciproducens	0	0.00889	0.0	0.0	0.01863	0.0	0.06759	0.0	0.0	0.00314	0.37774	0.12308	0.0	0.56814	0.14127	1.18644	0.02132	0.00268	0.08499	0.0	0.09465	0.05469	0.0	0.01845	0.30511	0.00768	0.0	0.03481	0.55612	0.0	0.0	0.15795	0.2841	0.00531	0.57017	0.0	0.0	0.0092	0.02569	0.00152
s__Actinomyces_naeslundii	0	0.00874	0.0	0.0	0.0	0.0	0.0	0.0	0.0	0.0	0.0	0.0	0.0	0.0	0.0	0.0	0.0	0.0	0.0	0.0	0.0	0.0	0.0	0.0	0.0	0.0	0.0	0.0	0.0	0.0	0.0	0.0	0.0	0.0	0.0	0.0	0.0	0.0	0.0	0.0
s__Streptococcus_mutans	0	0.00718	0.0	0.0	0.01219	0.00449	0.0	0.0	0.0	0.0	0.28751	0.0	0.0	0.0	0.0	0.14204	0.0	0.0	0.0	0.99214	0.0	0.0	0.00205	0.0	0.0	0.0	0.0	0.10214	0.07289	0.00678	0.0	0.01111	0.0	0.0	0.0	0.00013	0.0	0.0	0.0	0.0
s__Lactococcus_lactis	0	0.00696	0.0	0.02025	0.0	0.0	0.0	0.0	0.0	0.0	0.00224	0.0	0.0	0.0	0.00287	0.00802	0.0	0.0	0.03706	0.0	0.0	0.00463	0.00533	0.00125	0.00148	0.00773	0.0	0.0	0.0	0.11516	0.0	0.0	0.0	0.0	0.0	0.03279	0.0	0.0	0.0	0.0
s__Anaeromassilibacillus_sp_An250	0	0.00679	0.0	0.0	0.0	0.00056	0.0	0.0	0.03029	0.0	0.0	0.0	0.0	0.0	0.00821	0.04268	0.0019	0.0	0.0	0.0	0.0	0.00298	0.00206	0.00179	0.0	0.0	0.0	0.00269	0.0	0.0	0.0	0.0	0.0	0.00281	0.06251	0.0	0.08354	0.0	0.0	0.0
s__Gemella_haemolysans	0	0.00449	0.0	0.0	0.0	0.0	0.0	0.0	0.0	0.0	0.0	0.0	0.0	0.0	0.0	0.0	0.0	0.0	0.0	0.0106	0.0	0.0	0.0	0.0	0.0	0.0	0.0	0.0	0.0	0.00169	0.0	0.0	0.0	0.0	0.0	0.0	0.0	0.0	0.0	0.0
s__Staphylococcus_epidermidis	0	0.00409	0.0	0.0	0.0	0.0	0.0	0.0	0.0	0.0	0.0	0.0	0.0	0.0	0.0	0.0	0.0	0.0	0.0	0.0	0.0	0.0	0.0	0.0	0.0	0.0	0.0	0.0	0.0	0.0	0.0	0.0	0.0	0.0	0.0	0.0	0.0	0.0	0.0	0.0
s__Lachnospira_pectinoschiza	0	0.00393	0.25706	0.06854	0.0	1.81087	0.0	0.0	0.0	2.48702	0.0	0.14861	0.0	0.51353	3.15047	0.0	0.0	0.0	0.78648	0.00094	1.24543	0.16031	0.0	0.67849	0.0	0.0	0.0	1.17985	0.88959	0.13617	0.0	0.0	4.25969	0.0135	0.0	0.0	0.12494	2.16265	0.10535	1.53893
s__Actinomyces_viscosus	0	0.00358	0.0	0.0	0.0	0.0	0.0	0.0	0.0	0.0	0.0059	0.0	0.0	0.0	0.0	0.0	0.0	0.0	0.0	0.0	0.0	0.0	0.0	0.0	0.0	0.0	0.0	0.0	0.0	0.0	0.0	0.0	0.0	0.0	0.0	0.0	0.0	0.0	0.0	0.0
s__Tyzzerella_nexilis	0	0.00266	0.0	0.0	0.0	0.0	0.0	0.0	0.0	0.0	0.0	0.0	0.0	0.0	0.0	0.0	0.0	0.0	0.0	0.56121	0.0	0.0	0.0	0.0	0.0	0.0	0.01622	0.0	0.0	0.0	0.0	0.00023	0.0	0.0	0.0	0.0	0.02189	0.0	0.0	0.0
s__Campylobacter_gracilis	0	0.00246	0.0	0.0	0.0	0.0	0.0	0.0	0.0	0.0	0.0	0.0	0.0	0.0	0.0	0.0	0.00077	0.0	0.0	0.0	0.0	0.0	0.0	0.0	0.0	0.0	0.17275	0.00702	0.00499	0.0	0.0	0.0	0.0	0.0	0.0	0.0	0.0	0.0	0.0	0.0
s__Clostridium_sp_CAG_167	0	0.00229	2.29303	0.0	0.0	0.0	0.0	0.0	0.02131	0.0	0.0	0.0	0.04996	0.0	0.0	0.0	0.0	0.0	0.08026	0.0	0.0	0.24437	0.0	0.81925	0.0	0.0	0.0	0.27644	0.19754	0.0	0.0	0.0	0.0	0.0	0.0	0.0	0.0	0.0	0.0	0.0
s__Actinomyces_graevenitzii	0	0.0022	0.0	0.0	0.0	0.0	0.0	0.0	0.0	0.0	0.0	0.0	0.0	0.0	0.0	0.00193	0.0	0.0	0.0	0.00038	0.0	0.0	0.0	0.0	0.00102	0.0	0.01201	0.0	0.0	0.0	0.0	0.0	0.0	0.0	0.0	0.00365	0.0	0.0	0.0	0.0
s__Propionibacterium_acidifaciens	0	0.00219	0.0	0.0	0.0	0.0	0.0	0.0	0.0	0.0	0.0	0.0	0.0	0.0	0.0	0.0	0.0	0.0	0.0	0.01972	0.0	0.0	0.0	0.0	0.0	0.0	0.0	0.0	0.0	0.0	0.0	0.0	0.0	0.0	0.0	0.0	0.0	0.0	0.0	0.0
s__Streptococcus_sp_F0442	0	0.00193	0.0123	0.0	0.0	0.0	0.0	0.0	0.0	0.0	0.0	0.0	0.0	0.0	0.0	0.03502	0.0	0.0	0.0	0.00072	0.0	0.0	0.0	0.0	0.0	0.0	0.0	0.0	0.0	0.0019	0.0	0.0	0.0	0.0	0.0	0.0	0.0	0.0	0.0	0.0
s__Enterorhabdus_caecimuris	0	0.00178	0.0	0.00035	0.00072	0.00297	0.0	0.0	0.0	0.0	0.01094	0.0	0.0	0.0	0.0	0.0	0.0	0.0	0.0	0.0	0.00022	0.00069	0.0	0.0	0.0	0.00161	0.0	0.0	0.0	0.01466	0.0	0.00128	0.0	0.0	0.00111	0.00032	0.0	0.0	0.0	0.0
s__Streptococcus_sp_HMSC071D03	0	0.00148	0.0	0.0	0.0	0.0	0.0	0.0	0.0	0.0	0.0	0.0	0.0	0.0	0.0	0.0	0.0	0.0	0.0	0.0	0.0	0.0	0.0	0.0	0.0	0.0	0.0	0.0	0.0	0.0	0.0	0.0	0.0	0.0	0.0	0.0	0.0	0.0	0.0	0.0
s__Blautia_sp_CAG_257	0	0.00124	0.0	0.30651	0.00523	0.00078	2.35548	0.29295	0.0	0.0	0.06874	0.56045	0.01683	0.0036	0.09806	0.0	0.00474	0.00488	0.0	1.54857	1.28133	0.00107	1.85451	0.0	2.99005	0.05548	0.96536	0.00232	0.07647	0.70836	0.00906	0.02538	0.20476	0.02149	0.05266	0.01133	0.00248	0.01556	0.00673	0.0
s__Veillonella_atypica	0	0.00119	0.03087	0.0	0.0	0.0	0.0	0.0	0.0	0.0	0.0	1.08435	0.0	0.02773	0.00231	0.0	0.0	0.0	0.0	0.0	0.0	0.0	0.0	0.0	0.0	0.0	0.00474	0.03423	0.0134	0.03669	0.0	0.0	0.0	0.0	0.0	0.0	0.0	0.0	0.0	0.01135
s__Hungatella_hathewayi	0	0.00115	0.0	0.00461	0.0	0.00387	0.13885	0.0	0.00055	0.0	0.0	0.05146	0.00687	0.0	0.00947	0.0	0.0	0.0	0.0	0.0	0.003	0.01223	0.00908	0.0	0.0	0.0	0.19228	0.0	0.0	0.87936	0.0117	0.0	0.0113	0.0	0.0004	0.01573	0.00467	0.0	0.0	0.00082
s__Veillonella_sp_T11011_6	0	0.00114	0.0	0.0	0.0	0.0	0.0	0.0	0.0	0.0	0.0	0.0	0.0	0.0	0.0	0.0	0.0	0.0	0.0	0.0	0.0	0.0	0.0	0.0	0.0	0.0	0.0	0.00207	0.00075	0.0	0.0	0.0	0.0	0.0	0.0	0.0	0.0	0.0	0.0	0.0
s__Cardiobacterium_hominis	0	0.001	0.0	0.0	0.0	0.0	0.0	0.0	0.0	0.0	0.0	0.0	0.0	0.0	0.0	0.0	0.0	0.0	0.0	0.0	0.0	0.0	0.0	0.0	0.0	0.0	0.0	0.0	0.0	0.0	0.0	0.0	0.0	0.0	0.0	0.0	0.0	0.0	0.0	0.0
s__Oribacterium_sinus	0	0.00081	0.0	0.0	0.0	0.0	0.0	0.0	0.0	0.0	0.0	0.0	0.0	0.0	0.0	0.0	0.0	0.0	0.0	0.0	0.0	0.0	0.0	0.0	0.0	0.0	0.0	0.0	0.0	0.00245	0.0	0.0	0.0	0.0	0.0	0.0	0.0	0.0	0.0	0.0
s__Gemella_morbillorum	0	0.00054	0.0	0.0	0.0	0.0	0.0	0.0	0.0	0.0	0.0	0.0	0.0	0.0	0.0	0.0	0.00075	0.0	0.0	0.00124	0.0	0.0	0.0	0.0	0.0	0.0	0.0	0.0	0.0	0.0	0.0	0.0	0.0	0.0	0.0	0.0	0.0	0.0	0.0	0.0
s__Corynebacterium_matruchotii	0	0.00024	0.0	0.0	0.0	0.0	0.0	0.0	0.0	0.0	0.0	0.0	0.0	0.0	0.0	0.0	0.0	0.0	0.0	0.0	0.0	0.0	0.0	0.0	0.0	0.0	0.0	0.0	0.0	0.0	0.0	0.0	0.0	0.0	0.0	0.0	0.0	0.0	0.0	0.0
s__Bacteroides_stercoris	0	0.0	6.02361	0.0	0.0	0.0	0.0	40.52123	0.0	0.00255	0.0	0.0	0.0	0.0	0.0	0.89808	0.6317	8.34721	0.0	0.61482	0.0	0.0	0.0	0.0	0.15465	0.0	0.0	0.0	0.0	0.0	13.17562	0.0	0.0	0.0	0.0	0.0	0.0	0.0	0.51861	2.27403
s__Barnesiella_intestinihominis	0	0.0	4.43633	0.0	0.0	0.0	0.0	0.0	0.0	0.0	0.0	0.0	0.0	0.0	0.0	1.45948	0.0	0.0	0.0	0.0	0.0	0.0	0.0	2.88606	0.0	0.0	0.0	1.70668	1.34478	3.13231	0.49969	0.0	2.91864	0.0	3.93385	0.0	0.0	3.18145	3.01487	1.72003
s__Ruminococcus_bromii	0	0.0	2.08517	0.0	1.19486	0.0	0.0	0.0	0.0	0.2274	0.0	0.0	0.0	0.0	5.03001	0.0	0.0	0.0	1.7398	0.0	0.0	0.75019	0.0	2.27086	0.0	2.48741	0.0	0.0	0.01884	0.0	1.18809	0.0	2.30063	1.72609	6.6236	0.01635	0.0	0.0	0.0	0.0
s__Butyrivibrio_sp_CAG_318	0	0.0	1.86751	0.0	0.0	0.0	0.0	0.0	0.0	0.0	0.0	0.0	0.0	0.0	0.0	0.0	0.0	0.0	0.0	0.0	0.0	0.0	0.0	0.0	0.0	0.0	0.0	0.0	0.0	0.0	0.0	0.0	0.0	0.0	0.0	0.0	0.0	0.0	0.0	0.0
s__Alistipes_shahii	0	0.0	1.48369	0.40331	0.44411	0.0	0.0	0.01496	0.0	0.46928	1.4378	0.0	0.0	0.00044	0.0	0.2058	0.45301	0.10415	0.4758	0.0	1.16194	0.38641	0.0	0.0	0.42022	0.0	0.0	0.41791	0.34777	0.01077	0.06513	0.01843	0.55593	0.02474	0.1292	0.0	0.00537	0.2133	0.27398	0.75723
s__Bacteroides_cellulosilyticus	0	0.0	1.30948	0.96099	0.28789	0.0	5.91034	0.0	5.33542	0.13388	4.17827	0.0	0.0	0.49933	0.0	2.07111	0.0	0.0	0.06348	0.0	1.866	0.23943	9.0623	1.2735	0.0	0.0	0.0	0.00194	0.0	6.80105	2.59947	3.49363	0.0	0.0	0.0	0.0	0.0	14.86278	0.56442	0.0
s__Anaerotruncus_sp_CAG_528	0	0.0	1.17621	0.0	0.0	0.0	0.0	0.0	0.0	0.0	0.0	0.0	0.0	0.0	0.0	0.0	0.0	0.0	0.0	0.0	0.0	0.0	0.0	0.0	0.0	0.0	0.0	0.0	0.0	0.0	0.0	0.0	0.0	0.0	0.0	0.0	0.0	0.0	0.0	0.0
s__Ruminococcus_lactaris	0	0.0	0.92929	3.63398	0.0	0.47393	0.0	0.0	0.0	0.0	1.72862	0.0	0.0	0.0	0.0	0.0	0.48939	0.0	0.07636	0.0	0.0	0.0	0.0	0.0	0.0	0.27131	0.0	0.0	0.0	0.0	0.0	1.00169	0.0	0.06175	0.6427	0.0	0.0	0.22205	0.0	0.0
s__Firmicutes_bacterium_CAG_110	0	0.0	0.63567	0.0	0.0	0.0	0.0	0.0	0.0	0.00073	0.0	0.0	0.0	0.0	0.0	0.0	0.0	0.0	0.22	0.0	0.0	0.0	0.0	31.12166	0.0	0.0	0.0	0.17638	0.13325	0.0	0.0	0.0	0.0	0.07732	0.0	0.0	0.0	0.03962	0.48887	0.00724
s__Bacteroides_dorei	0	0.0	0.58748	15.40513	0.0	10.21572	9.04463	0.00156	0.0	30.30696	0.0	41.73913	0.00223	24.64687	4.11685	0.0	0.00048	8.73459	5.48701	0.96226	1.58962	0.00063	0.00075	0.0	0.00133	0.0	0.00069	0.46316	6.29247	6.69232	0.32417	0.0	0.0	0.11299	10.2886	3.03152	52.90413	0.00184	6.99289	0.00361
s__Paraprevotella_xylaniphila	0	0.0	0.49429	1.11055	0.0	0.0	0.0	1.71742	0.0	0.0	0.0	0.0	0.0	0.0	0.0	0.17356	0.46235	0.0	2.32821	0.0	0.0	0.0	0.0	0.0	0.0	0.0	0.0	0.0	0.0	0.0	2.05939	0.0	0.0	0.0	0.0	0.0	1.24778	0.0	0.0	0.0
s__Roseburia_sp_CAG_182	0	0.0	0.30871	0.0	0.0	0.0	0.0	0.0	0.0	0.0	0.0	0.0	0.0	0.0	0.0	0.0	0.0	0.0	0.0	0.0	0.0	0.0	0.00533	0.0	0.02521	0.0	0.0	0.04134	0.02304	0.0	0.0	0.0	0.0	0.0	0.0	0.0	0.0	0.0	0.0	0.0
s__Parasutterella_excrementihominis	0	0.0	0.29846	0.0	0.02872	0.5815	0.12942	0.0	0.0	0.67241	0.0	4.85654	0.05022	0.0	0.69497	0.0	0.0	1.62785	0.06015	0.0	1.1434	0.0	2.00254	0.14074	1.67517	1.40333	0.0	0.02419	0.01677	0.02996	0.04629	0.0	0.0	0.0442	0.01812	0.0	0.0	0.0	0.299	0.54569
s__Agathobaculum_butyriciproducens	0	0.0	0.25452	0.0	0.01017	0.29789	0.0	0.1909	0.10913	0.07555	0.0	0.0	0.0	0.0	0.18621	0.0	0.28193	0.0	0.13259	0.09767	0.10756	0.3147	0.0	0.12748	0.0172	0.36951	0.0	0.08766	0.06171	0.0	0.0	0.20782	0.0	0.04762	0.0	0.0	0.0	0.0403	0.40468	0.15665
s__Coprococcus_catus	0	0.0	0.21573	0.4211	0.0	0.0	0.0275	0.0	0.0	0.03063	0.0	0.0	0.0	0.0	0.0	0.0	0.0	0.0	0.04279	0.0	0.0	0.00279	0.0	0.03764	0.0	0.0	0.0	0.08294	0.06016	0.0	0.0	0.0	0.0	0.0	0.0	0.0	0.00483	0.0	0.16628	0.06646
s__Haemophilus_sp_HMSC71H05	0	0.0	0.20911	0.0	0.0	0.0	0.0	0.0	0.00297	0.00097	0.0	0.0	0.0	0.0114	0.00344	0.0	0.0	0.0	0.0	0.0	0.0	0.0	0.0	0.0	0.0	0.0	0.0	0.0	0.0	0.0	0.0	0.0	0.0	0.0	0.0	0.0	0.0	0.0	0.0	0.0
s__Oscillibacter_sp_CAG_241	0	0.0	0.15078	0.0	0.0	0.0	0.0	0.0	0.0	0.00123	0.0	0.0	0.0	0.0	0.0	0.0	0.19245	0.0	0.0	0.0	0.0	0.00187	0.0	2.585	0.0	0.0	0.0	0.17474	0.12266	0.0	0.0	0.00753	0.0	0.15655	0.0	0.0	0.0	0.0	0.0	0.0
s__Blautia_wexlerae	0	0.0	0.14471	0.03145	0.05157	0.76888	0.0	0.07404	0.01663	0.03039	0.36364	0.0	0.39332	0.20637	2.13387	0.09546	0.00397	0.06745	1.16343	8.30858	0.31126	0.33543	0.12173	0.06034	0.0	0.22157	0.0	0.0384	0.01788	0.0	0.10425	0.08878	0.0	0.21392	0.17299	0.00486	0.0	0.0	0.00315	0.01782
s__Oxalobacter_formigenes	0	0.0	0.12135	0.0	0.02454	0.0	0.02278	0.0	0.0	0.0	0.0	0.0	0.0	0.0	0.0	0.0	0.0	0.0	0.0	0.0	0.0	0.0	0.0	0.0	0.0	0.0	0.0	0.02543	0.01856	0.0	0.0	0.0	0.0	0.0086	0.0	0.0	0.0	0.0	0.0	0.0
s__Slackia_isoflavoniconvertens	0	0.0	0.11075	0.0	0.0	0.0	0.0	0.0	0.18701	0.0	0.0	0.0	0.0	0.0	0.0	0.0	0.0	0.0	0.0	0.0	0.0	0.0	0.0	0.0	0.0	0.0	0.0	0.01662	0.01465	0.0	0.0	0.0	0.0	0.0	0.0	0.06832	0.0	0.0	0.0	0.0
s__Gemmiger_formicilis	0	0.0	0.11056	0.0	0.01386	0.05328	0.0	0.00322	0.0	0.09777	0.0	0.0	0.0	0.0	0.0	0.0	0.22687	0.0	0.05635	0.0145	0.0078	0.01804	0.00781	0.28163	0.0	0.00557	0.0	0.06823	0.05244	0.0	0.0	0.22551	0.0	0.0531	0.0	0.02303	0.00135	0.00672	0.02173	0.00541
s__Alistipes_indistinctus	0	0.0	0.10813	0.14057	0.0	0.0	0.0	0.0	0.0	0.08401	1.01158	0.0	0.0	0.0	0.0	0.0	0.0	0.0	0.0	0.0	0.0	0.0	0.0	0.03721	0.0	0.0	0.0	0.00563	0.00754	0.4035	0.10962	0.0	0.0	0.05611	0.0	0.0	0.0	0.05995	0.70301	0.0
s__Clostridium_sp_CAG_242	0	0.0	0.10314	0.0	0.34635	0.0	0.0	0.0	0.23479	0.01807	0.0	0.0	0.0	0.0	0.37374	0.32643	0.0	0.0	0.0	0.0	0.0	0.0	0.0	0.0	0.0	0.0541	0.0	0.0	0.0	0.0	0.0	0.0	0.0	0.0	0.10293	0.0	0.0	0.0	0.0	0.0
s__Turicimonas_muris	0	0.0	0.08477	0.0	0.0	0.03459	0.05613	0.43083	0.0	0.00047	0.0	0.0192	0.04937	0.0	0.02191	0.0	0.0	0.04632	0.0	0.0	0.02261	0.0	0.00985	0.02497	0.01557	0.00497	0.0	0.00037	0.0	0.00075	0.03057	0.0	0.0	0.0	0.0	0.0	0.0	0.0	0.0	0.00986
s__Lactobacillus_rogosae	0	0.0	0.06564	0.0	0.0	0.00123	0.0	0.0	0.0	0.08707	0.0	0.0	0.0	0.0	0.04662	0.0	0.0	0.0	0.00348	0.0	0.0314	0.00827	0.0	0.02315	0.0	0.0	0.0	0.01172	0.0091	0.0	0.0	0.0	0.0	0.0	0.0	0.0	0.0	0.01547	0.02028	0.02956
s__Roseburia_intestinalis	0	0.0	0.03681	0.35103	0.13168	2.25228	0.0	0.0	0.09782	0.1829	0.0	2.95604	0.67909	2.14126	1.01527	0.06361	0.19122	0.41592	0.17143	0.0	0.19965	0.21079	0.00328	0.0	0.39981	0.0	0.0	0.27585	0.23832	0.25204	0.0	0.7414	0.0	0.00428	0.0	0.01254	0.85197	0.03811	0.74063	0.22314
s__Cloacibacillus_porcorum	0	0.0	0.02637	0.0	0.0	0.0	0.0	0.0	0.0	0.0	0.0	0.0	0.0	0.0	0.0	0.0	0.0	0.0	0.0	0.0	0.0	0.0	0.0	0.0	0.0	0.0	0.0	0.0	0.0	0.0	0.0	0.0	0.0	0.03859	0.0	0.0	0.0	0.0	0.0	0.0
s__Allisonella_histaminiformans	0	0.0	0.02138	0.0	0.0	0.0	0.0	0.0	0.0	0.0	0.0	0.0	0.0	0.0	0.0	0.0	0.02472	0.0	0.0	0.0	0.0	0.0	0.0	0.0	0.0	0.0	0.0	0.0	0.0	0.0	0.0	0.0	0.0	0.0	0.0	0.0	0.0	0.0	0.0	0.0
s__Proteobacteria_bacterium_CAG_139	0	0.0	0.00833	0.0	0.0	0.03925	2.47769	0.0	0.0	0.03003	0.0	0.23	0.91898	0.0	1.26885	0.0	0.0	0.10512	0.00288	0.0	2.32902	0.0	0.12052	0.18798	0.10168	0.09561	0.0	0.01887	0.00983	0.05962	0.90223	0.0	0.0	0.00219	0.0	0.01362	0.0	0.0	0.01648	0.0572
s__Harryflintia_acetispora	0	0.0	0.00618	0.0	0.0	0.0	0.03083	0.0	0.0	0.00036	0.00306	0.0	0.00175	0.0	0.00099	0.01925	0.0	0.0	0.0	0.0	0.00386	0.00388	0.01486	0.00227	0.0	0.0	0.0	0.00294	0.0	0.22782	0.0	0.01213	0.0	0.0	0.03365	0.0	0.0	0.0	0.02304	0.0
s__Roseburia_sp_831b	0	0.0	0.00464	0.0	0.0	0.0	0.0	0.0	0.0	0.0	0.0	0.0	0.0	0.0	0.0	0.0	0.0	0.0	0.0	0.0	0.0	0.0	0.0	0.0	0.0	0.0	0.0	0.0	0.0	0.0	0.0	0.0	0.0	0.0	0.0	0.0	0.0	0.0	0.0	0.0
s__Romboutsia_ilealis	0	0.0	0.00373	0.00186	0.0	0.0	0.0	0.0	0.0	0.0	0.0	0.0	0.0	0.0	0.00116	0.0	0.0	0.0	0.0	0.00604	0.00231	0.0	0.0	0.00053	0.0	0.00262	0.0	0.0	0.0	0.06904	0.0	0.0	0.0	0.0	0.0	0.0	0.0	0.0	0.0	0.00121
s__Oscillibacter_sp_PC13	0	0.0	0.00311	0.0	0.0	0.0	0.0	0.0	0.0	0.00096	0.0	0.0	0.0	0.0	0.0	0.0	0.0	0.0	0.0	0.0	0.0	0.0	0.0	0.00537	0.0	0.0	0.0	0.0	0.0	0.0	0.0	0.0	0.0	0.0	0.00406	0.0	0.0	0.0	0.0	0.00163
s__Firmicutes_bacterium_CAG_83	0	0.0	0.0016	0.0	1.05349	0.01237	0.0	0.0	0.0	0.13969	0.0	0.0	0.0	0.0	0.0	0.0	0.08502	0.0	0.0	0.0	0.07983	0.57039	0.0	0.0091	1.07147	0.0	0.0	0.34481	0.2472	0.03676	0.01448	0.23679	0.0	0.01765	0.69524	8.00681	0.0	0.13734	0.10615	0.02068
s__Flavonifractor_sp_An100	0	0.0	0.00129	0.0	0.0	0.0	0.0	0.0	0.0	0.00028	0.0	0.0	0.0	0.0	0.0	0.0	0.0	0.0	0.0	0.0	0.0	0.0	0.0	0.02601	0.0	0.0	0.0	0.0	0.0	0.0	0.0	0.0	0.0	0.0	0.0	0.0	0.0	0.0	0.00365	0.0
s__Paraprevotella_clara	0	0.0	0.00063	0.09874	0.0	0.0	0.0	0.1926	0.0	0.0	0.0	0.0	0.0	0.0	0.0	0.0	0.0578	0.0	0.22513	0.0	0.0	0.0	0.0	0.0	0.0	0.0	0.0	0.0	0.0	0.0	0.22323	0.0	0.0	0.0	0.0	0.0	0.02282	0.0	0.0	0.0
s__Bacteroides_eggerthii	0	0.0	0.0	3.31502	11.28947	0.0	0.00093	0.0	0.0	0.0	0.0	0.0	0.0	0.0	0.0	0.0	0.0	0.0	0.0	0.0	0.0	0.0	0.0	6.24885	0.0	0.0	0.0	0.53855	0.38645	0.0	0.0	0.0	0.0	26.71321	0.0	0.0	0.00016	0.0	0.0	0.00066
s__Monoglobus_pectinilyticus	0	0.0	0.0	1.51795	0.13293	0.09251	0.0	0.0	0.0	0.0	0.0	0.0	0.16571	1.32147	0.32105	0.0	0.0	0.0	0.0	0.0	0.38723	0.0	0.09668	0.0	0.04039	0.0	0.0	0.0	0.0	0.81528	0.0	0.0	0.0	0.00138	0.34403	0.01988	0.0	0.0	0.0	0.0
s__Firmicutes_bacterium_CAG_424	0	0.0	0.0	1.19667	0.0	0.01261	0.0	0.0	0.0	0.0	0.00099	0.0018	0.00064	0.0	0.02266	0.0	0.0	0.0	0.0	0.0	0.0	0.0	0.0	0.0	0.0	0.0	0.0	0.0	0.02584	0.0	0.00574	0.0724	0.46627	0.0	0.00543	0.0	0.0	0.0	0.0	0.0
s__Veillonella_sp_CAG_933	0	0.0	0.0	0.871	0.0	0.0	0.0	0.0	0.0	0.0	0.0	0.0	0.0	0.0	0.0	0.0	0.0	0.0	0.0	0.0	0.0	0.0	0.0	0.0	0.0	0.0	0.0	0.0	0.0	0.0	0.0	0.0	0.0	0.0	0.0	0.0	0.0	0.0	0.0	0.0
s__Blautia_hansenii	0	0.0	0.0	0.49858	0.0	0.0	0.0	0.0	0.0	0.0	0.0	0.0	0.0	0.0	0.0	0.0	0.0	0.0	0.0	0.0	0.0	0.0	0.15023	0.0	0.0	0.0	5.26169	0.0	0.0	0.00062	0.0	0.0	0.00066	0.0	0.0	0.0	0.00434	0.0	0.0	0.0
s__Coprobacter_sp	0	0.0	0.0	0.3474	0.0	0.0	0.0	0.0	0.0	0.53084	0.0	0.0	0.0	0.0	0.0	0.0	0.0	0.0	0.0	0.0	0.0	0.0	0.0	0.0	0.0	0.0	0.0	0.0	0.0	0.0	0.0	0.0	0.0	0.30378	0.0	0.0	0.0	0.0	0.0	0.0
s__Bacteroides_massiliensis	0	0.0	0.0	0.25518	1.11019	0.0	0.0	0.0	0.0	1.92376	0.0	0.0	0.0	0.0	0.0	0.74189	0.0	0.0	0.0	0.0	0.0	0.0	0.0	0.0	1.81794	0.0	0.0	0.0	0.0	0.0	0.0	0.0	0.0	11.20643	0.0	0.0	0.0	0.48124	0.0	0.0
s__Parabacteroides_johnsonii	0	0.0	0.0	0.08103	0.0	0.0	20.94018	0.0	0.0	1.94236	0.0	0.0	0.0	0.0	1.86912	0.0	0.0	0.0	0.0	0.0	0.0	0.0	0.0	0.0	0.0	0.0	0.0	0.0	0.00197	0.0	0.0	0.0	0.0	0.0	0.0	0.0	0.0	0.0	0.0	0.0
s__Bifidobacterium_longum	0	0.0	0.0	0.07782	0.54228	0.71572	0.0	0.0	0.13314	0.0	0.0	0.0	1.44664	0.08309	0.64339	0.04205	0.65987	0.0	0.00729	12.90487	0.1289	0.0	1.62003	0.43384	0.0	0.35721	1.24619	0.2758	0.21314	0.01049	0.0	0.0	0.0	0.24118	0.0	0.70112	0.00748	0.0	0.0	0.07167
s__Clostridium_disporicum	0	0.0	0.0	0.05667	0.00829	0.0	0.0	0.0	0.0	0.0	0.0	0.0	0.06984	0.0	0.0	0.0	0.0	0.0	0.0	0.0	0.0	0.0	0.00662	0.0	0.0	0.0	0.0	0.10619	0.07352	0.0	0.0	0.0	0.0	0.0	0.0	0.0	0.0	0.0	0.0	0.36296
s__Blautia_sp_N6H1_15	0	0.0	0.0	0.04091	0.0	0.0	0.0	0.0	0.0	0.0	0.0	0.0	0.0	0.0	0.0	0.0	0.0	0.0	0.0	0.0	0.00734	0.0	0.10815	0.0	0.0	0.0	0.0	0.0	0.01946	0.0	0.0	0.0	0.0	0.0	0.0	0.0	0.0	0.0	0.0	0.0
s__Lactobacillus_reuteri	0	0.0	0.0	0.02308	0.0	0.0	0.0	0.0	0.0	0.0	0.0	0.0	0.0	0.0	0.0	0.0	0.0	0.0	0.0	0.0	0.0	0.0	0.0	0.0	0.0	0.0	0.0	0.0	0.0	0.0	0.0	0.0	0.0	0.0	0.0	0.0	0.0	0.0	0.0	0.0
s__Coprobacillus_cateniformis	0	0.0	0.0	0.01512	0.06153	0.04209	0.0	0.0	0.0	0.0	0.0	0.0	0.0	0.0	0.00104	0.0	0.0	0.0	0.0	0.0	0.004	0.0	0.0	0.0	0.0	0.0	0.0	0.0	0.0	0.88041	0.0	0.0	0.04282	0.0	0.0	0.0	0.0	0.0	0.0	0.0
s__Clostridium_hylemonae	0	0.0	0.0	0.0115	0.0	0.0	0.0	0.0	0.0	0.0	0.00272	0.0	0.0	0.0	0.0	0.0	0.0	0.0	0.0	0.0	0.0	0.0	0.0	0.0	0.0	0.0	0.0	0.0	0.0	0.0	0.0	0.0	0.0	0.0	0.0	0.0	0.0	0.0	0.0	0.00062
s__Collinsella_massiliensis	0	0.0	0.0	0.00859	0.0	0.0	0.0	0.0	0.0	0.0	0.0	0.0	0.0	0.0	0.0	0.00036	0.0	0.0	0.0	0.0008	0.0	0.0	0.0	0.0	0.0	0.0	0.0	0.0	0.0	0.0	0.0	0.0	0.0	0.0	0.0	0.0	0.0	0.0	0.0	0.0
s__Eubacterium_sp_An11	0	0.0	0.0	0.00649	0.0	0.0	0.0	0.0	0.06475	0.0	0.0	0.0	0.0	0.0	0.0	0.0	0.0	0.0	0.0	0.0	0.0	0.0	0.0	0.0	0.0	0.0	0.0	0.0	0.0	0.0	0.0	0.0	0.0	0.0	0.0	0.0	0.0	0.0	0.0	0.0
s__Sellimonas_intestinalis	0	0.0	0.0	0.00597	0.00569	0.0	0.0	0.0	0.0	0.0	0.0	0.0	0.04014	0.00268	0.02778	0.62237	0.0	0.01621	0.0	0.30376	0.08211	0.0	0.23054	0.0	0.0	0.00829	0.57957	0.0	0.0	0.30244	0.34068	0.0	0.00225	0.0	0.01846	0.25412	0.00399	0.0	0.0	0.01134
s__Anaerostipes_caccae	0	0.0	0.0	0.00563	0.0	0.0	0.0	0.0	0.0	0.0	0.0	0.0	0.0	0.0	0.00751	0.0	0.0	0.00372	0.0	0.01513	0.0	0.0	0.0	0.0	0.0	0.0	0.19682	0.0	0.0	0.20119	0.0	0.0	0.0	0.0	0.0	0.0	0.0	0.0	0.0	0.0
s__Eisenbergiella_tayi	0	0.0	0.0	0.00546	0.36652	0.00023	0.0	0.0	0.0	0.00141	0.1112	0.0	0.03045	0.0	0.03253	0.0	0.00332	0.00036	0.0	0.0	0.0	0.01034	0.03708	0.0	0.08929	0.02402	0.0	0.00254	0.00064	0.00216	0.0	0.09432	0.10068	0.00096	0.0	0.03698	0.01656	0.01202	0.06595	0.0
s__Dielma_fastidiosa	0	0.0	0.0	0.00517	0.0	0.0	0.03346	0.02013	0.0	0.04988	0.07363	0.0	0.03382	0.0	0.01793	0.0	0.0	0.00024	0.01217	0.0	0.0	0.00965	0.0	0.0	0.0	0.02185	0.0	0.0	0.00501	0.00257	0.00054	0.05818	0.16714	0.0	0.0048	0.0	0.0	0.0	0.13908	0.00274
s__Prevotella_corporis	0	0.0	0.0	0.00294	0.0	0.0	0.0	0.0	0.0	0.0	0.0	0.0	0.0	0.0	0.0	0.0	0.0	0.0	0.0	0.10153	0.0	0.00023	0.0	0.0	0.0	0.0	0.0	0.0	0.0	0.0	0.0	0.0	0.0	0.0	0.0	0.0	0.0	0.0	0.0	0.0
s__Clostridium_methylpentosum	0	0.0	0.0	0.00139	0.0	0.0	0.00102	0.0	0.0	0.0	0.00093	0.0	0.0	0.0	0.0	0.00531	0.0	0.0	0.0	0.0	0.0	0.0	0.00086	0.0	0.02378	0.0	0.0	0.0	0.0	0.02223	0.0	0.01086	0.0	0.0	0.00179	0.03535	0.0	0.0	0.0	0.0
s__Bacteroides_xylanisolvens	0	0.0	0.0	0.00092	0.0	3.57407	8.99557	0.0	0.0	0.412	1.41766	0.0	0.00028	3.0575	3.02942	0.26635	0.0006	0.0	0.21196	0.0	0.0	0.0	0.0	1.3943	0.00119	3.94494	0.00047	0.06365	0.08958	0.0	0.08189	0.0	2.84216	0.0	0.0	2.85891	3.14156	1.31926	0.0	2.71804
s__Clostridium_clostridioforme	0	0.0	0.0	0.00071	0.01969	0.0	0.00635	0.10354	0.03421	0.0	0.09748	0.45904	0.0	0.178	0.01699	0.05889	0.0	0.0	0.0	0.0	0.0	0.0	0.07487	0.0	0.05926	0.0	0.6672	0.0	0.00062	1.05559	0.0	0.01919	0.04344	0.07451	0.00301	0.01433	0.0142	0.0	0.01708	0.11146
s__Enorma_massiliensis	0	0.0	0.0	0.00024	0.0	0.0	0.0	0.0	0.0	0.0	0.0	0.0	0.0	0.0	0.0	0.0	0.0	0.0	0.0	0.0	0.0	0.0	0.0	0.0	0.0	0.0	0.0	0.0	0.0	0.0	0.0	0.0	0.0	0.0	0.0	0.0	0.0	0.0	0.0	0.0
s__Candidatus_Stoquefichus_sp_KLE1796	0	0.0	0.0	0.0	1.42519	0.0	0.0	0.0	0.0	0.0	0.89509	0.11304	0.18662	0.0	0.01863	0.08569	0.0	0.01271	0.0	0.0	0.0	0.0	0.00939	0.0	0.0	0.01286	0.0	0.00056	0.01097	0.0	0.0	0.0	0.0	0.0	1.52462	0.00534	0.0	0.0	0.0	0.0
s__Eubacterium_sp_CAG_251	0	0.0	0.0	0.0	0.9106	0.0	0.0	0.0	3.66323	0.0	0.0	0.0	0.0	0.0	0.0	0.0	0.0	0.0	0.0	0.0	0.0	0.0	0.0	0.0	0.0	0.0	0.0	0.0	0.0	0.0	0.0	0.0	0.0	0.0	0.0	0.0	0.0	0.0	0.0	0.0
s__Intestinibacter_bartlettii	0	0.0	0.0	0.0	0.37108	0.0	0.0	0.0	0.10221	6e-05	0.0	0.21619	0.05192	0.00422	0.04339	0.0	0.06269	0.0	0.00181	0.22909	0.0	0.0	0.12749	0.00624	0.0	0.06549	0.15216	0.51587	0.37384	0.00775	0.14526	0.12731	0.01662	0.0	0.0	0.04032	0.05767	0.0	0.0	0.08936
s__Bifidobacterium_adolescentis	0	0.0	0.0	0.0	0.28198	0.21979	0.0	0.0	2.13619	0.0	0.0	0.0	0.00247	0.0	0.0	1.2834	0.0	0.0	0.06761	0.84868	0.33745	0.0	0.26193	0.0	0.0	0.25877	0.0	0.42334	0.3021	0.0	0.0	0.0	0.0	0.01782	0.0	0.65532	0.0	0.0	0.0	0.0
s__Bifidobacterium_breve	0	0.0	0.0	0.0	0.14959	0.0	0.0	0.0	0.0	0.0	0.0	0.0	0.0	0.0	0.0	0.00192	0.0	0.0	0.0	0.03957	0.0	0.0	0.0	0.0	0.0	0.0	0.18314	0.0	0.0	0.04925	0.0	0.0	0.0	0.0	0.0	0.0	0.0	0.0	0.0	0.03016
s__Eubacterium_ramulus	0	0.0	0.0	0.0	0.03595	0.52335	0.0	0.0	0.0	0.30331	0.10964	0.0	0.0	0.0	0.0	0.0	0.08138	0.0	0.06953	0.42864	0.27063	0.15527	0.0	0.23206	0.0	0.0	0.0	0.06874	0.04517	0.15485	0.0	2.00664	0.0	0.01334	0.0	0.0	0.0	0.00397	0.0	0.2279
s__Actinomyces_sp_HPA0247	0	0.0	0.0	0.0	0.02398	0.0	0.0	0.0	0.0	0.0	0.01263	0.0	0.0	0.0	0.0	0.0	0.0	0.0	0.0	0.00271	0.0	0.0	0.0	0.0	0.0	0.0	0.0	0.0	0.0	0.0	0.0	0.00784	0.0	0.0	0.00206	0.0	0.0	0.0	0.0	0.0
s__Serratia_marcescens	0	0.0	0.0	0.0	0.01624	0.0	0.0	0.0	0.0	0.0	0.0	0.0	0.0	0.0	0.0	0.0	0.0	0.0	0.0	0.0	0.0	0.0	0.0	0.0	0.0	0.0	0.0	0.0	0.0	0.0	0.0	0.0	0.0	0.0	0.0	0.0	0.0	0.0	0.0	0.0
s__Lachnoclostridium_sp_An131	0	0.0	0.0	0.0	0.01535	0.0	0.0	0.0	0.0	0.0	0.00163	0.0	0.0	0.0	0.0	0.0	0.0	0.0	0.0	0.0	0.0	0.0	0.0	0.00572	0.0	0.0	0.0	0.0	0.0	0.0	0.10225	0.0	0.0	0.0	0.01297	0.0	0.0	0.0	0.0	0.0
s__Leuconostoc_lactis	0	0.0	0.0	0.0	0.01178	0.0	0.0	0.0	0.0	0.0	0.0	0.0	0.0	0.0	0.0	0.0	0.0	0.0	0.0	0.0	0.0	0.0	0.0	0.0	0.0	0.0	0.0	0.0	0.0	0.0	0.0	0.0	0.0	0.0	0.0	0.0	0.0	0.0	0.0	0.0
s__Anaerofustis_stercorihominis	0	0.0	0.0	0.0	0.00721	0.0	0.01324	0.0	0.0	0.0	0.09103	0.0	0.0	0.0	0.01753	0.0	0.0	0.0	0.0	0.0	0.0	0.0	0.0	0.0	0.01637	0.0	0.0	0.0	0.0	0.04307	0.0	0.01288	0.0	0.0	0.0	0.0	0.0	0.0	0.0211	0.0
s__Clostridium_saccharolyticum	0	0.0	0.0	0.0	0.00469	0.0	0.0	0.42204	0.08187	0.0	0.0	0.0	0.0	0.0	0.18344	0.0	0.0	0.0	0.0	0.0	0.0	0.0	0.0	0.0	0.0	0.0	0.0	0.0	0.0	0.01617	0.0	0.0	0.0	0.0	0.00923	0.0	0.0	0.0	0.0	0.0
s__Lactobacillus_oris	0	0.0	0.0	0.0	0.00394	0.0	0.0	0.0	0.0	0.0	0.0	0.0	0.0	0.0	0.0	0.0	0.0	0.0	0.0	0.0	0.0	0.0	0.0	0.0	0.0	0.0	0.0	0.0	0.0	0.0	0.0	0.0	0.0	0.0	0.0	0.0	0.0	0.0	0.0	0.0
s__Clostridium_scindens	0	0.0	0.0	0.0	0.00362	0.0	0.01415	0.0	0.0	0.0	0.01232	0.0088	0.01233	0.0	0.00599	0.06847	0.0	0.00347	0.0	0.0	0.0	0.0	0.03276	0.0	0.05007	0.0	0.0	0.0	0.0	0.00211	0.0	0.0043	0.0048	0.0	0.0	0.01689	0.0017	0.0	0.0	0.00059
s__Pediococcus_pentosaceus	0	0.0	0.0	0.0	0.00345	0.0	0.0	0.0	0.0	0.0	0.0	0.0	0.0	0.0	0.0	0.0	0.0	0.0	0.0	0.0	0.0	0.0	0.0	0.0	0.0	0.0	0.0	0.0	0.0	0.0	0.0	0.0	0.0	0.0	0.0	0.0	0.0	0.0	0.0	0.0
s__Weissella_cibaria	0	0.0	0.0	0.0	0.00246	0.0	0.0	0.0	0.0	0.0	0.0	0.0	0.0	0.0	0.0	0.3252	0.0	0.0	0.0	0.0	0.0	0.0	0.0	0.0	0.0	0.0	0.0	0.0	0.0	0.0	0.0	0.0	0.0	0.0	0.0	0.0	0.0	0.0	0.0	0.0
s__Christensenella_minuta	0	0.0	0.0	0.0	0.00053	0.0	0.0	0.0	0.0	0.00041	0.05153	0.0	0.0	0.0	0.0	0.0	0.00041	0.0	0.0	0.0	0.0	0.00325	0.0	0.0	0.01505	0.0	0.0	0.00139	0.0	0.01521	0.00136	0.00866	0.0	0.0	0.006	0.0	0.0	0.0	0.00825	0.0
s__Blautia_producta	0	0.0	0.0	0.0	0.00027	0.0	0.15255	0.00987	0.0	0.0	0.01408	0.01796	0.00653	0.0	0.01379	0.0	0.0	0.0	0.0	0.03772	0.0	0.0	0.01079	0.0	0.10214	0.00124	0.0	0.0	0.0	1.39821	0.0	0.01539	0.14565	0.0	0.00381	0.00125	0.0	0.0	0.0	0.00941
s__Alistipes_onderdonkii	0	0.0	0.0	0.0	0.0	0.14923	2.09959	0.0	0.0	0.0	0.0	0.0	0.0	0.0	0.0	0.01315	0.0	0.0	0.0	0.0	0.0	0.0	0.0	0.0	0.0	0.0	0.0	0.0	0.0	0.05356	0.0443	0.26571	0.0	0.00613	0.0	0.0	0.0	0.0	0.24725	0.0
s__Ruminococcus_bicirculans	0	0.0	0.0	0.0	0.0	0.04394	0.0	0.0	0.01332	0.0759	0.0	0.0	0.0	3.18034	0.0	0.70403	7.02972	0.0	1.26097	0.0	0.0	0.15959	0.0	1.19047	0.0	0.0	0.0	0.0	0.0	0.0	0.0	1.20455	0.0	0.08849	0.60489	0.0	0.16218	0.0	0.0	0.49676
s__Anaerotignum_lactatifermentans	0	0.0	0.0	0.0	0.0	0.02205	0.0	0.0	0.0	0.0092	0.31343	0.0	0.0	0.18272	0.08569	0.0	0.00285	0.21054	0.0	0.0	0.05875	0.0	0.24211	0.0	0.0	0.0	0.0	0.0	0.0008	0.09955	0.0	0.0	0.00438	0.0	0.0	0.0	0.0	0.03124	0.05443	0.00771
s__Lactobacillus_johnsonii	0	0.0	0.0	0.0	0.0	0.00387	0.0	0.0	0.0	0.0	0.0	0.0	0.0	0.0	0.0	0.0	0.0	0.0	0.0	0.18475	0.0	0.0	0.0	0.0	0.0	0.0	0.0	0.0	0.0	0.0	0.0	0.0	0.0	0.0	0.0	0.0	0.0	0.0	0.0	0.0
s__Massiliomicrobiota_timonensis	0	0.0	0.0	0.0	0.0	0.00278	0.0	0.0	0.0	0.0	0.0	0.0	0.0	0.0	0.0	0.0	0.0	0.0	0.0	0.02038	0.06752	0.0	0.01843	0.0	0.0	0.0	0.0	0.0	0.0	0.0417	0.01862	0.0	0.0715	0.0	0.0	0.0	0.0	0.0	0.0	0.0
s__Clostridioides_difficile	0	0.0	0.0	0.0	0.0	0.0	3.6939	0.0	0.0	0.0	0.0	0.0	0.0	0.0	0.0	0.0	0.0	0.0	0.0	0.0	0.0	0.0	0.0	0.0	0.0	0.0	0.00524	0.0	0.0	0.0	0.0	0.0	0.0	0.0	0.0	0.0	0.0	0.0	0.0	0.0
s__Anaeromassilibacillus_sp_An172	0	0.0	0.0	0.0	0.0	0.0	0.76068	0.0	0.0	0.0	0.0	0.0	0.0	0.0	0.0	0.0	0.0	0.0	0.0	0.0	0.0	0.0	0.0	0.0	0.0	0.0	0.0	0.0	0.0	0.0	0.0	0.0	0.0	0.0	0.0	0.0	0.0	0.0	0.0	0.0
s__Bacteroides_nordii	0	0.0	0.0	0.0	0.0	0.0	0.51745	0.0	0.0	0.0	0.0	0.0	0.0	0.0	0.0	0.0	0.0	0.0	0.0224	0.0	0.0	0.0	0.0	0.0	0.0	0.0	0.0	0.00114	0.04388	0.0	0.0	0.0	0.09739	0.18546	0.20841	0.0	0.0	0.03168	0.40458	0.08528
s__Murimonas_intestini	0	0.0	0.0	0.0	0.0	0.0	0.19746	0.0	0.0	0.0	0.0	0.0	0.0	0.0	0.00731	0.0	0.0	0.0	0.0	0.0	0.0	0.0	0.0	0.0	0.08408	0.0	0.0	0.0	0.0	0.0	0.0	0.0	0.0	0.0	0.0	0.0	0.0	0.0	0.0	0.0
s__Blautia_coccoides	0	0.0	0.0	0.0	0.0	0.0	0.16255	0.0	0.0	0.0	0.0	0.00546	0.0	0.0	9e-05	0.15527	0.0	0.0	0.0	0.00046	0.0	0.0	0.00038	0.0	0.525	0.0	0.08483	0.0	0.0	0.01426	0.0	0.0	0.00721	0.0	0.0	0.0	0.00642	0.0	0.0	0.0
s__Clostridium_aldenense	0	0.0	0.0	0.0	0.0	0.0	0.02524	0.0	0.00833	0.0	0.0	0.00584	0.00718	0.0	0.0	0.00034	0.0	0.00111	0.0	0.0	0.0	0.0	0.0054	0.0	0.0	0.00176	0.05478	0.0	0.0	0.00302	0.0	0.0	0.01072	0.0	0.0	0.01498	0.0	0.0	0.0	0.0
s__Clostridium_cocleatum	0	0.0	0.0	0.0	0.0	0.0	0.0197	0.0	0.0	0.0	0.0	0.0	0.0	0.0	0.0	0.0	0.0	0.0	0.0	0.0	0.0	0.0	0.0	0.0	0.0	0.0	0.0	0.0	0.0	0.0	0.0	0.0	0.0	0.0	0.0	0.0	0.0	0.0	0.0	0.0
s__Desulfovibrio_fairfieldensis	0	0.0	0.0	0.0	0.0	0.0	0.00319	0.0	0.0	0.0	0.0	0.0	0.0	0.0	0.0	0.05636	0.0	0.0	0.0	0.0	0.0	0.0	0.0	0.0	0.0	0.0	0.0	0.0	0.0	0.03622	0.0	0.0	0.0	0.0	0.0	0.0	0.0	0.0	0.0	0.0
s__Klebsiella_aerogenes	0	0.0	0.0	0.0	0.0	0.0	0.00223	0.0	0.0	0.0	0.0	0.0	0.0	0.0	0.0	0.0	0.0	0.0	0.0	0.0	0.0	0.0	0.0	0.0	0.0	0.0	0.0	0.0	0.0	0.0	0.0	0.0	0.0	0.0	0.0	0.0	0.0	0.0	0.0	0.0
s__Lactonifactor_longoviformis	0	0.0	0.0	0.0	0.0	0.0	0.00022	0.0	0.0	0.0	0.00694	0.0	0.0	0.0	0.0012	0.0	0.0	0.0	0.0	0.0	0.0	0.0	0.0	0.0	0.0	0.0	0.02794	0.0	0.0	0.0	0.0	0.00359	0.0	0.0	0.0	0.0	0.0	0.0	0.0	0.0
s__Eubacterium_sp_CAG_274	0	0.0	0.0	0.0	0.0	0.0	0.0	1.23577	0.16677	0.0	0.0	0.0	0.0	0.0	0.0	0.0	0.00095	0.0	0.0	0.05354	0.23542	0.0	0.0	0.1316	0.0	0.0	0.0	0.0	0.0	0.0	0.0	0.0	0.0	0.02631	0.0	0.0	0.0	0.0	0.0	0.0
s__Coprobacter_fastidiosus	0	0.0	0.0	0.0	0.0	0.0	0.0	0.69611	0.0	1.06935	0.00467	0.0	0.0	0.0	0.0	0.02391	0.0	2.089	0.24273	0.37627	0.0	0.0	0.0	0.0	0.0	0.0	0.0	0.01309	0.00885	0.0	0.87439	0.0	0.0	0.0	0.0	0.0	0.0	0.0	1.7714	2.23922
s__Acidaminococcus_intestini	0	0.0	0.0	0.0	0.0	0.0	0.0	0.0	5.22813	0.0	0.0	0.0	0.0	0.0	0.0	0.0	2.54431	3.56439	0.0	0.0	0.0	0.0	0.0	0.0	0.0	0.0	0.0	1.38567	1.08793	0.0	0.0	0.0	0.0	2.01847	0.0	0.0	0.0	0.0	0.18112	0.0
s__Bacteroides_finegoldii	0	0.0	0.0	0.0	0.0	0.0	0.0	0.0	4.93356	0.0	0.01885	0.0	0.0	0.0	0.0	0.0	0.0	0.14784	0.0	0.0	0.0	0.0	0.0	0.0	0.0	0.0	0.0	0.0	0.0	0.0	0.46705	0.0	0.0	0.54444	0.0	0.0	0.0	0.0	0.0	0.0
s__Enterobacter_cloacae_complex	0	0.0	0.0	0.0	0.0	0.0	0.0	0.0	0.51313	0.0	0.0	0.0	0.0	0.0	0.0	0.0	0.0	0.0	0.0	0.0	0.0	0.0	0.0	0.0	0.0	0.0	0.0	0.0	0.0	0.0	0.0	0.0	0.0	0.0	0.0	0.0	0.0	0.0	0.0	0.0
s__Coprococcus_eutactus	0	0.0	0.0	0.0	0.0	0.0	0.0	0.0	0.42266	0.0	0.0	0.0	0.0	0.0	0.0	0.0	0.0	0.0	0.41356	0.0	0.0	0.0	0.0	1.91587	0.0	0.0	0.0	0.0	0.0	0.0	0.0	0.0	0.0	0.0	0.0	0.0	0.0	0.0	0.0	0.0
s__Dialister_sp_CAG_357	0	0.0	0.0	0.0	0.0	0.0	0.0	0.0	0.39193	0.0	0.0	0.0	0.0	0.0	0.0	0.0	1.19987	0.0	0.0	0.0	0.0	0.0	0.0	0.0	0.0	0.0	0.0	0.0	0.0	0.0	0.0	0.0	0.0	0.0	0.0	0.0	0.0	0.0	0.0	0.0
s__Klebsiella_variicola	0	0.0	0.0	0.0	0.0	0.0	0.0	0.0	0.09023	0.0	0.0	0.22187	0.01369	0.0	0.0	0.0083	0.0	0.0	0.00165	0.0	0.0	0.0	0.0	0.0	0.0	0.0	0.0	0.01219	0.00606	0.0	0.0	0.0	0.0	0.0	0.0	0.00109	0.01278	0.0	0.0	0.02394
s__Anaeroglobus_geminatus	0	0.0	0.0	0.0	0.0	0.0	0.0	0.0	0.07463	0.0	0.0	0.0	0.0	0.0	0.0	0.0	0.0	0.0	0.0	0.0	0.0	0.0	0.0	0.0	0.0	0.0	0.0	0.0	0.0	0.0	0.0	0.0	0.0	0.0	0.0	0.015	0.0	0.0	0.0	0.0
s__Klebsiella_pneumoniae	0	0.0	0.0	0.0	0.0	0.0	0.0	0.0	0.03849	0.0	0.0	0.71411	0.07876	0.0	0.0	0.03326	0.0	0.0	0.0	0.0	0.0	0.0	0.0	0.0	0.0	0.0	0.0	0.16721	0.11864	0.0	0.0	0.0	0.0	0.0	0.0	0.00245	0.03981	0.0	0.0	0.02061
s__Holdemanella_biformis	0	0.0	0.0	0.0	0.0	0.0	0.0	0.0	0.01237	0.0	0.0	0.0	0.0	0.0	0.0	0.0	0.0	0.01324	0.13605	0.0	0.0	0.0	0.0	0.0	0.0	0.0	0.0	0.0	0.0	0.0	0.0	0.0	0.0	0.0	0.0	0.0	0.0	0.0	0.0	0.0
s__Parvimonas_micra	0	0.0	0.0	0.0	0.0	0.0	0.0	0.0	0.01016	0.0	0.00046	0.0	0.0	0.0	0.0	0.0	0.0071	0.0	0.0	0.0	0.0	0.0	0.0	0.0	0.0	0.0	0.0	0.0	0.0	0.0	0.0	0.0	0.0	0.0	0.0	0.00074	0.0	0.0	0.0	0.0
s__Klebsiella_quasipneumoniae	0	0.0	0.0	0.0	0.0	0.0	0.0	0.0	0.00712	0.0	0.0	0.01754	0.0	0.0	0.0	0.0	0.0	0.0	0.0	0.0	0.0	0.0	0.0	0.0	0.0	0.0	0.0	0.27168	0.13535	0.0	0.0	0.0	0.0	0.0	0.0	0.0	0.01032	0.0	0.0	0.01152
s__Clostridiales_bacterium_CHKCI006	0	0.0	0.0	0.0	0.0	0.0	0.0	0.0	0.00627	0.00594	0.0	0.0	0.0	0.0	0.00206	0.0	0.0	0.0	0.0	0.0	0.0	0.0	0.0	0.0	0.0	0.0	0.0	0.0	0.0	0.0	0.0	0.0	0.0	0.0	0.0	0.0	0.0	0.0	0.0	0.0
s__Lactobacillus_rhamnosus	0	0.0	0.0	0.0	0.0	0.0	0.0	0.0	0.0047	0.0	0.0	0.0	0.0	0.0	0.0	0.0	0.0	0.0	0.0	0.0	0.0	0.0	0.0	0.0	0.06492	0.0008	0.0055	0.0058	0.01044	0.0	0.0	0.1053	0.0	0.0	0.0	0.0	0.0	0.0	0.0	0.0
s__Gemmiger_sp_An87	0	0.0	0.0	0.0	0.0	0.0	0.0	0.0	0.00451	0.0	0.0	0.0	0.0	0.0	0.0	0.0	0.0	0.0	0.0	0.0	0.0	0.0	0.0	0.0	0.0	0.0	0.0	0.0	0.0	0.0	0.0	0.0	0.0	0.0	0.0	0.0	0.0	0.0	0.0	0.0
s__Catabacter_hongkongensis	0	0.0	0.0	0.0	0.0	0.0	0.0	0.0	0.00376	0.0	0.0	0.0	0.0	0.0	0.0	0.0	0.0	0.0	0.0	0.0	0.0	0.0	0.0	0.0	0.00561	0.0	0.0	0.0	0.0	0.0	0.0	0.01276	0.01043	0.0	0.006	0.0	0.0	0.0	0.00616	0.0
s__Klebsiella_michiganensis	0	0.0	0.0	0.0	0.0	0.0	0.0	0.0	0.00142	0.0	0.0	0.0	0.0	0.0	0.0	0.0	0.0	0.0	0.0	0.0	0.0	0.0	0.0	0.0	0.0	0.0	0.0	0.0	0.0	0.0	0.0	0.0	0.0	0.0	0.0	0.0	0.23088	0.0	0.0	0.0
s__Actinomyces_sp_oral_taxon_170	0	0.0	0.0	0.0	0.0	0.0	0.0	0.0	0.0007	0.0	0.0	0.0	0.0	0.0	0.0	0.0	0.0	0.0	0.0	0.0	0.0	0.0	0.0	0.0	0.0	0.0	0.0	0.0	0.0	0.0	0.0	0.0	0.0	0.0	0.0	0.0	0.0	0.0	0.0	0.0
s__Peptoniphilus_lacrimalis	0	0.0	0.0	0.0	0.0	0.0	0.0	0.0	0.00029	0.0	0.0	0.0	0.0	0.0	0.0	0.0	0.0	0.0	0.0	0.01807	0.0	0.0	0.0	0.0	0.0	0.0	0.0	0.0	0.0	0.0	0.0	0.0	0.0	0.0	0.0	0.0	0.0	0.0	0.0	0.0
s__Bacteroides_intestinalis	0	0.0	0.0	0.0	0.0	0.0	0.0	0.0	0.0	7.27038	0.0	0.0	0.0	7.37132	0.0	0.0	0.59961	0.0	0.0	0.0	0.0	7.00408	0.0	0.0	10.78434	18.43454	0.0	0.30044	0.55806	0.00324	0.0	0.0	0.0	0.00169	0.0	0.0	0.0	1.96638	0.0	0.97407
s__Coprobacter_secundus	0	0.0	0.0	0.0	0.0	0.0	0.0	0.0	0.0	0.26581	0.0	0.0	0.0	0.0	0.0	0.0	0.0	0.0	0.0	0.0	0.0	0.0	0.0	0.0	0.0	0.0	0.0	0.04409	0.04369	0.0	0.0	0.0	0.0	0.0	0.0	0.0	0.0	0.0	0.0	0.0
s__Bacteroides_galacturonicus	0	0.0	0.0	0.0	0.0	0.0	0.0	0.0	0.0	0.03249	0.0	0.0	0.0	0.0	0.1287	0.0	0.0	0.0	0.07967	0.0	0.00467	0.04824	0.0	0.00221	0.0	0.0	0.0	0.00359	0.00071	0.0	0.0	0.0	0.0	0.0	0.0	0.0	0.0	0.0	0.0	0.0
s__Clostridium_sp_chh4_2	0	0.0	0.0	0.0	0.0	0.0	0.0	0.0	0.0	0.00067	0.00265	0.0	0.0	0.0	0.00227	0.0	0.0	0.0	0.0	0.0	0.0	0.0	0.0	0.0	0.0	0.0	0.00622	0.0	0.0	0.03061	0.0	0.0	0.0	0.0	0.0	0.00701	0.0	0.0	0.0	0.0
s__Lachnoclostridium_sp_An138	0	0.0	0.0	0.0	0.0	0.0	0.0	0.0	0.0	0.00039	0.00695	0.0	0.01277	0.0	0.00132	0.0	0.0	0.0	0.0	0.0	0.00374	0.0	0.0	0.0	0.0	0.0	0.0	0.0	0.0	0.0	0.0	0.0	0.0	0.0	0.01062	0.00102	0.0	0.0	0.0	0.0
s__Turicibacter_sanguinis	0	0.0	0.0	0.0	0.0	0.0	0.0	0.0	0.0	0.00035	0.0	0.0	0.0177	0.0	0.0	0.0	0.0	0.0	0.0	0.0	0.0	0.0	0.0	0.0	0.0	0.00012	0.0	0.0	0.0	0.01097	0.0	0.0	0.0	0.0	0.0	0.0022	0.0	0.0	0.0	0.0
s__Ruminococcaceae_bacterium_D16	0	0.0	0.0	0.0	0.0	0.0	0.0	0.0	0.0	0.00017	0.06527	0.0	0.0	0.0	0.0	0.0	0.02024	0.02101	0.0	0.01333	0.0	0.0	0.0	0.0	0.01283	0.00874	0.0	0.0	0.0	0.00491	0.0	0.0	0.0	0.0	0.0	0.0	0.0	0.0	0.0	0.00173
s__Faecalitalea_cylindroides	0	0.0	0.0	0.0	0.0	0.0	0.0	0.0	0.0	0.0	2.28845	0.0	0.0	0.0	0.0	0.0	0.03533	0.0	0.0	0.0	0.0	0.0	0.0	0.0	0.0	0.0	0.0	0.03419	0.02231	0.0	0.0	0.0	0.0	0.0	0.0	0.0	0.0	0.0	0.0	0.0
s__Pyramidobacter_piscolens	0	0.0	0.0	0.0	0.0	0.0	0.0	0.0	0.0	0.0	1.53668	0.0	0.0	0.0	0.0	2.34432	0.0	0.0	0.0	0.0	0.0	0.0	0.0	0.0	0.0	0.0	0.0	0.0	0.0	0.0	0.0	0.0	0.0	0.0	0.0	0.0	0.0	0.0	0.0	0.0
s__Firmicutes_bacterium_CAG_94	0	0.0	0.0	0.0	0.0	0.0	0.0	0.0	0.0	0.0	0.4012	0.0	0.0	0.0	0.00209	0.13348	0.0	0.0	0.0	0.0	0.34918	0.0	0.01141	0.0	0.09737	0.0628	0.0	0.00292	0.00937	0.02719	0.0	0.0	0.0	0.0	0.05529	0.0	0.0	0.0	0.0	0.0
s__Weissella_confusa	0	0.0	0.0	0.0	0.0	0.0	0.0	0.0	0.0	0.0	0.0964	0.0	0.0	0.0	0.0	0.81488	0.0	0.0	0.0	0.0	0.0	0.0	0.0	0.0	0.0	0.0	0.0	0.0	0.0	0.0	0.0	0.0	0.0	0.0	0.0	0.0	0.0	0.0	0.0	0.0
s__Clostridium_asparagiforme	0	0.0	0.0	0.0	0.0	0.0	0.0	0.0	0.0	0.0	0.04846	0.0	0.0	0.03405	0.0	0.0	0.0	0.00112	0.00115	0.0	0.00277	0.0	0.0	0.0	0.0	0.01904	0.25762	0.0	0.0	0.0	0.0	0.0	0.0	0.00582	0.0008	0.0	0.0	0.0	0.0	0.006
s__Streptococcus_sobrinus	0	0.0	0.0	0.0	0.0	0.0	0.0	0.0	0.0	0.0	0.03586	0.0	0.0	0.0	0.0	0.0	0.0	0.0	0.0	0.0	0.0	0.0	0.0	0.0	0.0	0.0	0.0	0.0	0.0	0.0	0.0	0.0	0.0	0.0	0.0	0.0	0.0	0.0	0.0	0.0
s__Pyramidobacter_sp_C12_8	0	0.0	0.0	0.0	0.0	0.0	0.0	0.0	0.0	0.0	0.01526	0.0	0.0	0.0	0.0	0.30548	0.0	0.0	0.0	0.0	0.0	0.0	0.0	0.0	0.0	0.0	0.0	0.0	0.0	0.0	0.0	0.0	0.0	0.0	0.0	0.0	0.0	0.0	0.0	0.0
s__Flavonifractor_sp_An10	0	0.0	0.0	0.0	0.0	0.0	0.0	0.0	0.0	0.0	0.01472	0.0	0.0	0.0	0.0	0.0	0.0	0.0	0.0	0.0	0.0	0.0	0.0	0.0	0.0	0.0	0.0	0.0	0.0	0.0	0.0	0.0	0.0	0.0	0.0	0.0	0.0	0.0	0.0	0.0
s__Leuconostoc_carnosum	0	0.0	0.0	0.0	0.0	0.0	0.0	0.0	0.0	0.0	0.00677	0.0	0.0	0.0	0.0	0.0	0.0	0.0	0.0	0.0	0.0	0.0	0.0	0.0	0.0	0.0	0.0	0.0	0.0	0.0	0.0	0.0	0.0	0.0	0.0	0.0	0.0	0.0	0.0	0.0
s__Lactobacillus_curvatus	0	0.0	0.0	0.0	0.0	0.0	0.0	0.0	0.0	0.0	0.00668	0.0	0.0	0.0	0.0	0.0	0.0	0.0	0.0	0.0	0.0	0.0	0.0	0.0	0.0	0.0	0.0	0.0	0.0	0.0	0.0	0.0	0.0	0.0	0.0	0.0	0.0	0.0	0.0	0.0
s__Fusobacterium_varium	0	0.0	0.0	0.0	0.0	0.0	0.0	0.0	0.0	0.0	0.00369	0.0	0.0	0.0	0.0	0.0	0.0	0.0	0.0	0.0	0.0	0.0	0.0	0.0	0.0	0.0	0.0	0.0	0.0	0.0	0.0	0.0	0.0	0.0	0.0	0.0	0.0	0.0	0.0	0.0
s__Blautia_sp_An249	0	0.0	0.0	0.0	0.0	0.0	0.0	0.0	0.0	0.0	0.00315	0.0	0.00637	0.0	0.0	0.0	0.0	0.0	0.0	0.0	0.0	0.0	0.0	0.0	0.0	0.0	0.0	0.0	0.0	0.0	0.0	0.0	0.0	0.0	0.0	0.0	0.0	0.0	0.0	0.0
s__Atopobium_deltae	0	0.0	0.0	0.0	0.0	0.0	0.0	0.0	0.0	0.0	0.00116	0.0	0.0	0.0	0.0	0.0	0.0	0.0	0.0	0.0	0.0	0.0	0.0	0.0	0.0	0.0	0.0	0.0	0.0	0.0	0.0	0.0004	0.0	0.0	0.0	0.0	0.0	0.0	0.0	0.0
s__Fusobacterium_ulcerans	0	0.0	0.0	0.0	0.0	0.0	0.0	0.0	0.0	0.0	0.00083	0.0	0.0	0.0	0.0	0.0	0.0	0.0	0.0	0.0	0.0	0.0	0.0	0.0	0.0	0.0	0.0	0.0	0.0	0.0	0.0	0.0	0.0	0.0	0.0	0.0	0.13551	0.0	0.0	0.0
s__Olsenella_uli	0	0.0	0.0	0.0	0.0	0.0	0.0	0.0	0.0	0.0	0.00026	0.0	0.0	0.0	0.0	0.0	0.0	0.0	0.0	0.0	0.0	0.0	0.0	0.0	0.0	0.0	0.0	0.0	0.0	0.0	0.0	0.0	0.0	0.0	0.0	0.0	0.0	0.0	0.0	0.0
s__Marvinbryantia_formatexigens	0	0.0	0.0	0.0	0.0	0.0	0.0	0.0	0.0	0.0	0.00012	0.0	0.0	0.0	0.0	0.0	0.0	0.0	0.0	0.0	0.0	0.0	0.0	0.0	0.0	0.0	0.0	0.0	0.0	0.0	0.0	0.0	0.0	0.0	8e-05	0.0	0.0	0.0	0.0	0.0
s__Citrobacter_amalonaticus	0	0.0	0.0	0.0	0.0	0.0	0.0	0.0	0.0	0.0	0.0	1.37812	0.0	0.0	0.0	0.0	0.0	0.0	0.0	0.00258	0.0	0.0	0.0	0.0	0.0	0.0	0.0	0.00294	0.00268	0.0	0.0	0.0	0.0	0.0	0.0	0.0	0.0	0.0	0.0	0.0048
s__Veillonella_tobetsuensis	0	0.0	0.0	0.0	0.0	0.0	0.0	0.0	0.0	0.0	0.0	0.32915	0.0	0.0	0.0	0.0	0.0	0.0	0.0	0.0	0.0	0.0	0.0	0.0	0.0	0.0	0.0	0.0	0.0	0.0	0.0	0.0	0.0	0.0	0.0	0.0	0.0	0.0	0.0	0.0
s__Roseburia_sp_CAG_309	0	0.0	0.0	0.0	0.0	0.0	0.0	0.0	0.0	0.0	0.0	0.06157	0.0	0.16382	0.0	0.0	0.0	0.0	0.0	0.0	0.0	0.00511	0.0	0.0043	0.0	0.0	0.0	0.00889	0.00276	0.0	0.0	0.00734	0.03371	0.0	0.0	0.0	0.0	0.0	0.0	0.0
s__Butyricicoccus_pullicaecorum	0	0.0	0.0	0.0	0.0	0.0	0.0	0.0	0.0	0.0	0.0	0.04129	0.0	0.0	0.0	0.0	0.0	0.0	0.0	0.0	0.0	0.0	0.0	0.0	0.0	0.0	0.0	0.0	0.0	0.0	0.0	0.0	0.0	0.0	0.0	0.0	0.0	0.0	0.0	0.0
s__Morganella_morganii	0	0.0	0.0	0.0	0.0	0.0	0.0	0.0	0.0	0.0	0.0	0.03541	0.0	0.0	0.0	0.0	0.0	0.0	0.0	0.0	0.0	0.0	0.0	0.0	0.0	0.0	0.0	0.0	0.0	0.0	0.0	0.0	0.0	0.0	0.0	0.0	0.0	0.0	0.0	0.0
s__Enterococcus_avium	0	0.0	0.0	0.0	0.0	0.0	0.0	0.0	0.0	0.0	0.0	0.01621	0.0	0.0	0.0	0.0	0.0	0.0	0.0	0.0095	0.0	0.0	0.0	0.0	0.0	0.0	0.00046	0.0	0.0	0.0	0.0	0.0	0.0	0.0	0.0	0.0	0.0	0.0	0.0	0.0
s__Proteus_mirabilis	0	0.0	0.0	0.0	0.0	0.0	0.0	0.0	0.0	0.0	0.0	0.00954	0.0	0.0	0.0	0.0	0.0	0.0	0.0	0.0	0.0	0.0	0.0	0.0	0.0	0.0	0.0	0.0018	0.0	0.0	0.0	0.0	0.0	0.0	0.0	0.0	0.0	0.0	0.0	0.0
s__Lactobacillus_helveticus	0	0.0	0.0	0.0	0.0	0.0	0.0	0.0	0.0	0.0	0.0	0.00419	0.0	0.0	0.0	0.0	0.0	0.0	0.0	0.0	0.0	0.0	0.0	0.0	0.0	0.0	0.0	0.0	0.0	0.0	0.0	0.0	0.0	0.0	0.0	0.0	0.0	0.0	0.0	0.0
s__Eubacterium_limosum	0	0.0	0.0	0.0	0.0	0.0	0.0	0.0	0.0	0.0	0.0	0.0	0.00921	0.0	0.0	0.00338	0.0	0.00284	0.0	0.0	0.00094	0.0	0.0	0.0	0.01674	0.0	0.0	0.0	0.00122	0.0	0.0	0.00344	0.0	0.0	0.0	0.0	0.0	0.0	0.0	0.0
s__Lactobacillus_pontis	0	0.0	0.0	0.0	0.0	0.0	0.0	0.0	0.0	0.0	0.0	0.0	0.00804	0.0	0.0	0.0	0.0	0.0	0.0	0.0	0.0	0.0	0.0	0.0	0.0	0.0	0.0	0.0	0.0	0.0	0.0	0.0	0.0	0.0	0.0	0.0	0.0	0.0	0.0	0.0
s__Lactobacillus_plantarum	0	0.0	0.0	0.0	0.0	0.0	0.0	0.0	0.0	0.0	0.0	0.0	0.00782	0.0	0.0	0.00208	0.0	0.0	0.0	0.0	0.0	0.0	0.0	0.0	0.0	0.0	0.0	0.0	0.0	0.0	0.0	0.0	0.0	0.0	0.0	0.0	0.0	0.0	0.0	0.0
s__Prevotella_copri	0	0.0	0.0	0.0	0.0	0.0	0.0	0.0	0.0	0.0	0.0	0.0	0.00436	0.0	0.0026	0.0	36.81937	0.0	0.0	0.0	1.23773	0.0	0.0018	0.0	0.0	0.0	0.0	0.00235	0.0	0.0	0.0	0.0	0.0	0.00119	0.0	0.0	0.00444	0.00099	0.0	0.0
s__Terrisporobacter_othiniensis	0	0.0	0.0	0.0	0.0	0.0	0.0	0.0	0.0	0.0	0.0	0.0	0.00365	0.0	0.0	0.0	0.0	0.0	0.0	0.0	0.0	0.0	0.0	0.0	0.0	0.0	0.0	0.0	0.0	0.0	0.0	0.0	0.0	0.0	0.0	0.0	0.0	0.0	0.0	0.0
s__Lactobacillus_vaginalis	0	0.0	0.0	0.0	0.0	0.0	0.0	0.0	0.0	0.0	0.0	0.0	0.00212	0.0	0.0	0.0	0.0	0.0	0.0	0.0061	0.0	0.0	0.0	0.0	0.0	0.0	0.0	0.0	0.0	0.00234	0.0	0.0	0.0	0.0	0.0	0.0	0.0	0.0	0.0	0.0
s__Clostridium_sp_MSTE9	0	0.0	0.0	0.0	0.0	0.0	0.0	0.0	0.0	0.0	0.0	0.0	0.00155	0.0	0.0	0.0	0.0	0.0	0.0	0.0	0.0	0.0	0.0	0.0	0.0	0.0	0.0	0.0	0.0	0.0	0.0	0.0	0.0	0.0	0.0	0.0	0.0	0.0	0.0	0.0
s__Lachnoclostridium_sp_An118	0	0.0	0.0	0.0	0.0	0.0	0.0	0.0	0.0	0.0	0.0	0.0	0.00045	0.0	0.0	0.0	0.0	0.0	0.0	0.0	0.0	0.0	0.0	0.0	0.0	0.0	0.0	0.0	0.0	0.0	0.00289	0.0	0.0	0.0	0.0	0.00191	0.0	0.0	0.0	0.0
s__Lactobacillus_paragasseri	0	0.0	0.0	0.0	0.0	0.0	0.0	0.0	0.0	0.0	0.0	0.0	0.0004	0.0	0.0	0.0	0.0	0.0	0.0	0.12954	0.0	0.0	0.0	0.0	0.0	0.0	0.0	0.0	0.0	0.04986	0.0	0.0	0.0	0.0	0.0	0.0	0.0	0.0	0.0	0.0
s__Parabacteroides_goldsteinii	0	0.0	0.0	0.0	0.0	0.0	0.0	0.0	0.0	0.0	0.0	0.0	0.0	3.13489	0.0	0.0	0.0	0.25066	0.0	0.0	0.0	1.63259	0.0	0.03937	0.7596	0.0	0.0	0.01297	0.00531	1.97811	0.30073	0.0	0.0	1.28615	0.0	0.0	0.0	0.63273	1.00964	0.0
s__Alistipes_inops	0	0.0	0.0	0.0	0.0	0.0	0.0	0.0	0.0	0.0	0.0	0.0	0.0	0.69649	0.0	0.0	0.0	0.0	0.05147	0.0	0.0	0.0	0.0	0.0	0.0	0.0	0.0	0.0647	0.05545	0.0	0.0	0.11386	0.0	0.0	0.0	0.0	0.0	0.0	0.0	0.0
s__Bifidobacterium_bifidum	0	0.0	0.0	0.0	0.0	0.0	0.0	0.0	0.0	0.0	0.0	0.0	0.0	0.42646	0.81922	0.65027	0.0	0.12508	0.0	0.0	0.0	0.0	2.9527	0.0	0.0	0.0	0.0	0.0	0.0	0.0	0.0	0.0	0.0	0.0	0.0	0.0	0.0	0.0	0.0	0.0
s__Alistipes_timonensis	0	0.0	0.0	0.0	0.0	0.0	0.0	0.0	0.0	0.0	0.0	0.0	0.0	0.08978	0.0	0.0	0.0	0.0	0.0	0.0	0.00435	0.0	0.0	0.0	0.0	0.0	0.0	0.0	0.0	0.0	0.0	0.0	0.0	0.0	0.0	0.0	0.0	0.0	0.0	0.0
s__Citrobacter_youngae	0	0.0	0.0	0.0	0.0	0.0	0.0	0.0	0.0	0.0	0.0	0.0	0.0	0.03835	0.0	0.0	0.0	0.0	0.0016	0.0	0.0	0.0	0.0	0.0	0.0	0.0	0.0	0.0	0.0	0.0	0.0	0.0	0.0	0.0	0.0	0.0	0.0	0.0	0.0	0.0
s__Citrobacter_pasteurii	0	0.0	0.0	0.0	0.0	0.0	0.0	0.0	0.0	0.0	0.0	0.0	0.0	0.02908	0.0	0.0	0.0	0.0	0.0	0.0	0.0	0.0	0.0	0.0	0.0	0.0	0.0	0.0	0.0	0.0	0.0	0.0	0.0	0.0	0.0	0.0	0.0	0.0	0.0	0.0
s__Streptococcus_lutetiensis	0	0.0	0.0	0.0	0.0	0.0	0.0	0.0	0.0	0.0	0.0	0.0	0.0	0.01338	0.0	0.0	0.0	0.0	0.0	0.0	0.0	0.0	0.0	0.0	0.0	0.0	0.0	0.0	0.0	0.0	0.0	0.0	0.0	0.0	0.0	0.0	0.0	0.0	0.0	0.0
s__Campylobacter_concisus	0	0.0	0.0	0.0	0.0	0.0	0.0	0.0	0.0	0.0	0.0	0.0	0.0	0.00278	0.0	0.0	0.0	0.0	0.0	0.0	0.0	0.0	0.0	0.0	0.0	0.0	0.0	0.0	0.0	0.0	0.0	0.0	0.0	0.0	0.0	0.0	0.0	0.0	0.0	0.00274
s__Methanobrevibacter_smithii	0	0.0	0.0	0.0	0.0	0.0	0.0	0.0	0.0	0.0	0.0	0.0	0.0	0.00164	0.0	3.25549	0.0	0.0	0.0	0.0	0.0	0.0	0.0	0.0	0.18866	0.0	0.0	0.0	0.0	0.56217	0.0	0.33906	0.01806	0.22575	0.54236	0.0	0.0	0.0	0.62975	0.0
s__Ruminococcus_callidus	0	0.0	0.0	0.0	0.0	0.0	0.0	0.0	0.0	0.0	0.0	0.0	0.0	0.0	0.20169	0.0	0.08927	0.0	0.0	0.0	0.0	0.0	0.0	0.0	0.0	0.0	0.0	0.0	0.0	0.0	0.0	0.0	0.0	0.0	0.0	0.0	0.0	0.0	0.0	0.0
s__Eubacterium_ventriosum	0	0.0	0.0	0.0	0.0	0.0	0.0	0.0	0.0	0.0	0.0	0.0	0.0	0.0	0.18044	0.0	0.22113	0.0	0.02024	0.0	0.62667	0.0	0.0	0.0	0.0	0.0	0.0	0.75143	0.55411	0.17325	0.0	0.03283	0.0	0.04163	0.0	0.0	0.21547	0.03169	0.39156	0.0
s__Faecalicatena_orotica	0	0.0	0.0	0.0	0.0	0.0	0.0	0.0	0.0	0.0	0.0	0.0	0.0	0.0	0.00117	0.0	0.0	0.0	0.0	0.0	0.0	0.0	0.0	0.0	0.0	0.0	0.0	0.0	0.0	0.0	0.0	0.0	0.0	0.0	0.0	0.0	0.0	0.0	0.0	0.0
s__Enterococcus_faecium	0	0.0	0.0	0.0	0.0	0.0	0.0	0.0	0.0	0.0	0.0	0.0	0.0	0.0	0.0	2.76082	0.0	0.0	0.0	0.40709	0.0	0.0	0.0	0.03934	0.0	0.0	0.07583	0.0	0.0	0.0	0.0	0.0	0.0	0.0	0.0	0.0	0.0	0.0	0.0	0.0
s__Lactobacillus_ruminis	0	0.0	0.0	0.0	0.0	0.0	0.0	0.0	0.0	0.0	0.0	0.0	0.0	0.0	0.0	1.07442	0.0	0.0	0.0	0.0	0.0	0.0	0.0	0.0	0.0	0.0	0.0	0.0	0.0	0.0	0.0	0.0	0.0	0.0	0.0	0.0	0.0	0.0	0.0	0.0
s__Bifidobacterium_catenulatum	0	0.0	0.0	0.0	0.0	0.0	0.0	0.0	0.0	0.0	0.0	0.0	0.0	0.0	0.0	0.03411	0.0	0.0	0.0	0.0	0.0	0.0	0.0	0.0	0.0	0.0	0.0	0.0	0.0	0.0	0.0	0.0	0.0	0.0	0.0	0.0	0.0	0.0	0.0	0.0
s__Leuconostoc_pseudomesenteroides	0	0.0	0.0	0.0	0.0	0.0	0.0	0.0	0.0	0.0	0.0	0.0	0.0	0.0	0.0	0.02928	0.0	0.0	0.0	0.0	0.0	0.0	0.0	0.0	0.0	0.0	0.0	0.0	0.0	0.0	0.0	0.0	0.0	0.0	0.0	0.0	0.0	0.0	0.0	0.0
s__Leuconostoc_citreum	0	0.0	0.0	0.0	0.0	0.0	0.0	0.0	0.0	0.0	0.0	0.0	0.0	0.0	0.0	0.0197	0.0	0.0	0.0	0.0	0.0	0.0	0.0	0.0	0.0	0.0	0.0	0.0	0.0	0.0	0.0	0.0	0.0	0.0	0.0	0.0	0.0	0.0	0.0	0.0
s__Lactobacillus_animalis	0	0.0	0.0	0.0	0.0	0.0	0.0	0.0	0.0	0.0	0.0	0.0	0.0	0.0	0.0	0.00748	0.0	0.0	0.0	0.0	0.0	0.0	0.0	0.0	0.0	0.0	0.0	0.38125	0.28727	0.0	0.0	0.0	0.0	0.0	0.0	0.0	0.0	0.0	0.0	0.0
s__Eubacterium_callanderi	0	0.0	0.0	0.0	0.0	0.0	0.0	0.0	0.0	0.0	0.0	0.0	0.0	0.0	0.0	0.0039	0.0	0.0	0.0	0.0	0.0	0.0	0.0	0.0	0.0	0.0	0.0	0.0	0.00038	0.0	0.0	0.0003	0.0	0.0	0.0	0.0	0.0	0.0	0.0	0.0
s__Butyribacterium_methylotrophicum	0	0.0	0.0	0.0	0.0	0.0	0.0	0.0	0.0	0.0	0.0	0.0	0.0	0.0	0.0	0.00254	0.0	0.0	0.0	0.0	0.00331	0.0	0.0	0.0	0.0	0.0	0.0	0.0	0.0	0.0	0.0	0.00901	0.0	0.0	0.0	0.0	0.0	0.0	0.0	0.0
s__Eubacterium_sp_CAG_180	0	0.0	0.0	0.0	0.0	0.0	0.0	0.0	0.0	0.0	0.0	0.0	0.0	0.0	0.0	0.0	9.29188	0.0	0.0	0.0	0.0	0.0	0.0	0.0	0.0	0.0	0.0	6.69279	4.88999	0.0	0.0	0.0	0.0	0.0	0.0	0.0	0.0	0.0	0.0	0.0
s__Bacteroides_fluxus	0	0.0	0.0	0.0	0.0	0.0	0.0	0.0	0.0	0.0	0.0	0.0	0.0	0.0	0.0	0.0	2.11416	0.0	0.0	0.0	0.0	0.0	0.0	0.0	0.0	0.0	0.0	0.0	0.0	0.0	0.0	0.0	0.0	0.0	0.0	0.0	0.0	0.0	0.0	0.0
s__Bifidobacterium_pseudocatenulatum	0	0.0	0.0	0.0	0.0	0.0	0.0	0.0	0.0	0.0	0.0	0.0	0.0	0.0	0.0	0.0	0.56644	0.0	0.00387	10.23914	2.77644	0.0	0.0	0.00639	0.0	0.0	0.0	0.0	0.0	0.0	0.0	0.21648	0.0	0.0	0.0	0.18771	0.0	0.0	0.0	0.0
s__Enterobacter_mori	0	0.0	0.0	0.0	0.0	0.0	0.0	0.0	0.0	0.0	0.0	0.0	0.0	0.0	0.0	0.0	0.0342	0.0	0.0	0.0	0.0	0.0	0.0	0.0	0.0	0.0	0.0	0.0	0.0	0.0	0.0	0.0	0.0	0.0	0.0	0.0	0.0	0.0	0.0	0.0
s__Clostridiales_bacterium_1_7_47FAA	0	0.0	0.0	0.0	0.0	0.0	0.0	0.0	0.0	0.0	0.0	0.0	0.0	0.0	0.0	0.0	0.00011	0.0	0.0	0.0	0.00025	0.0	0.00016	0.0	0.0	0.0	0.00221	0.0	0.0	0.03175	0.0	0.0	0.0	0.00623	0.0	0.00351	0.0	0.0	0.0	0.0
s__Bacteroides_faecis	0	0.0	0.0	0.0	0.0	0.0	0.0	0.0	0.0	0.0	0.0	0.0	0.0	0.0	0.0	0.0	0.0	1.07913	0.0	2.52214	0.0	0.0	0.0	0.0	0.0	0.0	0.0	0.0	0.0	0.62164	0.11213	5.01824	0.0	2.20963	0.0	2.71546	2.8896	2.22574	0.0	0.00144
s__Bacteroides_faecis_CAG_32	0	0.0	0.0	0.0	0.0	0.0	0.0	0.0	0.0	0.0	0.0	0.0	0.0	0.0	0.0	0.0	0.0	0.40398	0.0	0.0	0.0	0.0	0.0	0.0	0.0	0.0	0.0	0.0	0.0	0.0	0.0	0.0	0.0	2.61054	0.0	0.02562	0.0	0.0	0.0	0.0
s__Prevotella_sp_CAG_1124	0	0.0	0.0	0.0	0.0	0.0	0.0	0.0	0.0	0.0	0.0	0.0	0.0	0.0	0.0	0.0	0.0	0.0	23.68462	0.0	0.0	0.0	0.0	0.0	0.0	0.0	0.0	0.0	0.0	0.0	0.0	0.0	0.0	0.0	0.0	0.0	0.0	0.0	0.0	0.0
s__Prevotella_sp_CAG_1058	0	0.0	0.0	0.0	0.0	0.0	0.0	0.0	0.0	0.0	0.0	0.0	0.0	0.0	0.0	0.0	0.0	0.0	2.93389	0.0	0.0	0.0	0.0	0.0	0.0	0.0	0.0	0.0	0.0	0.0	0.0	0.0	0.0	0.0	0.0	0.0	0.0	0.0	0.0	0.0
s__Bacteroides_sp_CAG_661	0	0.0	0.0	0.0	0.0	0.0	0.0	0.0	0.0	0.0	0.0	0.0	0.0	0.0	0.0	0.0	0.0	0.0	1.2497	0.0	0.0	0.0	0.0	0.0	0.0	0.0	0.0	0.0	0.0	0.0	0.0	0.0	0.0	0.0	0.0	0.0	0.0	0.0	0.0	0.0
s__Phascolarctobacterium_succinatutens	0	0.0	0.0	0.0	0.0	0.0	0.0	0.0	0.0	0.0	0.0	0.0	0.0	0.0	0.0	0.0	0.0	0.0	0.67463	0.11488	0.0	0.0	0.0	0.0	0.0	0.0	0.0	0.0	0.0	0.0	0.0	0.0	0.0	0.0	0.0	0.0	0.0	0.0	0.0	2.5472
s__Bacteroides_sp_CAG_462	0	0.0	0.0	0.0	0.0	0.0	0.0	0.0	0.0	0.0	0.0	0.0	0.0	0.0	0.0	0.0	0.0	0.0	0.11143	0.0	0.0	0.0	0.0	0.0	0.0	0.0	0.0	0.0	0.0	0.0	0.0	0.0	0.0	0.0	0.0	0.0	0.0	0.0	0.0	0.0
s__Parabacteroides_sp_CAG_409	0	0.0	0.0	0.0	0.0	0.0	0.0	0.0	0.0	0.0	0.0	0.0	0.0	0.0	0.0	0.0	0.0	0.0	0.10176	0.0	0.0	0.0	0.0	0.0	0.0	0.0	0.0	0.0	0.0	0.0	0.0	0.0	0.0	0.0	0.0	0.0	0.0	0.0	0.0	0.0
s__Clostridium_sp_CAG_253	0	0.0	0.0	0.0	0.0	0.0	0.0	0.0	0.0	0.0	0.0	0.0	0.0	0.0	0.0	0.0	0.0	0.0	0.04334	0.0	0.0	0.0	0.0	0.0	0.0	0.0	0.0	0.0	0.0	0.0	0.0	0.0	0.0	0.0	0.0	0.0	0.0	0.0	0.0	0.0
s__Catenibacterium_mitsuokai	0	0.0	0.0	0.0	0.0	0.0	0.0	0.0	0.0	0.0	0.0	0.0	0.0	0.0	0.0	0.0	0.0	0.0	0.03823	0.0	0.0	0.0	0.0	0.0	0.0	0.0	0.0	0.0	0.0	0.0	0.0	0.0	0.0	0.0	0.0	0.0	0.0	0.0	0.0	0.0
s__Citrobacter_braakii	0	0.0	0.0	0.0	0.0	0.0	0.0	0.0	0.0	0.0	0.0	0.0	0.0	0.0	0.0	0.0	0.0	0.0	0.02842	0.0	0.0	0.0	0.0	0.0	0.011	0.0	0.0	0.0	0.0	0.0	0.0	0.0	0.0	0.0	0.0	0.0	0.0	0.0	0.0	0.0
s__Lactobacillus_acidophilus	0	0.0	0.0	0.0	0.0	0.0	0.0	0.0	0.0	0.0	0.0	0.0	0.0	0.0	0.0	0.0	0.0	0.0	0.00694	0.0937	0.0	0.0	0.0	0.0	0.0	0.0	0.0	0.0	0.0	0.00362	0.0	0.0	0.0	0.0	0.0	0.0	0.0	0.0	0.0	0.0
s__Klebsiella_oxytoca	0	0.0	0.0	0.0	0.0	0.0	0.0	0.0	0.0	0.0	0.0	0.0	0.0	0.0	0.0	0.0	0.0	0.0	0.00134	0.0	0.0	0.0	0.0	0.0	0.0	0.0	0.0	0.03704	0.01974	0.0	0.0	0.0	0.0	0.0	0.0	0.0	0.0	0.0	0.0	0.00697
s__Megasphaera_sp_MJR8396C	0	0.0	0.0	0.0	0.0	0.0	0.0	0.0	0.0	0.0	0.0	0.0	0.0	0.0	0.0	0.0	0.0	0.0	0.0	3.01958	0.0	0.0	0.0	0.0	0.0	0.0	0.0	0.0	0.0	0.0	0.0	0.0	0.0	0.0	0.0	0.0	0.0	0.0	0.0	0.0
s__Lactobacillus_salivarius	0	0.0	0.0	0.0	0.0	0.0	0.0	0.0	0.0	0.0	0.0	0.0	0.0	0.0	0.0	0.0	0.0	0.0	0.0	0.21371	0.0	0.0	0.0	0.0	0.0	0.0	0.0	0.0	0.0	0.0	0.0	0.0	0.0	0.0	0.0	0.0	0.0	0.0	0.0	0.0
s__Finegoldia_magna	0	0.0	0.0	0.0	0.0	0.0	0.0	0.0	0.0	0.0	0.0	0.0	0.0	0.0	0.0	0.0	0.0	0.0	0.0	0.08346	0.0	0.0	0.0	0.0	0.0	0.0	0.0	0.0	0.0	0.0	0.0	0.0	0.0	0.0	0.0	0.0	0.0	0.0	0.0	0.0
s__Actinomyces_sp_oral_taxon_448	0	0.0	0.0	0.0	0.0	0.0	0.0	0.0	0.0	0.0	0.0	0.0	0.0	0.0	0.0	0.0	0.0	0.0	0.0	0.0811	0.0	0.0	0.0	0.0	0.0	0.0	0.0	0.0	0.0	0.0	0.0	0.0	0.0	0.0	0.0	0.0	0.0	0.0	0.0	0.0
s__Bifidobacterium_angulatum	0	0.0	0.0	0.0	0.0	0.0	0.0	0.0	0.0	0.0	0.0	0.0	0.0	0.0	0.0	0.0	0.0	0.0	0.0	0.07334	0.0	0.0	0.0	0.0	0.0	0.0	0.0	0.0	0.0	0.0	0.0	0.0	0.0	0.0	0.0	0.0	0.0	0.0	0.0	0.0
s__Streptococcus_agalactiae	0	0.0	0.0	0.0	0.0	0.0	0.0	0.0	0.0	0.0	0.0	0.0	0.0	0.0	0.0	0.0	0.0	0.0	0.0	0.03933	0.0	0.0	0.0	0.0	0.0	0.0	0.0	0.0	0.0	0.0	0.0	0.0	0.0	0.0	0.0	0.0	0.0	0.0	0.0	0.0
s__Pediococcus_acidilactici	0	0.0	0.0	0.0	0.0	0.0	0.0	0.0	0.0	0.0	0.0	0.0	0.0	0.0	0.0	0.0	0.0	0.0	0.0	0.03664	0.0	0.0	0.01491	0.0	0.0	0.0	0.0	0.0	0.0	0.0	0.0	0.0	0.0	0.0	0.0	0.0	0.0	0.0	0.0	0.0
s__Anaerococcus_vaginalis	0	0.0	0.0	0.0	0.0	0.0	0.0	0.0	0.0	0.0	0.0	0.0	0.0	0.0	0.0	0.0	0.0	0.0	0.0	0.03562	0.0	0.0	0.0	0.0	0.0	0.0	0.0	0.0	0.0	0.0	0.0	0.0	0.0	0.0	0.0	0.0	0.0	0.0	0.0	0.0
s__Prevotella_bivia	0	0.0	0.0	0.0	0.0	0.0	0.0	0.0	0.0	0.0	0.0	0.0	0.0	0.0	0.0	0.0	0.0	0.0	0.0	0.03295	0.0	0.0	0.0	0.0	0.0	0.0	0.0	0.0	0.0	0.0	0.0	0.00515	0.0	0.0	0.0	0.0	0.0	0.0	0.0	0.0
s__Peptoniphilus_harei	0	0.0	0.0	0.0	0.0	0.0	0.0	0.0	0.0	0.0	0.0	0.0	0.0	0.0	0.0	0.0	0.0	0.0	0.0	0.02896	0.0	0.0	0.0	0.0	0.0	0.0	0.0	0.0	0.0	0.0	0.0	0.0	0.0	0.0	0.0	0.0	0.0	0.0	0.0	0.0
s__Streptococcus_downei	0	0.0	0.0	0.0	0.0	0.0	0.0	0.0	0.0	0.0	0.0	0.0	0.0	0.0	0.0	0.0	0.0	0.0	0.0	0.01583	0.0	0.0	0.0	0.0	0.0	0.0	0.0	0.0	0.0	0.0	0.0	0.0	0.0	0.0	0.0	0.0	0.0	0.0	0.0	0.0
s__Actinomyces_sp_oral_taxon_180	0	0.0	0.0	0.0	0.0	0.0	0.0	0.0	0.0	0.0	0.0	0.0	0.0	0.0	0.0	0.0	0.0	0.0	0.0	0.01237	0.0	0.0	0.0	0.0	0.0	0.0	0.0	0.0	0.0	0.0	0.0	0.0	0.0	0.0	0.0	0.0	0.0	0.0	0.0	0.0
s__Porphyromonas_asaccharolytica	0	0.0	0.0	0.0	0.0	0.0	0.0	0.0	0.0	0.0	0.0	0.0	0.0	0.0	0.0	0.0	0.0	0.0	0.0	0.01016	0.0	0.0	0.0	0.00293	0.0	0.0	0.0	0.0	0.0	0.0	0.0	0.0	0.0	0.0	0.0	0.00432	0.0	0.0	0.0	0.00797
s__Lactobacillus_gasseri	0	0.0	0.0	0.0	0.0	0.0	0.0	0.0	0.0	0.0	0.0	0.0	0.0	0.0	0.0	0.0	0.0	0.0	0.0	0.00993	0.0	0.0	0.0	0.0	0.0	0.0	0.0	0.0	0.0	0.00602	0.0	0.0	0.0	0.0	0.0	0.0	0.0	0.0	0.0	0.0
s__Enterococcus_gallinarum	0	0.0	0.0	0.0	0.0	0.0	0.0	0.0	0.0	0.0	0.0	0.0	0.0	0.0	0.0	0.0	0.0	0.0	0.0	0.00942	0.0	0.0	0.0	0.0	0.0	0.0	0.0	0.0	0.0	0.0	0.0	0.0	0.0	0.0	0.0	0.0	0.0	0.0	0.0	0.0
s__Lachnoclostridium_sp_An14	0	0.0	0.0	0.0	0.0	0.0	0.0	0.0	0.0	0.0	0.0	0.0	0.0	0.0	0.0	0.0	0.0	0.0	0.0	0.00673	0.0	0.0	0.0	0.0	0.0	0.0	0.0	0.0	0.0	0.0	0.0	0.0	0.0	0.0	0.0	0.0	0.0	0.0	0.0	0.0
s__Actinomyces_johnsonii	0	0.0	0.0	0.0	0.0	0.0	0.0	0.0	0.0	0.0	0.0	0.0	0.0	0.0	0.0	0.0	0.0	0.0	0.0	0.00339	0.0	0.0	0.0	0.0	0.00152	0.0	0.0	0.0	0.0	0.0	0.0	0.0	0.0	0.0	0.0	0.00245	0.0	0.0	0.0	0.0
s__Dialister_pneumosintes	0	0.0	0.0	0.0	0.0	0.0	0.0	0.0	0.0	0.0	0.0	0.0	0.0	0.0	0.0	0.0	0.0	0.0	0.0	0.00327	0.0	0.0	0.0	0.0	0.0	0.0	0.0	0.0	0.0	0.0	0.0	0.0	0.0	0.0	0.0	0.0	0.0	0.0	0.0	0.1245
s__Scardovia_inopinata	0	0.0	0.0	0.0	0.0	0.0	0.0	0.0	0.0	0.0	0.0	0.0	0.0	0.0	0.0	0.0	0.0	0.0	0.0	0.00265	0.0	0.0	0.0	0.0	0.0	0.0	0.0	0.0	0.0	0.0	0.0	0.0	0.0	0.0	0.0	0.0	0.0	0.0	0.0	0.0
s__Streptococcus_milleri	0	0.0	0.0	0.0	0.0	0.0	0.0	0.0	0.0	0.0	0.0	0.0	0.0	0.0	0.0	0.0	0.0	0.0	0.0	0.00212	0.0	0.0	0.0	0.0	0.0	0.0	0.0	0.0	0.0	0.0	0.0	0.0	0.0	0.0	0.0	0.0	0.0	0.0	0.0	0.0
s__Parascardovia_denticolens	0	0.0	0.0	0.0	0.0	0.0	0.0	0.0	0.0	0.0	0.0	0.0	0.0	0.0	0.0	0.0	0.0	0.0	0.0	0.00038	0.0	0.0	0.0	0.0	0.0	0.0	0.0	0.0	0.0	0.0	0.0	0.0	0.0	0.0	0.0	0.0	0.0	0.0	0.0	0.0
s__Prevotella_disiens	0	0.0	0.0	0.0	0.0	0.0	0.0	0.0	0.0	0.0	0.0	0.0	0.0	0.0	0.0	0.0	0.0	0.0	0.0	0.0	0.0038	0.0	0.0	0.00722	0.0	0.0	0.0	0.0	0.0	0.0	0.0	0.0	0.0	0.0	0.0	0.0	0.0	0.0	0.0	0.0
s__Parabacteroides_gordonii	0	0.0	0.0	0.0	0.0	0.0	0.0	0.0	0.0	0.0	0.0	0.0	0.0	0.0	0.0	0.0	0.0	0.0	0.0	0.0	0.0	0.33284	0.0	0.0	0.0	0.0	0.0	0.0	0.0	0.0	0.0	0.0	0.0	0.0	0.0	0.0	0.0	0.0	0.0	0.0
s__Lactobacillus_delbrueckii	0	0.0	0.0	0.0	0.0	0.0	0.0	0.0	0.0	0.0	0.0	0.0	0.0	0.0	0.0	0.0	0.0	0.0	0.0	0.0	0.0	0.05956	0.0	0.0	0.0	0.0	0.0	0.0	0.0	0.0	0.0	0.01327	0.0	0.0	0.0	0.0	0.0	0.0	0.0	0.0
s__Bifidobacterium_pullorum	0	0.0	0.0	0.0	0.0	0.0	0.0	0.0	0.0	0.0	0.0	0.0	0.0	0.0	0.0	0.0	0.0	0.0	0.0	0.0	0.0	0.0	0.00757	0.0	0.0	0.0	0.0	0.0	0.0	0.0	0.0	0.0	0.0	0.0	0.0	0.0	0.0	0.0	0.0	0.0
s__Bifidobacterium_gallinarum	0	0.0	0.0	0.0	0.0	0.0	0.0	0.0	0.0	0.0	0.0	0.0	0.0	0.0	0.0	0.0	0.0	0.0	0.0	0.0	0.0	0.0	0.00048	0.0	0.0	0.0	0.0	0.0	0.0	0.0	0.0	0.0	0.0	0.0	0.0	0.0	0.0	0.0	0.0	0.0
s__Prevotella_buccalis	0	0.0	0.0	0.0	0.0	0.0	0.0	0.0	0.0	0.0	0.0	0.0	0.0	0.0	0.0	0.0	0.0	0.0	0.0	0.0	0.0	0.0	0.0	0.00715	0.0	0.0	0.0	0.0	0.0	0.0	0.0	0.0	0.0	0.0	0.0	0.00073	0.0	0.0	0.0	0.0
s__Peptococcus_niger	0	0.0	0.0	0.0	0.0	0.0	0.0	0.0	0.0	0.0	0.0	0.0	0.0	0.0	0.0	0.0	0.0	0.0	0.0	0.0	0.0	0.0	0.0	0.0	0.23031	0.0	0.0	0.0	0.0	0.0	0.0	0.0	0.0	0.0	0.0	0.0	0.0	0.0	0.0	0.0
s__Pseudoflavonifractor_sp_An184	0	0.0	0.0	0.0	0.0	0.0	0.0	0.0	0.0	0.0	0.0	0.0	0.0	0.0	0.0	0.0	0.0	0.0	0.0	0.0	0.0	0.0	0.0	0.0	0.02669	0.0	0.0	0.0	0.0	0.0	0.0	0.0	0.0	0.0	0.0	0.0	0.0	0.0	0.0	0.0
s__Gemella_asaccharolytica	0	0.0	0.0	0.0	0.0	0.0	0.0	0.0	0.0	0.0	0.0	0.0	0.0	0.0	0.0	0.0	0.0	0.0	0.0	0.0	0.0	0.0	0.0	0.0	0.00801	0.0	0.0	0.0	0.0	0.0	0.0	0.0	0.0	0.0	0.0	0.0	0.0	0.0	0.0	0.0
s__Bacteroides_plebeius	0	0.0	0.0	0.0	0.0	0.0	0.0	0.0	0.0	0.0	0.0	0.0	0.0	0.0	0.0	0.0	0.0	0.0	0.0	0.0	0.0	0.0	0.0	0.0	0.0	11.91653	0.0	0.0	0.0	0.0	0.0	0.0	0.0	0.0	0.0	0.0	0.0	0.0	0.0	0.0
s__Prevotella_sp_MGM2	0	0.0	0.0	0.0	0.0	0.0	0.0	0.0	0.0	0.0	0.0	0.0	0.0	0.0	0.0	0.0	0.0	0.0	0.0	0.0	0.0	0.0	0.0	0.0	0.0	0.11743	0.0	0.0	0.0	0.0	0.0	0.0	0.0	0.0	0.0	0.0	0.0	0.0	0.0	0.0
s__Eubacterium_sulci	0	0.0	0.0	0.0	0.0	0.0	0.0	0.0	0.0	0.0	0.0	0.0	0.0	0.0	0.0	0.0	0.0	0.0	0.0	0.0	0.0	0.0	0.0	0.0	0.0	0.00419	0.0	0.0	0.0	0.00097	0.0	0.00091	0.0	0.0	0.0	0.00288	0.0	0.0	0.0	0.0
s__Firmicutes_bacterium_CAG_646	0	0.0	0.0	0.0	0.0	0.0	0.0	0.0	0.0	0.0	0.0	0.0	0.0	0.0	0.0	0.0	0.0	0.0	0.0	0.0	0.0	0.0	0.0	0.0	0.0	0.00277	0.0	0.0	0.0	0.0	0.0	0.0	0.0	0.0	0.0	0.0	0.0	0.0	0.0	0.0
s__Bifidobacterium_pseudolongum	0	0.0	0.0	0.0	0.0	0.0	0.0	0.0	0.0	0.0	0.0	0.0	0.0	0.0	0.0	0.0	0.0	0.0	0.0	0.0	0.0	0.0	0.0	0.0	0.0	0.0	0.01035	0.0	0.0	0.0	0.0	0.0	0.0	0.0	0.0	0.0	0.0	0.0	0.0	0.0
s__Aggregatibacter_aphrophilus	0	0.0	0.0	0.0	0.0	0.0	0.0	0.0	0.0	0.0	0.0	0.0	0.0	0.0	0.0	0.0	0.0	0.0	0.0	0.0	0.0	0.0	0.0	0.0	0.0	0.0	0.01007	0.0	0.0	0.0	0.0	0.0	0.0	0.0	0.0	0.0	0.0	0.0	0.0	0.0
s__Clostridium_paraputrificum	0	0.0	0.0	0.0	0.0	0.0	0.0	0.0	0.0	0.0	0.0	0.0	0.0	0.0	0.0	0.0	0.0	0.0	0.0	0.0	0.0	0.0	0.0	0.0	0.0	0.0	0.00744	0.57972	0.42483	0.0	0.0	0.0	0.0	0.0	0.0	0.0	0.0	0.0	0.0	0.0512
s__Abiotrophia_sp_HMSC24B09	0	0.0	0.0	0.0	0.0	0.0	0.0	0.0	0.0	0.0	0.0	0.0	0.0	0.0	0.0	0.0	0.0	0.0	0.0	0.0	0.0	0.0	0.0	0.0	0.0	0.0	0.00057	0.0	0.0	0.0	0.0	0.0	0.0	0.0	0.0	0.0	0.0	0.0	0.0	0.0
s__Aeromonas_dhakensis	0	0.0	0.0	0.0	0.0	0.0	0.0	0.0	0.0	0.0	0.0	0.0	0.0	0.0	0.0	0.0	0.0	0.0	0.0	0.0	0.0	0.0	0.0	0.0	0.0	0.0	0.0	0.11292	0.08767	0.0	0.0	0.0	0.0	0.0	0.0	0.0	0.0	0.0	0.0	0.0
s__Victivallis_vadensis	0	0.0	0.0	0.0	0.0	0.0	0.0	0.0	0.0	0.0	0.0	0.0	0.0	0.0	0.0	0.0	0.0	0.0	0.0	0.0	0.0	0.0	0.0	0.0	0.0	0.0	0.0	0.03733	0.0225	0.0	0.0	0.0	0.0	0.00621	0.0	0.0	0.0	0.0	0.0	0.0
s__Faecalicoccus_pleomorphus	0	0.0	0.0	0.0	0.0	0.0	0.0	0.0	0.0	0.0	0.0	0.0	0.0	0.0	0.0	0.0	0.0	0.0	0.0	0.0	0.0	0.0	0.0	0.0	0.0	0.0	0.0	0.03676	0.01953	0.0	0.0	0.0	0.0	0.0	0.0	0.0	0.0	0.0	0.0	0.0
s__Aeromonas_hydrophila	0	0.0	0.0	0.0	0.0	0.0	0.0	0.0	0.0	0.0	0.0	0.0	0.0	0.0	0.0	0.0	0.0	0.0	0.0	0.0	0.0	0.0	0.0	0.0	0.0	0.0	0.0	0.01605	0.00882	0.0	0.0	0.0	0.0	0.0	0.0	0.0	0.0	0.0	0.0	0.0
s__Erysipelothrix_larvae	0	0.0	0.0	0.0	0.0	0.0	0.0	0.0	0.0	0.0	0.0	0.0	0.0	0.0	0.0	0.0	0.0	0.0	0.0	0.0	0.0	0.0	0.0	0.0	0.0	0.0	0.0	0.01044	0.00595	0.0	0.0	0.00067	0.0004	0.0	0.0	0.0	0.0	0.0	0.0	0.0
s__Clostridium_butyricum	0	0.0	0.0	0.0	0.0	0.0	0.0	0.0	0.0	0.0	0.0	0.0	0.0	0.0	0.0	0.0	0.0	0.0	0.0	0.0	0.0	0.0	0.0	0.0	0.0	0.0	0.0	0.00861	0.00428	0.0	0.0	0.0	0.0	0.0	0.0	0.0	0.0	0.0	0.0	0.0
s__Lactococcus_piscium	0	0.0	0.0	0.0	0.0	0.0	0.0	0.0	0.0	0.0	0.0	0.0	0.0	0.0	0.0	0.0	0.0	0.0	0.0	0.0	0.0	0.0	0.0	0.0	0.0	0.0	0.0	0.00081	0.0	0.0	0.0	0.0	0.0	0.0	0.0	0.0	0.0	0.0	0.0	0.0
s__Leptotrichia_wadei	0	0.0	0.0	0.0	0.0	0.0	0.0	0.0	0.0	0.0	0.0	0.0	0.0	0.0	0.0	0.0	0.0	0.0	0.0	0.0	0.0	0.0	0.0	0.0	0.0	0.0	0.0	0.00042	0.0	0.0	0.0	0.0	0.0	0.0	0.0	0.0	0.0	0.0	0.0	0.0
s__Lactobacillus_fermentum	0	0.0	0.0	0.0	0.0	0.0	0.0	0.0	0.0	0.0	0.0	0.0	0.0	0.0	0.0	0.0	0.0	0.0	0.0	0.0	0.0	0.0	0.0	0.0	0.0	0.0	0.0	0.0	0.0	0.28554	0.0	0.0	0.0	0.0	0.0	0.0	0.0	0.0	0.0	0.0
s__Bifidobacterium_animalis	0	0.0	0.0	0.0	0.0	0.0	0.0	0.0	0.0	0.0	0.0	0.0	0.0	0.0	0.0	0.0	0.0	0.0	0.0	0.0	0.0	0.0	0.0	0.0	0.0	0.0	0.0	0.0	0.0	0.01252	0.0	0.0	0.0	0.0	0.0	0.0	0.0	0.0	0.0	0.0
s__Hafnia_paralvei	0	0.0	0.0	0.0	0.0	0.0	0.0	0.0	0.0	0.0	0.0	0.0	0.0	0.0	0.0	0.0	0.0	0.0	0.0	0.0	0.0	0.0	0.0	0.0	0.0	0.0	0.0	0.0	0.0	0.00408	0.0	0.0	0.0	0.0	0.0	0.0	0.0	0.0	0.0	0.0
s__Propionibacterium_freudenreichii	0	0.0	0.0	0.0	0.0	0.0	0.0	0.0	0.0	0.0	0.0	0.0	0.0	0.0	0.0	0.0	0.0	0.0	0.0	0.0	0.0	0.0	0.0	0.0	0.0	0.0	0.0	0.0	0.0	0.0	0.0	0.17085	0.0	0.0	0.0	0.0	0.0	0.0	0.01087	0.0
s__Bacteroides_sp_CAG_144	0	0.0	0.0	0.0	0.0	0.0	0.0	0.0	0.0	0.0	0.0	0.0	0.0	0.0	0.0	0.0	0.0	0.0	0.0	0.0	0.0	0.0	0.0	0.0	0.0	0.0	0.0	0.0	0.0	0.0	0.0	0.04928	0.0	0.0	0.0	0.0	0.0	0.0	1.13809	0.0
s__Anaerofilum_sp_An201	0	0.0	0.0	0.0	0.0	0.0	0.0	0.0	0.0	0.0	0.0	0.0	0.0	0.0	0.0	0.0	0.0	0.0	0.0	0.0	0.0	0.0	0.0	0.0	0.0	0.0	0.0	0.0	0.0	0.0	0.0	0.0	0.07187	0.0	0.0	0.0	0.0	0.0	0.0	0.0
s__Pseudomonas_aeruginosa_group	0	0.0	0.0	0.0	0.0	0.0	0.0	0.0	0.0	0.0	0.0	0.0	0.0	0.0	0.0	0.0	0.0	0.0	0.0	0.0	0.0	0.0	0.0	0.0	0.0	0.0	0.0	0.0	0.0	0.0	0.0	0.0	0.0042	0.0	0.0	0.0	0.0	0.0	0.0	0.0
s__Clostridium_sp_D5	0	0.0	0.0	0.0	0.0	0.0	0.0	0.0	0.0	0.0	0.0	0.0	0.0	0.0	0.0	0.0	0.0	0.0	0.0	0.0	0.0	0.0	0.0	0.0	0.0	0.0	0.0	0.0	0.0	0.0	0.0	0.0	0.00059	0.0	0.0	0.0	0.0	0.0	0.01801	0.0
s__Megamonas_funiformis	0	0.0	0.0	0.0	0.0	0.0	0.0	0.0	0.0	0.0	0.0	0.0	0.0	0.0	0.0	0.0	0.0	0.0	0.0	0.0	0.0	0.0	0.0	0.0	0.0	0.0	0.0	0.0	0.0	0.0	0.0	0.0	0.0	1.41242	0.0	0.0	0.0	0.0	0.0	0.0
s__Megamonas_hypermegale	0	0.0	0.0	0.0	0.0	0.0	0.0	0.0	0.0	0.0	0.0	0.0	0.0	0.0	0.0	0.0	0.0	0.0	0.0	0.0	0.0	0.0	0.0	0.0	0.0	0.0	0.0	0.0	0.0	0.0	0.0	0.0	0.0	0.68614	0.0	0.0	0.0	0.0	0.0	0.0
s__Pseudoflavonifractor_capillosus	0	0.0	0.0	0.0	0.0	0.0	0.0	0.0	0.0	0.0	0.0	0.0	0.0	0.0	0.0	0.0	0.0	0.0	0.0	0.0	0.0	0.0	0.0	0.0	0.0	0.0	0.0	0.0	0.0	0.0	0.0	0.0	0.0	0.0	0.01196	0.0	0.0	0.00089	0.0	0.0
s__Prevotella_timonensis	0	0.0	0.0	0.0	0.0	0.0	0.0	0.0	0.0	0.0	0.0	0.0	0.0	0.0	0.0	0.0	0.0	0.0	0.0	0.0	0.0	0.0	0.0	0.0	0.0	0.0	0.0	0.0	0.0	0.0	0.0	0.0	0.0	0.0	0.0	0.01373	0.0	0.0	0.0	0.0
s__Granulicatella_adiacens	0	0.0	0.0	0.0	0.0	0.0	0.0	0.0	0.0	0.0	0.0	0.0	0.0	0.0	0.0	0.0	0.0	0.0	0.0	0.0	0.0	0.0	0.0	0.0	0.0	0.0	0.0	0.0	0.0	0.0	0.0	0.0	0.0	0.0	0.0	0.00182	0.0	0.0	0.0	0.0
s__Aeromonas_caviae	0	0.0	0.0	0.0	0.0	0.0	0.0	0.0	0.0	0.0	0.0	0.0	0.0	0.0	0.0	0.0	0.0	0.0	0.0	0.0	0.0	0.0	0.0	0.0	0.0	0.0	0.0	0.0	0.0	0.0	0.0	0.0	0.0	0.0	0.0	0.0	0.05701	0.0	0.0	0.0
s__Bacteroides_coprocola	0	0.0	0.0	0.0	0.0	0.0	0.0	0.0	0.0	0.0	0.0	0.0	0.0	0.0	0.0	0.0	0.0	0.0	0.0	0.0	0.0	0.0	0.0	0.0	0.0	0.0	0.0	0.0	0.0	0.0	0.0	0.0	0.0	0.0	0.0	0.0	0.0	1.74433	0.0	0.0
s__Desulfovibrio_piger	0	0.0	0.0	0.0	0.0	0.0	0.0	0.0	0.0	0.0	0.0	0.0	0.0	0.0	0.0	0.0	0.0	0.0	0.0	0.0	0.0	0.0	0.0	0.0	0.0	0.0	0.0	0.0	0.0	0.0	0.0	0.0	0.0	0.0	0.0	0.0	0.0	0.0	1.25339	0.0
s__Desulfovibrionaceae_bacterium	0	0.0	0.0	0.0	0.0	0.0	0.0	0.0	0.0	0.0	0.0	0.0	0.0	0.0	0.0	0.0	0.0	0.0	0.0	0.0	0.0	0.0	0.0	0.0	0.0	0.0	0.0	0.0	0.0	0.0	0.0	0.0	0.0	0.0	0.0	0.0	0.0	0.0	0.62811	0.0
s__Ruminococcus_sp_CAG_330	0	0.0	0.0	0.0	0.0	0.0	0.0	0.0	0.0	0.0	0.0	0.0	0.0	0.0	0.0	0.0	0.0	0.0	0.0	0.0	0.0	0.0	0.0	0.0	0.0	0.0	0.0	0.0	0.0	0.0	0.0	0.0	0.0	0.0	0.0	0.0	0.0	0.0	0.0	0.03582
s__Neisseria_flavescens	0	0.0	0.0	0.0	0.0	0.0	0.0	0.0	0.0	0.0	0.0	0.0	0.0	0.0	0.0	0.0	0.0	0.0	0.0	0.0	0.0	0.0	0.0	0.0	0.0	0.0	0.0	0.0	0.0	0.0	0.0	0.0	0.0	0.0	0.0	0.0	0.0	0.0	0.0	0.01028
s__Neisseria_subflava	0	0.0	0.0	0.0	0.0	0.0	0.0	0.0	0.0	0.0	0.0	0.0	0.0	0.0	0.0	0.0	0.0	0.0	0.0	0.0	0.0	0.0	0.0	0.0	0.0	0.0	0.0	0.0	0.0	0.0	0.0	0.0	0.0	0.0	0.0	0.0	0.0	0.0	0.0	0.0065
