clade_name	NCBI_tax_id	CA01	CA02	CA03	CA04	CA05	CA06	CA08	CA12	CA13	CA14	CA15	CA16	CA17	CA18	CA19	CA20	CA21	CA22	CA23	CA24	CA25	CA26	CA27	CA28	CA29	CA30	CA31	CA32	CA33	CA34	CA35	CA36	CA37	CA38	CA39	CA40	CA41
s__Ruminococcus_torques	0	29.15115	0.00703	2.32671	1.34445	1.17312	1.54853	1.17926	15.90777	1.38453	1.37294	4.20959	1.30995	1.27386	0.50714	5.93729	0.60277	0.0	3.3525	0.00792	3.75497	2.81397	0.0	0.13373	0.95341	0.0	0.77172	0.0	3.00532	0.14526	0.0	0.58637	0.00297	11.68633	3.95035	0.88599	11.93382	3.1786
s__Ruminococcus_gnavus	0	21.33354	0.18761	0.00952	0.0023	0.00881	1.09388	2.18744	1.2756	0.0	0.0	0.16919	0.13217	0.0	0.0	0.54491	0.21895	13.82521	9.53875	0.64877	0.62568	0.0	1.45389	0.17825	0.07625	0.24917	0.12183	30.41967	0.14536	0.02452	0.7022	0.0	0.7763	1.29272	0.1877	0.0	0.08223	0.0
s__Blautia_sp_CAG_257	0	12.81393	0.49943	0.0	0.0	0.0397	1.96066	0.03578	0.14189	0.0	0.0	0.25685	0.0	0.0	0.0	4.10183	0.00048	4.46698	3.14658	0.12458	3.71833	0.0	7.97021	0.0	0.02109	0.00326	0.0	3.62199	0.09269	0.0	0.11861	0.0	0.31319	7.46055	0.43003	0.0	0.06997	0.0
s__Anaerostipes_hadrus	0	8.2974	7.82178	0.24699	1.63711	0.33156	0.55803	1.32736	7.33243	0.66421	0.57541	3.19483	0.07205	0.04418	0.08061	6.21597	0.59709	6.18348	6.40353	3.07029	0.00297	0.49154	0.0	1.17889	0.91458	0.0	0.2187	0.0	0.17916	0.24735	5.8875	0.58928	0.0	0.0	0.0	0.15614	0.50942	0.04099
s__Blautia_hansenii	0	6.49733	0.0647	0.0	0.0	0.0	0.0	0.01814	0.0	0.0	0.0	0.0	0.0	0.0	0.0	0.00248	0.00033	1.11723	4.21719	0.0	0.0	0.0	0.0	0.0	0.0	0.0	0.0	6.23827	0.0	0.0	0.0	0.0	0.0	0.07545	0.0	0.0	0.0	0.0
s__Bifidobacterium_longum	0	3.10274	1.29057	0.25565	0.53401	0.595	1.64404	0.41562	0.98575	1.347	1.02268	0.11213	1.30259	0.38263	0.0	6.30948	0.25132	2.74665	2.32694	0.01041	0.03615	0.37363	0.38582	0.60074	0.84799	4.52052	0.44651	0.0	0.6527	0.3924	0.7468	1.50712	0.0	0.0	0.0	2.42786	0.39046	1.63391
s__Collinsella_aerofaciens	0	2.28631	0.0	2.50288	0.59749	1.81853	2.29992	0.0	3.95442	0.0	0.0	0.74868	12.80648	1.11927	4.40493	2.74603	0.67914	0.0694	5.44989	4.0766	0.00256	1.32909	1.51934	1.8725	12.49086	0.00123	3.69901	0.0	4.15734	2.74909	5.20221	4.96255	2.35125	0.00201	0.96837	1.86864	3.9257	14.82878
s__Catenibacterium_mitsuokai	0	2.11327	0.78071	0.0	0.0	0.0	0.0	0.0	1.04957	0.0	0.0	0.0	0.0	1.45783	4.1864	0.0	0.0	0.0	0.0	0.0	0.0	0.2562	0.34551	0.16661	0.0	0.0	0.0	0.0	0.0	0.36136	0.0	0.0	0.0	0.0	0.0	0.14118	0.0	0.0
s__Coprococcus_comes	0	1.92286	1.87059	0.74816	0.38371	0.0	0.0	0.0	0.82821	1.16069	0.9867	0.64014	0.8235	0.61546	1.68727	0.0	1.38134	0.0	0.0	1.63121	1.0186	2.3006	0.16136	0.4421	2.79256	7.21686	1.80346	0.0	1.7705	0.12915	1.79428	0.0	0.0	0.0	0.0	0.55534	2.80983	2.91747
s__Erysipelatoclostridium_ramosum	0	1.45962	0.06016	0.0	0.0	0.10781	0.23072	0.09353	0.01099	0.00145	0.00322	0.0	0.0	0.0	0.0	0.88819	0.0	1.17863	0.71678	1.49234	0.39564	0.0	0.0	0.0	0.01154	0.04744	0.0	0.48768	0.0	0.0	0.01839	0.0	0.08921	0.27069	0.0562	0.0	0.02805	0.0
s__Lactococcus_lactis	0	1.44638	0.08336	0.0	0.0	0.02177	0.01695	0.01156	0.00429	0.0	0.0	0.03175	0.0	0.01065	0.0	0.00365	0.00592	0.11124	0.05577	0.0	0.0	0.0	0.0	0.0	0.0	0.0	0.0	0.0	0.0	0.0	0.10986	0.0	0.01653	0.02344	0.1139	0.0	0.0	0.0
s__Tyzzerella_nexilis	0	1.0591	0.0	0.00549	0.0	0.0	0.0	0.0	0.0	0.0	0.0	0.0	0.0	0.0	0.0	0.0	0.0	0.38047	0.0171	0.0	0.0	0.0	0.0	0.0	0.0	0.0	0.00257	0.0	0.0	0.0	0.0	0.0	0.0	0.0	0.0	0.0	0.0	0.0
s__Lachnospiraceae_bacterium_2_1_46FAA	0	1.00586	0.0	0.0	0.0	0.0	0.0	0.0	0.0	0.0	0.0	0.0	0.0	0.0	0.0	0.0	0.0	0.0	0.0	0.0	0.0	0.0	0.0	0.0	0.0	0.0	0.0	0.0	0.0	0.0	0.0	0.0	0.0	0.0	0.0	0.0	0.0	0.0
s__Holdemanella_biformis	0	0.91611	0.0	1.23085	0.0	0.0	0.0	0.0	0.40295	0.17504	0.17294	0.0	0.0	0.37536	0.0	0.0	2.65577	0.0	0.0	0.0	2.01479	0.0	0.24171	0.00483	0.0	0.0	0.02673	0.0	0.0	0.0	0.0	0.0	1.01049	0.0	0.0	0.13642	0.51785	0.09049
s__Bifidobacterium_pseudocatenulatum	0	0.62106	0.15137	0.01503	0.18885	3.20643	5.44448	0.03687	0.04988	0.0	0.0	0.0	0.01169	0.01425	0.0	0.0	0.0	0.0	0.10592	0.0	2.14721	0.0	0.25463	0.53185	1.50071	0.0	0.28438	0.0	0.44428	0.0	0.17243	0.0	0.02918	0.0	0.50965	0.0	0.03965	0.0
s__Streptococcus_thermophilus	0	0.6014	0.05678	0.0	0.0	0.03255	0.0	0.00683	0.0	0.0	0.0	0.005	0.0	0.10076	0.0	0.1227	0.00613	0.0335	0.12282	0.0	0.0	0.00559	0.00921	0.0	0.00703	0.0	0.0	0.04236	0.04295	0.0	0.00951	0.0	0.0	0.35971	0.00495	0.0	0.01267	0.0
s__Eubacterium_hallii	0	0.56118	4.52038	0.03272	0.5527	0.48308	4.34017	0.31325	0.78262	0.09501	0.06598	0.17531	0.16242	1.50518	0.95366	0.40835	0.22087	0.0	1.47562	0.51013	0.04519	1.08991	0.0	0.207	2.5481	0.05064	0.35445	0.0	0.94249	1.35048	4.15917	0.15473	0.08425	0.0	0.0	0.81311	2.22639	0.28332
s__Fusicatenibacter_saccharivorans	0	0.37739	2.56182	0.26403	1.04123	1.90069	0.11785	0.26894	1.38139	0.44847	0.64226	0.25255	2.43208	1.96793	0.31927	0.0	0.92959	0.0	0.39334	2.23696	3.79857	1.09877	0.0	0.3114	1.11729	0.20997	0.67865	0.0	1.45563	0.12221	4.19089	1.65247	1.12864	11.29797	1.90846	1.04531	1.27009	1.46416
s__Absiella_dolichum	0	0.36616	0.05637	0.0	0.0	0.0	0.21708	0.0	0.0	0.0	0.0	0.23095	0.0	0.0	0.0	0.11136	0.00512	1.08797	0.37231	0.0	0.0	0.0	0.0	0.0	0.01943	0.0	0.02371	0.0	0.10742	0.0	0.26892	0.0	0.11746	0.78677	0.0022	0.0	0.0252	0.0
s__Dorea_formicigenerans	0	0.36194	1.03383	0.95142	0.11792	0.0	0.0	0.0	0.97397	0.08707	0.07868	0.0	0.23049	0.43886	0.21203	0.0	0.17494	0.0	0.0	0.80892	0.10585	0.98252	0.0	0.11566	0.78804	0.03152	0.44651	0.0	0.69651	0.07657	0.99563	0.23885	2.19371	0.0	0.0	0.433	2.0766	0.78957
s__Eubacterium_dolichum_CAG_375	0	0.36035	0.05612	0.0	0.0	0.0	0.21224	0.0	0.0	0.0	0.0	0.23497	0.0	0.0	0.0	0.1163	0.01517	1.08611	0.3903	0.0	0.0	0.0	0.0	0.0	0.02065	0.0	0.02903	0.0	0.12883	0.0	0.25229	0.0	0.13376	0.78586	0.00397	0.0	0.02925	0.0
s__Agathobaculum_butyriciproducens	0	0.35628	0.33689	0.01778	0.20011	0.07502	0.0	0.39374	0.33827	0.27141	0.25532	0.12699	1.2467	0.19313	0.02717	0.77433	0.07052	0.0	0.43458	1.26656	0.00499	0.69969	0.10954	0.53071	0.75817	0.00812	0.38355	0.56021	0.02776	0.07739	0.93904	0.2517	0.2553	0.0	0.14798	0.20909	0.82955	2.79433
s__Eubacterium_rectale	0	0.3281	10.73341	2.26772	0.02463	0.25004	1.34472	0.10883	6.53361	0.24421	0.28011	5.01067	0.12729	1.96002	1.12275	0.00339	0.26905	0.00532	19.97444	0.00842	0.59177	14.23811	0.00334	10.49731	10.38555	2.9433	0.97403	0.00177	14.04466	0.04918	9.13449	8.18108	3.09222	0.00865	0.32567	16.32076	28.13096	6.0079
s__Dorea_sp_CAG_317	0	0.26766	0.0087	0.0	0.0	0.03854	0.25318	0.0	0.00796	0.0	0.0	0.0	0.00392	0.0	0.0	0.7077	0.0	0.0	0.14583	0.0	0.00248	0.0	0.02724	0.0	0.00456	0.0	0.0	0.0	0.04301	0.01201	0.0	0.0	0.0	1.0894	0.22389	0.0	0.01947	0.0
s__Escherichia_coli	0	0.22753	0.05189	0.07614	0.0	0.0	0.2251	0.01535	1.49829	0.0	0.0	0.00806	0.55288	0.03053	0.0	1.87576	5.10534	0.72985	0.73632	0.0	0.82215	0.01789	0.01504	0.40678	0.0	0.0	0.02678	2.3521	0.0277	0.0025	0.00697	0.05191	0.01123	0.44626	0.01156	0.0	0.0	0.0
s__Collinsella_intestinalis	0	0.21934	0.0	0.00391	0.00183	0.00344	0.00616	0.0	0.01404	0.1012	0.0671	0.01955	2.69006	0.00791	0.01155	0.01537	0.19243	0.10551	0.01492	0.00693	0.0	0.05381	0.58479	0.05561	0.01768	0.0	0.04777	0.0	0.00085	0.00486	0.00322	0.00658	0.00372	0.0	0.0	0.00304	0.04046	0.07738
s__Eggerthella_lenta	0	0.20952	0.50334	0.0	0.0	0.30621	0.13191	0.05829	0.00751	0.00224	0.00205	0.01252	0.00092	0.0	0.0	0.13368	0.0	0.72536	0.10984	0.342	0.48142	0.0	0.19095	0.00338	0.03285	0.47303	0.00292	0.0	0.06664	0.0	0.11836	0.05909	0.0273	1.59738	0.05801	0.01477	0.0	0.0
s__Streptococcus_salivarius	0	0.13146	0.21197	0.07306	0.03524	2.00051	0.07189	0.06296	0.11926	0.0	0.0	0.00465	0.00263	0.02252	0.03444	0.06873	3.44461	0.59747	0.26714	25.95346	0.09381	12.64448	5.23063	0.81689	0.02819	0.18348	0.05192	0.22712	0.03519	0.05258	0.2326	0.12201	7.15546	0.00772	0.08317	0.21805	0.09973	0.02863
s__Dorea_longicatena	0	0.11821	4.86109	2.27884	0.48293	0.09053	0.0	0.52461	3.71492	3.43849	2.87177	0.60288	0.93316	2.99323	0.7659	0.0	1.67163	0.0	3.56203	2.86045	5.52048	1.85524	1.02346	1.10701	4.10299	1.84965	2.24488	0.0	3.50735	0.08164	2.54348	0.9341	0.97028	0.0	0.0	1.32312	1.0366	3.6303
s__Streptococcus_mitis	0	0.09657	0.03109	0.00945	0.0	0.0	0.00872	0.0	0.02556	0.0	0.0	0.0	0.0	0.0	0.0	0.0	0.01641	0.00912	0.00805	0.1433	0.0	0.0615	0.0	0.00429	0.0	0.0	0.0	0.02985	0.08661	0.0	0.00255	0.00171	0.00418	0.0	0.00923	0.0	0.0	0.0
s__Gordonibacter_pamelaeae	0	0.07252	0.29618	0.0	0.00466	0.12354	0.05328	0.0071	0.00038	0.00115	0.0	0.00197	0.0428	0.0	0.00063	0.1146	0.0293	0.10094	0.04517	0.06824	0.06558	0.0	0.03801	0.00251	0.03662	0.18677	0.00066	0.0	0.02691	0.02128	0.02434	0.01566	0.00214	0.30145	0.00593	0.03421	0.00299	0.01114
s__Blautia_wexlerae	0	0.06525	0.12116	0.04674	0.20396	0.17496	0.00166	0.08044	0.29568	0.09364	0.07017	0.67698	0.34087	0.11983	0.12765	0.00728	0.2106	16.87814	7.85155	3.20573	0.09611	0.71863	0.00706	0.30154	0.29508	0.04172	0.42906	0.0	0.77198	0.0303	3.8315	0.30326	3.64153	10.7093	5.33305	0.73708	0.22356	0.02029
s__Clostridium_saccharolyticum	0	0.06039	0.18847	0.00064	0.0	0.0	1.44366	0.0	0.00438	0.0	0.0	0.0	0.0	0.0	0.0	0.0	0.0	0.0	0.0	0.0	0.0	0.0	0.0	0.0	0.0	0.0	0.0	0.0	0.0	0.0	0.0	0.0	0.0	0.98014	0.0	0.0	0.0	0.0
s__Streptococcus_oralis	0	0.04975	0.00546	0.00354	0.0	0.0	0.00524	0.0	0.01942	0.0	0.0	0.0	0.0	0.0	0.0	0.0	0.01968	0.0623	0.05194	0.01925	0.01159	0.01192	0.0	0.00965	0.0	0.0	0.0	0.01883	0.00502	0.0	0.0	0.0059	0.0	0.0	0.004	0.0	0.0	0.0
s__Blautia_hydrogenotrophica	0	0.04718	0.48894	0.0	0.0	0.0	0.17047	0.0	0.0	0.0	0.0	0.00199	0.0	0.0	0.0	0.22862	0.0	0.0	0.0	0.0	0.0	0.0	0.11979	0.0	0.06678	1.00633	0.0	0.0	0.0	0.02569	0.00725	0.00574	0.0	0.0	0.0	0.00475	0.0	0.00052
s__Anaerotignum_lactatifermentans	0	0.04317	1.52655	0.0	0.0	0.0	7.75981	0.02945	0.32368	0.0	0.0	0.0	0.0	0.0	0.0	0.84385	0.03918	0.0	0.59869	0.26823	0.08742	0.0	0.0	0.06486	0.22488	0.0	0.0	0.0	0.0	0.0	0.45818	0.17661	0.35667	0.51235	0.20497	0.0	0.0	0.0
s__Bifidobacterium_catenulatum	0	0.04273	0.0	0.12452	0.03668	0.0	0.0	0.22526	0.09418	0.0146	0.01309	0.00049	0.09607	0.0	0.0	0.0	0.0919	0.15391	0.0	0.0	0.0	0.0061	0.0	0.04442	0.40362	0.0	0.38112	0.0	0.0	0.0221	0.0	0.0	0.0	0.0	0.0	0.0	0.0	0.03984
s__Intestinibacter_bartlettii	0	0.04126	0.3697	0.0	0.05257	0.0	0.00608	0.01936	0.29064	0.09261	0.09561	0.00277	0.04172	0.01147	0.0	0.01967	0.0	0.45291	0.0	0.0	0.0	0.0	0.01467	0.00533	0.0	0.06211	0.35552	0.0	0.00304	0.0	0.00953	0.0	0.0	0.0	0.0	0.0	0.0	0.0
s__Clostridium_innocuum	0	0.0349	0.20282	0.03502	0.0	0.01581	0.02585	0.0	0.03145	0.00144	0.00581	0.0	0.0	0.0	0.0	0.01356	0.00338	0.37414	0.06826	0.05307	0.35901	0.00425	0.1974	0.00965	0.02312	0.81595	0.00552	0.31231	0.02814	0.01487	0.44291	0.0062	0.00962	0.88738	0.11117	0.0	0.00841	0.0
s__Streptococcus_parasanguinis	0	0.02409	0.0509	0.03584	0.0	0.02639	0.01697	0.01341	0.09679	0.0	0.0	0.0	0.0	0.00037	0.0	0.05898	0.88031	0.11253	0.05666	6.80195	0.07878	2.03594	0.01564	0.11332	0.0	0.05812	0.04554	0.04409	0.05434	0.01071	0.05911	0.02797	0.51479	0.0	0.03426	0.01014	0.01172	0.00467
s__Blautia_coccoides	0	0.02279	0.0	0.0	0.0	0.0	0.00036	0.0	0.0	0.0	0.0	0.0	0.0	0.0	0.0	0.06189	0.0	0.48565	0.00205	0.0	0.0	0.0	0.0428	0.0	0.0	0.0	0.0	0.06844	0.0	0.0	0.0	0.0	0.08502	0.07065	0.0	0.0	0.0	0.0
s__Dielma_fastidiosa	0	0.0227	0.00467	0.00364	0.00264	0.04131	0.03477	0.00255	0.01479	0.0	0.0	0.0	0.0	0.0	0.0	0.12099	0.00122	0.0	0.0	0.0	0.0101	0.0	0.0	0.0	0.00714	0.0	0.0	0.0	0.0	0.00207	0.00353	0.0	0.00853	0.00646	0.0	0.0	0.0	0.0
s__Bacteroides_vulgatus	0	0.02206	0.44987	5.1268	2.7733	4.09801	0.31304	24.60987	0.4657	0.19659	0.13259	1.32604	0.1873	1.0429	28.04692	6.0365	0.0	0.06806	1.42493	0.0	0.86363	1.06734	3.75919	0.21978	0.99415	9.21987	1.40757	6.61571	16.25826	1.16352	3.58877	1.19555	0.45544	0.53059	13.92723	1.9058	0.13241	0.00846
s__Clostridium_sp_CAG_58	0	0.02068	0.97074	0.05537	0.2148	0.0	0.57251	0.18417	0.45409	0.0	0.0	0.57767	0.10296	0.05516	0.71505	0.0	0.10397	1.55904	0.78265	0.09086	0.05399	0.26192	2.39651	0.0943	0.46104	0.17871	0.17022	0.0	0.28286	0.11825	0.86303	0.0	0.30472	0.19126	0.22371	0.18766	0.06003	0.00219
s__Blautia_obeum	0	0.01859	5.04008	0.58194	0.03639	0.6972	0.53576	0.03432	0.21158	0.21569	0.18521	0.0	0.09075	0.08553	1.19308	0.0	1.02951	0.0	0.01237	1.63921	0.62583	1.26282	0.03357	0.62417	0.41881	2.29698	0.20723	0.0	0.03235	0.31307	0.0	0.06942	0.0	0.0	0.0	0.16414	1.04386	0.21124
s__Eisenbergiella_massiliensis	0	0.01617	0.72902	0.0	0.0	0.20973	0.11717	0.0	0.0	0.06803	0.07213	0.0	0.0	0.0	0.06498	0.17861	0.0	0.77807	0.0	0.0	0.0	0.0	0.0	0.00531	0.00871	0.0	0.0	0.0	0.0	0.0	0.0	0.00065	0.01063	0.03518	0.0	0.0	0.01995	0.0
s__Ruthenibacterium_lactatiformans	0	0.01575	0.38813	0.02026	0.00466	0.79858	1.44857	0.13497	0.02637	0.43843	0.37846	0.01575	0.06121	0.06214	1.20675	0.28659	0.02603	6.67829	0.23398	0.03082	0.07892	0.05224	6.84612	0.20716	0.25827	1.78851	0.02568	0.67432	0.00631	0.61377	0.10852	0.00926	0.20071	3.20885	0.01517	0.07553	0.25853	0.31906
s__Asaccharobacter_celatus	0	0.01246	0.20565	0.0	0.0	0.09147	0.043	0.0	0.0	0.0	0.0	0.03035	0.19843	0.0	0.08236	0.02244	0.02634	0.0	0.0189	0.0	0.0	0.00377	0.0	0.0181	0.04293	0.0	0.0	0.0	0.0	0.01872	0.0	0.0	0.0	0.00133	0.0	0.05893	0.15084	1.07345
s__Ruminococcus_bromii	0	0.01214	21.76115	2.64356	0.00544	16.25299	31.29105	4.75531	0.06848	13.1125	10.59634	0.0	7.34376	0.0	0.0	0.0	7.99988	0.0	0.0	0.0	13.0936	0.0	0.0	21.79062	12.40686	5.81632	0.00196	0.00258	5.41374	26.30613	0.00343	6.17286	0.00191	0.00155	0.0	9.11286	16.22698	0.31322
s__Butyricicoccus_pullicaecorum	0	0.0109	0.0	0.0	0.0	0.0	0.0	0.0	0.0	0.0	0.0	0.0	0.0	0.0	0.0	0.0	0.0	0.0	0.0	0.0	0.0	0.0	0.0	0.0	0.0	0.0	0.0	0.0	0.0	0.0	0.0	0.0	0.0	0.09311	0.0	0.0	0.0	0.0
s__Enorma_massiliensis	0	0.01089	0.0	0.0	0.0	0.0	0.0	0.0	0.00348	0.0	0.0	0.00044	0.05126	0.00114	0.00409	0.0	0.00071	0.00786	0.00342	0.0	0.0	0.00209	0.00384	0.0	0.00069	0.0	0.0	0.0	0.0	0.0	0.0	0.00207	0.0	0.0	0.0	0.0	0.00902	0.00757
s__Adlercreutzia_equolifaciens	0	0.01047	0.28494	0.0	0.0	0.11903	0.04288	0.0	0.0	0.0	0.0	0.02703	0.19253	0.0	0.13172	0.02366	0.01812	0.0	0.0217	0.0	0.0	0.00236	0.0	0.00547	0.04612	0.0	0.0	0.0	0.0	0.01956	0.0	0.0	0.0	0.0	0.0	0.06137	0.16719	1.08833
s__Bacteroides_plebeius	0	0.01014	0.00772	0.0	0.0	0.0	0.0	0.0	0.34741	0.0	0.0	0.0	0.0	0.14889	0.0	0.0	0.0	8.27436	0.0	0.0	0.0	0.0	0.06368	0.0	0.0	0.0	0.0	0.0	0.0	0.0	0.0	0.0	0.0	0.0	0.0	0.0	0.0	0.0
s__Actinomyces_sp_HMSC035G02	0	0.00926	0.0	0.0	0.0	0.0	0.0	0.0	0.00258	0.0	0.0	0.0	0.0	0.0	0.0	0.0	0.0	0.02475	0.0	0.00208	0.02156	0.00302	0.0	0.0	0.0	0.0	0.0	0.0	0.0	0.0	0.00064	0.0	0.00923	0.00518	0.00482	0.0	0.0	0.0
s__Actinomyces_oris	0	0.00826	0.01357	0.0	0.0	0.0	0.0	0.0	0.0	0.0	0.0	0.0	0.05407	0.0	0.0	0.0	0.0	0.0	0.04053	0.0	0.01462	0.0	0.0	0.0	0.0	0.03003	0.0	0.00403	0.0	0.0	0.0	0.0	0.0	0.0	0.00308	0.0	0.0	0.0
s__Actinomyces_odontolyticus	0	0.00787	0.0	0.0	0.0	0.0	0.0	0.0	0.01401	0.0	0.0	0.0	0.03801	0.0	0.0	0.0	0.0	0.02304	0.00474	0.0227	0.01451	0.02131	0.0	0.0	0.0	0.0	0.0	0.00344	0.0	0.0	0.0	0.0	0.00114	0.0087	0.0	0.0	0.0	0.0
s__Actinomyces_sp_oral_taxon_181	0	0.00756	0.0	0.0	0.0	0.0	0.0	0.0	0.01217	0.0	0.0	0.0	0.0	0.0	0.0	0.0	0.0	0.00786	0.0	0.0	0.0	0.0	0.0	0.0	0.0	0.0	0.0	0.0	0.0	0.0	0.0	0.0	0.0	0.0	0.0	0.0	0.0	0.0
s__Bacteroides_stercoris	0	0.00701	0.01706	0.0	2.17856	3.76336	0.0	17.63494	0.05195	0.05445	0.06486	0.075	0.11287	0.0734	0.82191	4.4662	1.12444	0.0	0.0	0.18384	0.0045	0.15055	0.60496	0.06216	0.18309	6.18897	0.38615	10.21965	7.6906	0.17216	2.22017	3.326	0.44592	9.36685	0.0	0.74918	0.00866	0.00542
s__Actinomyces_graevenitzii	0	0.00597	0.0	0.0	0.0	0.0	0.0	0.0	0.02372	0.0	0.0	0.0	0.0	0.0	0.0	0.0	0.0	0.0	0.0	0.00038	0.0	0.0	0.0	0.0	0.0	0.0	0.0	0.0	0.0	0.0	0.0	0.0	0.0	0.0	0.0	0.0	0.00259	0.0
s__Parvimonas_micra	0	0.00489	0.0	0.0	0.0	0.0	0.00151	0.0	0.0	0.0	0.0	0.0	0.0	0.0	0.0	0.0	0.0	0.0	0.0	0.0	0.0	0.0	0.0	0.00429	0.0	0.0	0.0	0.0	0.0	0.0	0.0	0.0	0.0	0.0	0.0	0.0	0.0	0.0
s__Faecalibacterium_prausnitzii	0	0.00401	2.30131	7.81365	18.96907	3.95593	2.53488	0.70707	13.52834	4.96749	4.21325	8.0794	23.58288	26.55502	2.29068	14.89381	15.56059	0.00478	0.05254	32.51208	1.65361	11.3773	0.00294	4.60406	23.42711	0.98466	17.64282	0.0	2.05961	10.8395	9.4669	13.35103	0.01755	0.01033	0.28568	22.49928	17.12665	27.37138
s__Eubacterium_sulci	0	0.00399	0.0	0.0	0.0	0.0	0.0	0.0	0.0	0.0	0.0	0.0	0.0	0.0	0.0	0.0	0.0	0.02452	0.0	0.0	0.0	0.0	0.0	0.0	0.0	0.0	0.0	0.0	0.0	0.0	0.0	0.0	0.0	0.03236	0.0	0.0	0.00284	0.0
s__Firmicutes_bacterium_CAG_145	0	0.00343	0.08512	0.0	0.0	0.07636	1.61834	0.0	0.04955	0.00983	0.00396	0.0	0.00138	0.00891	0.0	0.0	0.0323	0.0	0.0	0.0	0.0	0.0	0.01254	0.0	0.06584	0.02983	0.0	0.0	0.0	0.03904	0.0	0.0	0.0	0.0	0.0	0.0	0.07583	0.0
s__Sellimonas_intestinalis	0	0.00313	0.0	0.0	0.0	0.59954	0.16473	0.00506	0.00202	0.0	0.0	0.0	0.0	0.0	0.0	0.8281	0.0	0.0	0.01617	0.0	0.0	0.0	2.47054	0.11796	0.0	0.1078	0.0	0.0	0.0	0.0	0.06186	0.10251	0.0	0.0	0.00249	0.0	0.0	0.0
s__Phascolarctobacterium_succinatutens	0	0.00294	0.0	0.0	0.0	0.0	0.0	0.0	4.95397	3.53356	3.70584	3.65021	0.0	4.65791	0.81197	0.0	0.0	0.0	0.43005	0.0	0.0	0.66928	0.0	0.0	0.68129	0.0	0.0	0.0	0.0	0.0	0.3601	0.0	3.31644	0.0	3.49274	1.8371	0.09316	0.44581
s__Eisenbergiella_tayi	0	0.00235	0.14723	0.00118	0.0	0.09797	0.03125	0.0	0.01199	0.16585	0.16089	0.0	0.0	0.0	0.04957	0.0	0.0	0.0	0.01163	0.0	0.0222	0.00245	0.0	0.0	0.0031	1.7476	0.0	0.0	0.0	0.01316	0.01058	0.0	0.0	0.0	0.0	0.00169	0.05774	0.0
s__Gemella_sanguinis	0	0.00185	0.00259	0.0	0.0	0.0	0.01019	0.0	0.00463	0.0	0.0	0.0	0.0	0.0	0.0	0.0	0.0	0.03783	0.00197	0.03525	0.0	0.08431	0.0	0.00624	0.0	0.0	0.0	0.0	0.0	0.0	0.0186	0.0	0.01163	0.0101	0.0	0.0	0.0	0.0
s__Sharpea_azabuensis	0	0.00168	0.0	0.0	0.0	0.0	0.0	0.0	0.0	0.0	0.0	0.0	0.0	0.0	0.0	0.0	0.0	0.0	0.0	0.0	0.00179	0.00128	0.0	0.0	0.0	0.0	0.0	0.0	0.0	0.0	0.0	0.0	0.0	0.0	0.0	0.0	0.0	0.0
s__Prevotella_stercorea	0	0.00114	0.0	37.03587	0.00179	0.00054	0.00178	0.00027	0.0	0.0	0.0	0.0	0.0	0.0	0.0	0.0	0.0	0.0	0.0	0.0	0.20246	0.0	0.0	0.0	0.0086	0.0	0.0	0.0	0.0	0.0	0.0	0.0	0.0	0.21147	27.41655	2.82129	0.0	0.0008
s__Streptococcus_gordonii	0	0.00089	0.00247	0.0	0.0	0.0	0.00309	0.0	0.0	0.0	0.0	0.0	0.0	0.0	0.0	0.0	0.00927	0.03094	0.01731	0.15317	0.0	0.01351	0.0	0.03859	0.0	0.0	0.00541	0.02411	0.08302	0.0	0.0	0.00272	0.0	0.0035	0.00271	0.0	0.0	0.0
s__Mogibacterium_timidum	0	0.00075	0.0	0.0	0.0	0.0	0.0	0.0	0.0	0.0	0.0	0.0	0.0	0.0	0.0	0.0	0.0	0.0	0.0	0.0	0.0	0.0	0.0	0.0	0.0	0.0	0.0	0.0	0.0	0.0	0.0	0.0	0.0	0.0	0.0	0.0	0.0	0.0
s__Anaerofustis_stercorihominis	0	0.00059	0.0	0.0	0.0	0.0	0.02199	0.0	0.0	0.0	0.0	0.0	0.0	0.0	0.00749	0.0	0.0	0.0	0.0	0.0	0.03399	0.0	0.0	0.0	0.0	0.0	0.0	0.0	0.0	0.0	0.0	0.0	0.00734	0.0	0.0	0.0	0.0	0.0
s__Romboutsia_ilealis	0	0.00056	0.0	0.0	0.0	0.0	0.0	0.0	0.0	0.00403	0.00331	0.0	0.0	0.0	0.0	0.0	0.0	0.0	0.0	0.0	0.0	0.0	0.0	0.0	0.0	0.0	0.0	0.0	0.0	0.0	0.0	0.0	0.0	0.0	0.0	0.0	0.0	0.0
s__Firmicutes_bacterium_CAG_83	0	0.0	14.17718	0.2745	0.16214	1.87476	0.0	0.22237	0.0	0.34946	0.31421	0.0	1.38064	3.20021	0.01674	1.28458	0.0	0.0	0.0	0.0339	0.34787	7.17072	0.00341	2.31923	0.47446	0.0	0.03989	0.0	0.00415	0.11178	0.23392	0.49024	0.2718	1.96369	0.26128	0.76627	0.23365	0.01364
s__Bifidobacterium_adolescentis	0	0.0	2.02195	0.51334	1.26664	8.79546	0.0	0.13572	0.07427	0.0	0.0	0.00151	6.34552	1.01342	0.0	0.0	1.03177	0.0	3.13186	0.0	0.0345	0.35629	0.0	0.0	0.0	0.0	1.58645	1.11516	6.62814	4.63461	1.18319	3.7213	0.0	0.0	0.0	0.0	0.99052	13.00436
s__Roseburia_faecis	0	0.0	1.73984	2.58297	4.61039	0.66667	3.16027	0.0	0.51906	1.53436	1.88406	0.29259	0.57814	4.90058	0.21075	2.89034	5.71716	0.0	3.9846	0.0	1.8895	0.07277	0.0	0.0	3.34973	0.19164	3.79417	0.0	4.10252	1.16364	20.35212	3.29905	0.0	1.55917	7.84325	7.02683	0.0	0.71262
s__Eubacterium_siraeum	0	0.0	1.73327	0.83048	26.87706	2.04554	2.54196	0.0	0.0	6.84563	8.08038	0.05009	0.00087	0.04641	3.92273	0.0	0.0	0.0	0.0	0.0	1.27427	0.0	0.0	0.02535	0.28891	0.07758	0.0	0.0	0.0	0.24863	0.0	0.02613	0.0	0.0	0.0	0.07392	0.1915	0.0
s__Lawsonibacter_asaccharolyticus	0	0.0	1.29725	0.0	0.40695	0.0683	9.05705	0.00964	0.01266	0.04709	0.04112	0.10631	0.00318	0.00258	0.18225	0.06323	0.09085	0.0	0.00046	0.0	0.02335	0.02347	0.25297	0.0	0.15348	0.0968	0.03333	0.0	0.00109	0.01298	0.00533	0.13427	0.67729	0.02509	0.0	0.01305	0.0	0.0
s__Eubacterium_ramulus	0	0.0	0.78736	0.38141	0.47341	0.00488	0.0	0.4434	0.0	0.0	0.0	0.35323	0.23953	0.10776	0.13673	2.79314	0.30207	0.0	0.0	0.46174	0.10064	0.53827	0.0	0.03109	0.0	0.03759	1.01785	0.0	0.5774	0.0	0.0	0.16966	0.0	10.82798	0.1205	0.06539	1.67508	0.26142
s__Firmicutes_bacterium_CAG_94	0	0.0	0.39289	0.0	0.0	0.15766	0.07828	0.0	0.0	0.0	0.0	0.0	0.166	0.0	0.15708	0.0	0.01224	6.65029	0.01109	0.0	0.0	0.0	0.0	0.0	0.0	0.0	0.0	0.0	0.0	0.04219	0.0	0.06369	0.0	0.0	0.0	0.25889	0.0	0.0
s__Roseburia_intestinalis	0	0.0	0.38573	0.45145	0.25002	0.00265	0.0	0.71453	0.03557	0.12881	0.13858	1.18203	0.04523	0.17835	0.0	0.0	0.07875	0.0	0.94873	0.63417	0.0	0.22963	0.0	0.0	0.82536	0.0	0.16717	0.0	0.25337	0.05031	0.51799	0.0	0.0	2.52519	1.59734	0.67414	0.151	0.43497
s__Roseburia_hominis	0	0.0	0.35409	0.11882	0.12485	0.02701	0.0	0.0	1.37744	0.11059	0.09654	0.18031	0.01948	0.37217	0.24804	0.85404	0.55904	0.0	0.00306	0.18319	0.1239	1.17542	0.0	0.66501	0.28813	0.3079	0.03523	0.0	0.0135	0.09572	0.05917	0.11106	0.0	0.0	0.0	0.58673	0.10078	0.11299
s__Clostridium_sp_CAG_299	0	0.0	0.33991	0.0	0.0	0.0	0.0	0.0	0.0	0.0	0.0	0.0	0.10266	0.0	0.0	0.0	0.01722	0.0	0.62598	0.0	0.01848	0.0	0.0	0.0	0.05681	0.0	0.44615	0.0	0.0	0.0	0.0	0.06944	0.0	0.0	0.0	0.0	0.03398	0.00239
s__Clostridium_symbiosum	0	0.0	0.33097	0.0	0.0	0.01563	0.16477	0.0	0.01403	0.02685	0.01743	0.0	0.0	0.0	0.00646	0.06769	0.00426	0.56865	0.00421	0.3211	0.0	0.00334	4.88995	0.0015	0.00231	0.12908	0.00425	0.36639	0.11211	0.0	0.0	0.00381	0.33647	0.25667	0.0	0.02931	0.00203	0.0
s__Clostridium_leptum	0	0.0	0.2723	0.00544	0.07042	0.32633	0.06684	0.04394	0.01834	0.12005	0.10227	0.01955	0.13045	0.02303	0.15716	1.32367	0.02597	1.9559	0.79416	0.0	0.17238	0.02974	5.49071	0.18239	0.22584	0.11797	0.0	0.0	0.0	0.09708	0.03934	0.04347	0.02846	0.69043	0.0	0.5865	0.27322	0.0662
s__Ruminococcus_lactaris	0	0.0	0.24498	2.44055	0.09048	0.80478	0.0	0.0	0.0	1.58531	2.03889	0.0	0.05678	0.0	4.31158	3.19727	0.89769	0.0	0.0	0.0	0.0	0.0	0.0	0.03564	2.63375	0.54423	0.60784	0.0	0.0	0.0	0.0	0.0	0.0	0.0	0.0	0.0	0.0	0.01983
s__Bacteroides_caccae	0	0.0	0.23567	1.57412	0.78243	0.30353	0.16782	1.10412	0.10504	0.23714	0.26773	0.2521	0.02261	0.00111	0.63591	0.0	0.0	0.0	2.81259	0.51309	1.48345	0.11261	1.07987	0.00219	0.0	5.77916	0.32433	0.0	0.98784	0.43317	0.38762	0.40167	0.0	0.44529	0.0	0.16753	0.0	0.0
s__Clostridium_clostridioforme	0	0.0	0.21245	0.0	0.0	0.06914	0.22161	0.0	0.0	0.0	0.0	0.0	0.0	0.0	0.0	0.07802	0.0	0.4667	0.00101	0.00613	0.0013	0.0	1.38821	0.0042	0.00236	0.0	0.0	3.26706	0.0	0.0	0.0	0.0	0.21621	0.03083	0.00392	0.0	0.01534	0.0
s__Dialister_invisus	0	0.0	0.173	0.50326	0.23773	0.04681	0.02984	0.0	0.0	0.0	0.0	0.0	0.97539	0.0	0.0	0.0	0.0	0.61536	0.0	0.0	0.0	0.0	0.0	4.97416	0.0	0.0	0.0	0.05154	0.08539	0.0	0.0	0.03942	0.0	0.0	0.0	0.0	0.0	0.0
s__Coprobacillus_cateniformis	0	0.0	0.17159	0.0	0.0	0.03286	0.0	0.0	0.0	0.0	0.0	0.0	0.0	0.0	0.0	0.0	0.0	2.80249	0.0	0.0	0.51778	0.0	0.0042	0.0	0.14913	0.2135	0.02759	0.0	0.0	0.2996	0.0	0.00246	0.0	0.0	0.0016	0.0	0.0	0.0
s__Lachnospira_pectinoschiza	0	0.0	0.16073	0.0	3.07878	0.0	0.0	0.0	0.0	0.0	0.0	0.0772	0.0	0.07563	0.0	0.0	0.20488	0.0	0.0	0.0	0.0	0.17393	0.0	0.09754	1.1827	0.0	0.04292	0.0	0.0	0.01467	0.16931	0.0	0.0	0.0	1.31114	1.27486	0.0	0.0
s__Parabacteroides_merdae	0	0.0	0.14623	1.17446	1.16292	0.30113	0.05342	0.49163	0.35609	0.52675	0.41824	0.05945	0.0	0.18154	0.70558	0.43054	1.34525	0.06971	0.16919	0.13921	0.36428	0.29425	1.38474	0.01135	0.02523	2.48526	0.55074	0.1144	0.32909	0.15985	0.32171	0.50151	0.29438	0.26214	0.11932	0.56065	0.00338	0.00114
s__Holdemania_filiformis	0	0.0	0.1384	0.00629	0.00245	0.00119	0.14467	0.00683	0.02282	0.00652	0.00827	0.01408	0.00499	0.02031	0.0	0.0	0.0	0.0	0.02284	0.12782	0.03718	0.0	0.0	0.00262	0.12493	0.0	0.0	0.0	0.0	0.0577	0.08029	0.0	0.11762	0.0503	0.01915	0.0	0.11814	0.05732
s__Barnesiella_intestinihominis	0	0.0	0.13652	0.0	0.0	0.0	0.0	1.67164	0.1218	0.0	0.0	0.0	0.0	0.29168	1.04692	0.0	0.0	0.0	0.0	0.0	0.0	0.0	0.0	0.0	0.0	0.0	0.0	0.0	0.0	0.28568	0.70551	0.0	0.0	0.0	0.0	0.0	0.0	0.00347
s__Hungatella_hathewayi	0	0.0	0.12263	0.0	0.00279	0.01475	0.0652	0.00976	0.0	0.00693	0.02054	0.0	0.0	0.0	0.00605	0.06038	0.0	2.01106	0.00533	0.03784	0.05301	0.00061	0.13983	0.0	0.00076	0.09217	0.00627	0.08124	0.0	0.14627	0.01824	0.00101	0.01002	0.24266	0.00536	0.0	0.0	0.0
s__Eubacterium_eligens	0	0.0	0.11472	0.19097	1.61915	0.0	0.0	0.0	0.26093	0.01152	0.0273	0.0	0.0	0.03111	0.00039	3.79054	1.87072	0.0	0.0	0.0	0.0	0.18933	0.0	0.14361	0.17436	0.0	0.0	0.0	0.04655	0.31947	1.19519	0.0	0.0	0.0	0.0	0.44062	0.0	0.0
s__Firmicutes_bacterium_CAG_424	0	0.0	0.11291	0.0	0.0	0.0	0.0	0.0	0.0	0.0	0.0	0.0	0.0	0.0	0.0	0.0	0.0	0.0	0.0	0.0	0.0	0.0	0.0	0.0	0.0	0.0	0.0	0.0	0.00051	0.0	0.0	0.0	0.0	0.0	0.0	0.0	0.0846	0.0
s__Bacteroides_uniformis	0	0.0	0.0536	1.93	1.72313	1.02284	0.53379	7.63036	0.06143	0.7502	0.70466	0.16943	0.52996	0.14256	1.44166	3.30411	4.1597	0.89207	0.54324	0.6218	1.53053	0.30492	0.07843	0.01454	0.90777	10.7806	0.58534	0.48849	3.08941	0.53664	0.24495	0.83449	0.05124	0.20771	4.73249	3.82389	0.01417	0.03396
s__Intestinimonas_butyriciproducens	0	0.0	0.05164	0.0	0.00977	0.16204	0.0	0.0	0.00919	0.60955	0.53666	0.0	0.0	0.0	0.01973	0.0	0.0	2.21862	0.0	0.0	0.0	0.0	0.08447	0.0	0.0	0.01883	0.0	0.0	0.0	0.0	0.0	0.0	0.0	0.00066	0.0	0.00095	0.0	0.0
s__Anaerotruncus_colihominis	0	0.0	0.0483	0.01638	0.0	0.10952	0.34765	0.00167	0.00306	0.0	0.0	0.0	0.0	0.0	0.0	0.02991	0.0	0.36255	0.00028	0.0	0.58625	0.00477	1.73644	0.00075	0.00229	0.56852	0.0	0.0	0.0	0.0	0.00279	0.00341	0.00771	0.05168	0.0	0.00941	0.03278	0.0
s__Christensenella_minuta	0	0.0	0.04576	0.0	0.0	0.0	0.22014	0.0	0.0	0.0	0.0	0.0	0.0	0.0	0.01067	0.01544	0.0	0.0	0.0	0.0	0.14451	0.0	0.0	0.0	0.0	0.0	0.0	0.0	0.0	0.0	0.0	0.0	0.00626	0.0	0.0	0.0038	0.0	0.0
s__Clostridium_citroniae	0	0.0	0.04259	0.00553	0.00727	0.0	0.02285	0.01195	0.00622	0.00327	0.00214	0.00353	0.0	0.0	0.00669	0.02598	0.0	0.14308	0.03785	0.00663	0.0	0.00548	0.08513	0.0	0.01751	0.00443	0.0	1.08249	0.00249	0.0	0.03085	0.00219	0.14338	0.0	0.0	0.00195	0.0	0.0
s__Gemmiger_formicilis	0	0.0	0.04246	0.04842	0.2392	0.06173	0.0	0.0	0.1318	0.11341	0.0948	0.00613	0.95793	0.12675	0.07915	0.0	0.41048	0.0	0.0004	0.02352	0.01943	0.2358	0.0	0.06291	0.24671	0.01453	0.07304	0.0	0.28952	0.16473	0.0	0.12644	0.0	0.0	0.09142	0.10331	0.0	0.79626
s__Clostridium_asparagiforme	0	0.0	0.03151	0.0	0.0	0.11694	0.03766	0.0	0.00382	0.0	0.0	0.01386	0.0	0.0	0.0	0.0	0.00436	0.0	0.03101	0.0	0.0	0.0	0.0	0.0	0.00401	0.0786	0.0	0.0	0.0	0.0054	0.06665	0.0	0.0	0.0	0.0	0.01763	0.0	0.0
s__Clostridium_bolteae	0	0.0	0.02705	0.0	0.0	0.0	0.0053	0.41344	0.02605	0.0	0.0	0.12806	0.0	0.0	0.02403	0.0487	0.0	0.60706	0.0	0.04087	0.13574	0.00385	1.59925	0.00205	0.02118	0.06595	0.00241	0.2064	0.01821	0.01264	0.06325	0.00403	0.39903	0.2425	0.23579	0.00171	0.01685	0.0
s__Ruminococcaceae_bacterium_D16	0	0.0	0.02557	0.0	0.0	0.00734	0.10482	0.0	0.12088	0.00904	0.00495	0.0	0.0	0.0	0.22174	0.11835	0.0	0.0	0.0	0.0	0.15619	0.0	1.00117	0.01573	0.0	1.01722	0.0	0.54785	0.03592	0.0	0.0	0.0	0.21455	0.2814	0.0	0.0264	0.0	0.0
s__Lactobacillus_johnsonii	0	0.0	0.02449	0.0	0.0	0.0	0.0	0.0	0.0	0.0	0.0	0.0	0.0	0.0	0.0	0.0	0.0	0.0	0.0	0.0	0.0	0.0	0.0	0.0	0.0	0.0	0.0	0.0	0.0	0.0	0.0	0.0	0.0	0.0	0.0	0.0	0.0	0.0
s__Clostridium_sp_CAG_167	0	0.0	0.02427	0.0	0.0	0.0	0.0	0.0	0.0	0.0	0.0	0.0	0.0	0.0	0.0	0.0	0.0	0.0	0.0	0.0	0.0	0.0	0.0	0.0	0.0	0.0	0.0	0.0	0.0	0.0	0.0	0.0	0.0	0.0	0.0	0.0	0.0	0.0
s__Paraprevotella_xylaniphila	0	0.0	0.02387	0.18425	0.0	0.03043	0.0	0.0	0.08491	0.26037	0.30048	0.0	0.0	0.08837	0.10311	0.26838	0.82173	0.0	0.0	0.0	0.11575	0.01431	0.05746	0.0	0.04496	0.18792	0.02754	0.88244	0.43708	0.0	0.0	0.0	0.3732	0.0	0.48849	0.0	0.00127	0.0
s__Parabacteroides_distasonis	0	0.0	0.02232	0.87769	0.0	3.52709	0.09168	1.48233	0.36293	0.46159	0.49768	0.04428	0.0	0.19297	3.77899	0.0	0.48455	2.21228	0.0	0.0	0.25974	0.02307	0.33485	0.00509	0.04301	0.82787	0.03982	0.77999	1.43225	0.30137	0.37903	0.02907	0.48208	0.13648	1.39556	0.0	0.02049	0.0089
s__Roseburia_inulinivorans	0	0.0	0.02147	5.4605	1.93965	0.00193	0.0	0.03763	7.34838	0.29388	0.3799	1.2326	1.72718	1.61975	0.00107	1.79817	0.37304	0.0	1.41404	0.0	0.07125	1.18991	0.14099	0.0	0.64385	0.0	1.16339	0.0	0.09753	0.09478	1.59114	0.06264	44.9048	10.23053	1.0844	0.60812	0.00329	0.21693
s__Blautia_producta	0	0.0	0.02115	0.0	0.0	0.00104	0.0	0.0	0.0	0.0	0.0	0.0	0.0	0.0	0.0	0.43777	0.0	0.0	0.0	0.0	0.01647	0.0	0.0	0.0	0.0	0.0	0.0	0.0	0.0	0.0	0.0	0.0	0.0	0.0	0.0	0.0	0.0	0.0
s__Eubacterium_limosum	0	0.0	0.01955	0.0	0.0	0.0	0.0	0.0	0.0	0.00363	0.0	0.0	0.0	0.0	0.01099	0.0	0.0	0.0	0.0	0.0	0.0	0.0	0.0	0.0	0.0	0.0308	0.0	0.0	0.0	0.0	0.0	0.0	0.0	0.0	0.0	0.0	0.0	0.0
s__Oscillibacter_sp_57_20	0	0.0	0.01747	0.64831	0.78875	0.58992	0.0	0.0	0.06078	0.54065	0.16924	0.1974	0.02862	0.695	1.31339	0.0	0.75834	0.0	0.0	0.0	0.29126	0.11595	0.0	0.1051	0.18111	0.97861	0.15464	0.0	0.29858	0.26102	0.07421	0.0266	0.15419	0.0	0.33463	1.7857	0.00464	0.00649
s__Blautia_sp_N6H1_15	0	0.0	0.01668	0.0	0.0	0.0	0.06286	0.0	0.0	0.0	0.0	0.0	0.0	0.0	0.0	0.0	0.0	0.0	0.50847	0.0	0.0	0.0	0.0	0.0	0.0	0.0	0.0	0.0	0.0	0.0	0.00326	0.0	0.0	0.21988	0.0	0.0	0.0	0.0
s__Enterorhabdus_caecimuris	0	0.0	0.01483	0.0	0.0	0.00621	0.00137	0.0	0.0	0.0	0.0	0.0	0.00561	0.0	0.00432	0.00247	0.0	0.00116	0.0	0.0	0.0	0.0	0.0	0.0	0.00025	0.00216	0.0	0.0	0.0	0.0	0.0	0.0	0.0	0.006	0.0	0.00145	0.00614	0.04153
s__Bacteroides_intestinalis	0	0.0	0.01386	0.0	1.61786	0.0	0.0	0.0	0.0	0.00131	0.0	0.0	0.0	0.0	0.0	0.0	0.0	0.0	0.0	0.0	0.0	0.0	0.0	0.0	0.0	0.0	0.0	0.0	0.0	0.0	0.0	0.05872	0.0	0.0	0.0	0.0	0.0	0.0
s__Clostridium_sp_chh4_2	0	0.0	0.01327	0.0	0.0	0.0	0.0	0.0	0.0	0.0	0.0	0.0	0.0	0.0	0.0	0.0	0.0	0.0	0.0	0.0	0.0	0.0	0.0	0.0	0.0	0.0	0.0	0.0	0.0	0.0	0.0	0.0	0.0	0.0	0.0	0.0	0.0	0.0
s__Harryflintia_acetispora	0	0.0	0.01135	0.0	0.0	0.01793	0.03001	0.0	0.0	0.0	0.0	0.0	0.0	0.0	0.0	0.0	0.0	0.0	0.0	0.0	0.0969	0.0	0.65982	0.0003	0.0	0.0	0.0	0.0	0.0	0.0	0.0	0.00511	0.00244	0.0	0.0	0.0	0.00561	0.0186
s__Proteobacteria_bacterium_CAG_139	0	0.0	0.01034	0.0	0.0	0.0	0.00211	3.0224	0.0	0.0	0.0	0.0	0.0	0.0	0.0	0.0	0.0	0.0	0.00184	0.0	0.0	0.0	0.0	0.0	0.00102	0.0	0.0	0.0	0.0	0.0	0.09575	0.0	0.0	0.0	0.0	0.0009	0.0	0.0
s__Clostridium_aldenense	0	0.0	0.00976	0.0	0.0	0.00242	0.0049	0.00497	0.0	0.0	0.0	0.0	0.0	0.0	0.00612	0.00553	0.0	0.09696	0.0	0.0	0.0	0.0	0.07448	0.0	0.0	0.02554	0.0	0.13159	0.0	0.0	0.0	0.0	0.008	0.00504	0.0	0.0	0.0	0.0
s__Bacteroides_ovatus	0	0.0	0.00831	0.77717	0.0	1.16532	0.12506	8.89526	0.00849	0.52874	0.7445	0.0018	0.00366	0.05127	2.06113	1.50364	0.43512	0.0	0.22972	0.29847	0.1123	0.00708	0.43657	0.0	0.06377	3.70275	0.0	0.0	0.27809	0.01201	0.49789	0.45236	0.11869	0.05207	2.20698	1.29836	0.0	0.0
s__Lactobacillus_salivarius	0	0.0	0.00676	0.0	0.0	0.0	0.0	0.0	0.0	0.0	0.0	0.0	0.0	0.0	0.0	0.0	0.0	0.0	0.0	0.0	0.0	0.0	0.0	0.0	0.0	0.0	0.02611	0.0	0.0	0.88231	0.0	0.08293	0.0	0.0	0.0	0.0	0.0	0.0
s__Firmicutes_bacterium_CAG_646	0	0.0	0.00656	0.0	0.0	0.0	0.0	0.0	0.0	0.0	0.0	0.0	0.0	0.0	0.0	0.057	0.0	0.0	0.0	0.0	0.0	0.0	0.0	0.0	0.0	0.0	0.0	0.0	0.0	0.0	0.0	0.0	0.0	0.0	0.0	0.0	0.0	0.0
s__Clostridium_lavalense	0	0.0	0.00641	0.0	0.0	0.0	0.0	0.02485	0.0	0.0	0.0	0.0	0.0	0.0	0.0714	0.03781	0.0009	0.102	0.00254	0.0	0.0	0.00174	0.05703	0.0	0.0	0.03558	0.00143	1.15767	0.0	0.00328	0.0	0.0	0.01271	0.0	0.0	0.0	0.0	0.0
s__Flavonifractor_plautii	0	0.0	0.00509	0.04818	0.04981	0.04522	3.17718	0.93328	0.38623	0.14431	0.09574	0.31166	0.14956	0.02815	0.06331	0.75859	0.05465	2.30386	0.42664	0.01656	0.16512	0.0	7.17305	0.00655	0.13427	0.44461	0.07541	0.9769	0.25192	0.02281	0.44556	0.0652	0.4891	0.29786	1.01418	0.0751	0.05055	0.09871
s__Allisonella_histaminiformans	0	0.0	0.00442	0.0	0.0	0.0	0.0	0.0	0.00971	0.0	0.0	0.02326	0.0	0.14468	0.0	0.0	0.0	0.0	0.0	0.0	0.0	0.0	0.01929	0.0	0.0	0.0	0.0	0.0	0.03132	0.0	0.0	0.0	0.03713	0.0	0.0	0.04067	0.02575	0.12551
s__Alistipes_shahii	0	0.0	0.00402	0.07152	0.66913	0.1557	0.0842	0.0	0.00486	0.0	0.0	0.00926	0.01726	0.0043	0.0	0.0	0.0	0.0	0.00419	0.00737	0.0571	0.01223	0.26862	0.0	0.10821	0.00476	0.0	0.01216	0.0	0.18559	0.02363	0.0	0.00354	0.0	0.0	0.04716	0.04428	0.00527
s__Clostridium_spiroforme	0	0.0	0.00386	0.0	0.01245	0.0	0.0	0.0	0.00382	0.0	0.0	0.0	0.0	0.0	0.0	0.05103	0.17058	0.04245	0.0	0.0	0.26251	0.0	0.0	0.0	0.0	0.06432	0.00776	0.0	0.0	0.05942	0.0	0.0458	0.0	0.14571	0.0	0.00191	0.0	0.0
s__Streptococcus_vestibularis	0	0.0	0.00382	0.0	0.0	0.0	0.0	0.0	0.0	0.0	0.0	0.0	0.0	0.0	0.0	0.0	0.17499	0.0	0.02092	0.0	0.0	0.45742	0.0	0.0	0.0	0.0	0.0054	0.0	0.0	0.00943	0.0	0.03415	0.0	0.0	0.0	0.0	0.0	0.0
s__Catabacter_hongkongensis	0	0.0	0.00258	0.0	0.0	0.0	0.03359	0.0	0.00085	0.01211	0.0182	0.0	0.0	0.0	0.0	0.00574	0.0	0.0	0.0	0.0	0.0	0.0	0.0	0.0	0.00827	0.03036	0.0	0.0	0.0	0.0	0.00825	0.0	0.0	0.0	0.0	0.0	0.00502	0.0
s__Streptococcus_sp_HPH0090	0	0.0	0.00232	0.0	0.0	0.0	0.0	0.0	0.0	0.0	0.0	0.0	0.0	0.0	0.0	0.0	0.0	0.0	0.0	0.0	0.0	0.0	0.0	0.0	0.0	0.0	0.0	0.0	0.0	0.0	0.0	0.0	0.0	0.0	0.0	0.0	0.0	0.0
s__Bifidobacterium_scardovii	0	0.0	0.00216	0.0	0.0	0.0	0.0	0.0	0.0	0.0	0.0	0.0	0.0	0.0	0.0	0.0	0.0	0.0	0.0	0.0	0.0	0.0	0.0	0.0	0.0	0.0	0.0	0.0	0.0	0.0	0.0	0.0	0.0	0.0	0.0	0.0	0.0	0.0
s__Slackia_isoflavoniconvertens	0	0.0	0.00207	0.04581	0.16175	0.0	0.0	0.0	0.20994	0.0	0.0	0.0	0.86374	0.19059	0.52479	0.0	0.0	0.0	0.13909	0.0	0.0	0.54808	0.0	0.0	0.0	0.0	0.0	0.0	0.0	0.0	0.0	0.0	0.0	0.0	0.0	0.0	0.44414	3.17266
s__Anaerostipes_caccae	0	0.0	0.00176	0.0	0.0	0.0	0.11262	0.0	0.0	0.0	0.0	0.0	0.0	0.0	0.0	0.00284	0.0	0.41918	0.0434	0.0	0.0	0.0	0.08361	0.0	0.0	0.0	0.0	0.0391	0.0	0.0	0.00203	0.0	0.03173	1.33264	0.03012	0.0	0.0	0.0
s__Eubacterium_sp_CAG_38	0	0.0	0.00093	0.0	0.0	0.0	0.0273	0.33604	0.00353	0.0	0.00074	0.01541	0.0	0.0	0.0	0.0	0.25418	0.0	0.0	0.0	0.0	0.0	0.0	0.0	0.0	0.00351	0.0	0.0	0.07492	0.0	0.02664	0.0	0.0	1.30142	0.38771	0.0	0.0	0.0
s__Actinomyces_sp_HPA0247	0	0.0	0.00072	0.0	0.0	0.0	0.0	0.0	0.0	0.0	0.0	0.0	0.0	0.0	0.0	0.0	0.00454	0.0	0.0158	0.01263	0.04593	0.00447	0.0	0.0	0.00212	0.0	0.0	0.0	0.0	0.0	0.0	0.0	0.0	0.0	0.0	0.0	0.0	0.02525
s__Bacteroides_xylanisolvens	0	0.0	0.0	2.45397	0.0	0.00115	0.00118	0.0	0.0	0.1001	0.13019	0.07143	0.0	0.03579	0.00829	0.0	0.0	0.0	1.3769	0.09725	0.01492	0.02102	0.03319	0.1238	0.03923	0.41504	0.07161	1.81738	0.0	0.05144	0.44582	0.00488	0.15462	0.03916	0.0	1.884	0.0	0.0
s__Bacteroides_dorei	0	0.0	0.0	2.26441	0.0	0.0	0.0	0.0	0.00373	0.0	0.0	0.25075	0.00155	0.0	8.0849	0.0	3.00643	0.0	0.0	0.0	0.0	0.00229	0.0	0.0	0.0	0.0	0.00135	0.0	0.0	0.0	0.09772	0.0	0.0	0.0	0.0	0.0	0.0	0.0
s__Alistipes_putredinis	0	0.0	0.0	1.59866	8.2547	4.00661	0.48956	0.0	0.02228	0.0	0.0	0.0058	1.93013	0.02707	5.57045	3.29392	4.30083	0.0	2.39017	0.0379	0.10062	3.11464	2.8213	0.0	0.76836	3.1033	0.53146	0.0	0.0	2.01443	0.48677	2.33086	1.06202	0.77298	0.0	3.11645	0.79911	0.21009
s__Bacteroides_fragilis	0	0.0	0.0	1.2308	0.52575	0.0	0.09021	0.0	0.08063	0.0	0.01221	0.0	0.0	0.01713	0.01729	0.99741	0.6592	0.0	0.44104	0.0	0.0	0.0	0.25613	0.0	0.0	0.0	0.00088	0.0	0.0	0.74591	0.0	0.0478	0.0	0.0	0.0	0.0	0.0	0.0
s__Ruminococcus_bicirculans	0	0.0	0.0	1.11315	0.45113	0.0	0.0	0.0	0.0	0.0	0.0	0.0	0.08441	0.13342	0.0	0.0	6.0209	0.0	0.0	0.0	0.0	3.36643	0.0	4.88295	0.0	0.42565	0.0	0.0	0.00849	0.15191	0.0	9.19522	0.0	0.0	0.0	0.0	0.0	0.0
s__Odoribacter_splanchnicus	0	0.0	0.0	0.5449	0.0	0.0	0.0	0.50913	0.08536	0.04677	0.06669	0.02586	0.0	0.09217	0.40123	0.0	0.0	0.0	0.0	0.0	0.02328	0.05658	0.12334	0.0	0.01289	1.58852	0.0	0.03804	0.42933	0.04263	0.0	0.01961	0.01906	0.0	0.0	0.07759	0.00622	0.0
s__Eubacterium_sp_CAG_251	0	0.0	0.0	0.53304	1.73908	0.00404	0.0	0.0	0.0	1.65093	1.28935	1.05033	1.53812	5.12516	0.0	0.0	0.0	0.0	0.0	0.0	0.0	0.0	0.0	0.0	0.0	0.0	0.0	0.0	0.0	1.22992	0.0	0.0	0.0	0.0	0.0	0.0	0.0	1.58191
s__Eubacterium_ventriosum	0	0.0	0.0	0.40726	0.5623	0.26208	0.33859	0.0	0.00713	0.04536	0.06198	0.0	0.0	0.0	1.37184	0.0	0.03202	0.0	0.0	0.18727	0.0	0.02151	0.0	0.0	0.7172	0.0	0.85019	0.0	0.0	0.01564	1.1949	0.0	0.0	0.0	0.0	0.06126	1.4283	0.0
s__Eubacterium_sp_CAG_180	0	0.0	0.0	0.38389	0.0	0.14105	0.0	0.0	13.34461	0.0	0.0	0.00205	0.0	12.84932	0.49693	0.0	0.0	0.0	0.0	0.0	0.20746	0.0	0.0	36.87927	0.01547	0.0031	0.00429	0.0017	0.02493	6.4886	0.00333	27.25302	0.00254	0.00354	0.0	1.06636	0.0025	0.17567
s__Oscillibacter_sp_CAG_241	0	0.0	0.0	0.34278	0.10663	9.28645	0.17701	0.0	0.0	3.70567	2.35736	0.0	0.0	1.17434	2.63615	0.0	0.30721	0.0	0.0	0.0	16.76215	0.59393	0.0	0.04634	1.57477	3.5398	0.0	0.0	0.0	0.21693	0.00066	0.00126	0.45078	0.01437	0.00796	0.30512	0.01278	0.0
s__Bifidobacterium_bifidum	0	0.0	0.0	0.24011	0.0	0.0	4.75712	1.60192	0.0	0.12929	0.09525	0.00067	11.04681	0.0	0.0	0.0	1.486	0.0	0.0	0.0	9.30047	0.00492	0.0	0.0	0.0	0.0	5.39965	0.0	5.4718	4.56382	0.0	4.35554	0.0	0.0	0.0	0.0	0.0	0.0
s__Eubacterium_sp_CAG_274	0	0.0	0.0	0.13817	0.0	0.0	0.0	0.0	0.0	0.0	0.0	0.10105	0.0	0.0	0.0	0.0	0.0	0.0	0.0	0.0	0.0	0.0	0.0	0.0	0.0	0.0	0.0	0.0	0.20027	0.0	0.0	0.0	0.0	0.0	0.0	0.0	0.0	0.0
s__Roseburia_sp_CAG_471	0	0.0	0.0	0.13188	0.05811	0.0	0.0	0.0	0.0	0.00164	0.00023	0.00083	0.0	0.00125	0.00192	0.01257	0.00914	0.0	0.00757	3.22435	0.0051	0.00206	0.0	0.0	0.00182	0.00232	0.00149	0.0	0.00423	0.00039	0.02217	0.0027	0.0	0.0	0.0224	0.00044	0.01463	0.01396
s__Coprococcus_eutactus	0	0.0	0.0	0.09682	2.32502	0.0	0.0	0.0	0.0	0.88419	0.56391	4.51596	0.05618	0.57858	0.0	0.0	0.0	0.0	0.0	0.0	0.0	1.36484	0.0	0.0	0.0	0.0	0.0	0.0	0.0	0.0	0.0	0.0	0.0	0.0	0.0	0.0	0.0	0.0
s__Ruminococcus_sp_CAG_330	0	0.0	0.0	0.08668	0.0	0.0	0.0	0.0	0.0	0.0	0.0	0.0	0.0	0.0	0.0	0.0	0.0	0.0	0.0	0.0	0.0	0.0	0.0	0.0	0.0	0.0	0.0	0.0	0.38196	0.0	0.0	0.0	0.0	0.0	0.0	0.0	0.0	0.0
s__Lactobacillus_ruminis	0	0.0	0.0	0.07651	0.69478	0.0	0.12337	0.0	0.0	0.02041	0.02474	0.08463	2.13128	3.91641	0.0	0.0	0.0767	0.0	0.0	0.0	0.0	0.06653	0.0	0.23465	3.46114	0.0	0.0	0.0	0.0	0.37505	8.334	0.0	0.0	0.0	0.0	0.0	0.0	6.13206
s__Coprococcus_catus	0	0.0	0.0	0.06641	0.08979	0.0	0.0	0.0	0.0	0.0	0.0	0.00203	0.03463	0.00797	0.13314	0.0	0.02678	0.0	0.53048	0.05007	0.0	0.4488	0.0	0.01871	0.0	0.76613	0.0159	0.0	0.0	0.03918	0.0	0.11721	0.0	0.0	0.0	0.09356	0.25888	0.04946
s__Methanobrevibacter_smithii	0	0.0	0.0	0.06125	0.0	0.14082	0.0	0.0	0.0	0.0	0.0	0.0	0.0	0.48118	3.30044	0.0	0.0	0.0	0.0	0.0	10.21731	0.0	0.0	0.0	0.0	5.98043	0.00072	0.0	0.0	6.02143	0.0	0.0	0.0	0.0	0.0	2.90803	0.0	0.0
s__Bilophila_wadsworthia	0	0.0	0.0	0.05706	0.03284	0.0	0.01203	0.0	0.0	0.0	0.0	0.06323	0.0027	0.01057	0.0	0.02247	0.0324	0.0	0.03119	0.0	0.0	0.0	0.0	0.0	0.02399	0.0	0.0	0.0	0.06723	0.0	0.14257	0.0	0.00292	0.0	0.24195	0.06249	0.0	0.0
s__Alistipes_finegoldii	0	0.0	0.0	0.02344	0.50897	1.69012	0.11807	0.36024	0.01266	0.24254	0.25783	0.02761	0.20468	0.00342	0.06115	0.59311	0.49058	0.0	0.2239	0.0	0.09493	0.32366	0.20149	0.00039	0.01839	2.42422	0.03541	0.0	1.02007	0.34849	0.00112	0.0486	0.0	0.0	0.0	0.00575	0.0	0.0
s__Firmicutes_bacterium_CAG_95	0	0.0	0.0	0.01376	0.03711	0.0	0.0	0.0	0.0	0.0	0.0	0.0	0.0	0.06669	0.01069	0.0	0.0	0.0	0.0	0.0	0.0	0.0	0.0	0.0	0.0	0.0	0.0	0.0	0.0	0.0	0.0	0.0	0.0	0.0	0.0	0.00654	0.0	0.0
s__Paraprevotella_clara	0	0.0	0.0	0.01328	0.0	0.00295	0.0	0.0	0.04042	0.0	0.0	0.0	0.0	0.00358	0.00799	0.00219	0.00948	0.0	0.0	0.0	0.0	0.0	0.00333	0.0	0.0	0.00577	0.00066	0.0	0.0	0.0	0.0	0.0	0.05127	0.0	0.07731	0.0	0.0	0.0
s__Monoglobus_pectinilyticus	0	0.0	0.0	0.01262	0.06454	0.0	0.02638	0.0	0.0	0.0	0.0	0.0	0.0	0.0	0.02836	0.0	0.0	0.0	0.0	0.0	0.0	0.0	0.0	0.0	0.12798	0.1101	0.0	0.0	0.0	0.0	0.0	0.0	0.0	0.0	0.0	0.26054	0.0	0.0
s__Parvimonas_sp_KA00067	0	0.0	0.0	0.00768	0.0	0.0	0.0	0.0	0.0	0.0	0.0	0.0	0.0	0.0	0.0	0.0	0.0	0.0	0.0	0.0	0.0	0.0	0.0	0.0	0.0	0.0	0.0	0.0	0.0	0.0	0.0	0.0	0.0	0.0	0.0	0.0	0.0	0.0
s__Prevotella_sp_CAG_520	0	0.0	0.0	0.00509	0.0	0.0	0.0	0.0	0.0	0.0	0.0	0.0	0.0	0.0	0.0	0.0	0.0	0.0	0.0	0.0	0.0	0.0	0.0	0.0	0.17615	0.0	0.0	0.0	0.0	0.0	0.0	0.0	0.0	0.0	0.0	0.00036	0.0	0.0
s__Gemella_morbillorum	0	0.0	0.0	0.00487	0.0	0.0	0.0	0.0	0.0	0.0	0.0	0.0	0.0	0.0	0.0	0.0	0.0	0.0	0.0	0.0485	0.0	0.0024	0.0	0.0	0.0	0.0	0.0	0.0	0.0	0.0	0.0	0.0	0.0	0.00304	0.0	0.0	0.0	0.0
s__Haemophilus_parainfluenzae	0	0.0	0.0	0.0033	0.0	0.0	0.0	0.0	0.0	0.0	0.00774	0.0045	0.0	0.0	0.0	0.0	0.00908	0.0	0.0	0.0347	0.0	0.009	0.0	0.0	0.0	0.0	0.0	0.0	0.0	0.0	0.0	0.0	0.0	0.0	0.0	0.0	0.0	0.0
s__Veillonella_dispar	0	0.0	0.0	0.0028	0.0	0.0	0.0	0.0	0.00456	0.0	0.0	0.0	0.0	0.0	0.0	0.0	0.45594	0.01489	0.0	0.11922	0.0	0.0072	0.0	0.01228	0.0	0.0	0.0	0.02791	0.0	0.0	0.0	0.0	0.0	0.0	0.0	0.0	0.0	0.0
s__Veillonella_parvula	0	0.0	0.0	0.00237	0.01127	0.0	0.00112	0.0	0.0	0.0	0.0	0.0	0.0	0.0	0.0	0.0	0.09508	0.0	0.0	0.14122	0.0	0.0	0.0	0.05672	0.0	0.0	0.00968	13.31349	0.18949	0.00712	0.0	0.00799	0.0	0.0	0.0	0.0	0.0	0.0
s__Alistipes_onderdonkii	0	0.0	0.0	0.00218	0.03664	0.0	0.03206	0.01829	0.0	0.0	0.0	0.0	0.0	0.0	0.0	0.0	0.0	0.0	0.0	0.0	0.0	0.0	0.08147	0.0	0.0	0.0	0.0	0.0	0.0	0.0	0.0	0.01311	0.0	0.0	0.0	0.00119	0.0	0.0
s__Gemella_haemolysans	0	0.0	0.0	0.00212	0.0	0.0	0.0	0.0	0.00369	0.0	0.0	0.0	0.0	0.0	0.0	0.0	0.0	0.0071	0.0	0.04502	0.0	0.00723	0.0	0.0	0.0	0.0	0.0	0.0	0.0	0.0	0.0	0.0	0.00725	0.0	0.0	0.0	0.0	0.0
s__Haemophilus_sp_HMSC71H05	0	0.0	0.0	0.00198	0.0	0.0	0.0	0.0	0.0	0.0	0.0	0.00632	0.0	0.0	0.0	0.0	0.00661	0.0	0.0	0.0	0.0	0.0	0.0	0.0	0.0	0.0	0.0	0.0	0.0	0.0	0.0	0.0	0.0	0.0	0.0	0.0	0.0	0.0
s__Firmicutes_bacterium_CAG_110	0	0.0	0.0	0.00061	0.10579	0.34011	0.0	0.0	0.0	0.09213	0.12297	0.0	0.0	0.07033	0.58275	0.0	0.0	0.0	0.0	0.0	0.0	0.0	0.0	0.0	0.0	0.0	0.0	0.0	0.0	2.07305	0.0	0.05202	0.0	0.0	0.0	0.0	0.0	0.10788
s__Butyrivibrio_crossotus	0	0.0	0.0	0.0	2.19155	0.0	0.0	0.0	0.0	0.0	0.0	0.0	0.0	0.0	0.0	0.0	0.0	0.0	0.0	0.0	0.0	0.0	0.0	0.0	0.0	0.0	0.0	0.0	0.0	0.0	0.0	0.0	0.0	0.0	0.0	0.0	0.0	0.0
s__Bacteroides_faecis	0	0.0	0.0	0.0	1.20347	0.0	0.0	0.0	0.0	0.04195	0.0498	0.0	0.0	0.02114	0.0	0.0	0.0	0.0	0.0	0.0	0.0	0.0	0.0	0.00729	0.0	0.0	0.0	0.0	0.0	0.0408	0.0	0.0	0.0	0.0	0.0	0.0	0.34339	0.0
s__Butyricimonas_synergistica	0	0.0	0.0	0.0	0.33657	0.0	0.0	0.0	0.0	0.0	0.0	0.0	0.0	0.0	0.0	0.0	0.0	0.0	0.0	0.0	0.0	0.0	0.0	0.0	0.0	0.0	0.0	0.0	0.0	0.0	0.0	0.0	0.0	0.0	0.0	0.0	0.0	0.0
s__Lactobacillus_rogosae	0	0.0	0.0	0.0	0.32584	0.0	0.0	0.0	0.0	0.0	0.0	0.00086	0.0	0.01428	0.0	0.0	0.0	0.0	0.0	0.0	0.0	0.05336	0.0	0.0	0.21495	0.0	0.00099	0.0	0.0	0.00176	0.00142	0.0	0.0	0.0	0.0	0.0	0.0	0.0
s__Ruminococcus_callidus	0	0.0	0.0	0.0	0.06785	0.0	0.0	0.0	0.0	0.05588	0.0284	0.0006	0.0	0.13307	0.00414	0.0	0.2174	0.0	0.0	0.0	0.0	0.69586	0.0	0.0	0.10283	0.0	1.32584	0.0	0.0	0.0	0.0	0.0	0.0	0.0	0.0	0.0	0.0	0.07338
s__Roseburia_sp_CAG_309	0	0.0	0.0	0.0	0.06622	0.0	0.0	0.0	0.0	0.0	0.0	0.0	0.0	0.001	0.0	0.0	0.03393	0.0	0.0	0.0	0.0	0.0	0.0	0.0	0.0	0.0	0.0	0.0	0.0	0.0	0.0	0.0	0.0	0.0	0.0	0.0	0.0	0.0
s__Butyricimonas_virosa	0	0.0	0.0	0.0	0.04252	0.0	0.0	0.01112	0.00424	0.0	0.0	0.0	0.0	0.00151	0.65742	0.0	0.0	0.0	0.0	0.0	0.0	0.06216	0.0	0.0	0.0122	0.0	0.0	0.0	0.0	0.0	0.0011	0.00503	0.0	0.0	0.0	0.0	0.0	0.0
s__Akkermansia_muciniphila	0	0.0	0.0	0.0	0.02277	13.15064	0.86822	0.0	0.0	1.70923	1.15656	0.0	0.16348	0.0	0.057	8.07171	0.44324	0.15773	0.00079	0.00244	0.0	5.2663	0.0	0.00832	0.3461	0.0	0.00503	0.0	0.0	0.00178	0.0	0.0	0.0	0.0	0.0	0.0	0.19534	1.37133
s__Bacteroides_faecis_CAG_32	0	0.0	0.0	0.0	0.01489	0.0	0.0	0.0	0.0	0.17815	0.11363	0.0	0.0	0.04315	0.0	0.0	0.0	0.0	0.0	0.0	0.0	0.0	0.0	0.0	0.0	0.0	0.0	0.0	0.0	0.0	0.0	0.0	0.0	0.0	0.0	0.0	0.01916	0.0
s__Bacteroides_galacturonicus	0	0.0	0.0	0.0	0.01345	0.0	0.0	0.0	0.0	0.0	0.0	0.0	0.0	0.0	0.0	0.0	0.00668	0.0	0.0	0.0	0.0	0.0	0.0	0.01951	0.00837	0.0	0.0	0.0	0.0	0.0	0.0	0.0	0.0	0.0	0.0	0.00123	0.0	0.0
s__Coprobacter_secundus	0	0.0	0.0	0.0	0.01312	0.0	0.0	0.0	0.0	0.0	0.0	0.0	0.0	0.0	0.0415	0.0	0.0	0.0	0.0	0.0	0.0	0.0	0.0	0.0	0.0	0.0	0.0	0.0	0.0	0.0	0.0	0.0	0.0	0.0	0.0	0.0	0.0	0.0
s__Ruminococcaceae_bacterium_D5	0	0.0	0.0	0.0	0.00975	1.28868	0.0	0.0	0.0	0.0	0.0	0.0	0.0	0.0	0.03727	0.0	0.0	0.0	0.0	0.0	0.0	0.0	0.0	0.0	0.0	0.0	0.0	0.0	0.0	0.0	0.0	0.0	0.0	0.0	0.0	0.0	0.0	0.0
s__Parasutterella_excrementihominis	0	0.0	0.0	0.0	0.00368	0.0	0.03196	0.71144	0.0	0.0	0.0	0.0	0.0	0.0	0.0	0.0	0.0	0.0	0.05221	0.0	0.0	0.0	0.0	0.0	0.06341	0.0	0.0	0.0	0.0	0.0	0.00321	0.0	0.0	0.0	0.0	0.04847	0.0	0.0
s__Firmicutes_bacterium_CAG_170	0	0.0	0.0	0.0	0.00322	0.0	0.0	0.0	0.0	0.0	0.0	0.0	0.0	0.02258	0.0	0.0	0.0	0.0	0.0	0.0	0.0	0.0	0.0	0.0	0.0	0.0	0.0	0.0	0.0	0.0	0.0	0.0	0.0	0.0	0.0	0.19645	0.0	0.01552
s__Anaeromassilibacillus_sp_An250	0	0.0	0.0	0.0	0.00196	0.0	0.0	0.0	0.00456	0.02924	0.0275	0.0	0.00378	0.03024	0.2675	0.01885	0.03322	0.0	0.00142	0.0	0.0	0.04036	0.0	0.0	0.03936	0.21914	0.0	0.0	0.0	0.0669	0.05939	0.03709	0.0	0.20789	0.00178	0.0023	0.02982	0.10335
s__Veillonella_atypica	0	0.0	0.0	0.0	0.00127	0.0	0.0	0.0	0.0013	0.0	0.0	0.0	0.0	0.0	0.0	0.0	0.1558	0.0	0.0	0.28345	0.0	0.00141	0.0	0.0	0.0	0.0	0.0	0.0	0.0	0.0	0.0	0.0	0.01738	0.0	0.0	0.0	0.0	0.0
s__Firmicutes_bacterium_CAG_238	0	0.0	0.0	0.0	0.00047	0.0	0.0	0.0	0.0	0.0	0.0	0.0	0.0	0.0	0.0	0.0	0.0	0.0	0.0	0.0	0.0	0.0	0.0	0.0	0.0	0.0	0.0	0.0	0.0	0.0	0.0	0.0	0.0	0.0	0.0	0.0	0.0	0.0
s__Veillonella_sp_CAG_933	0	0.0	0.0	0.0	0.0	1.03557	0.0	0.0	0.0	0.0	0.0	0.0	0.0	0.0	0.0	0.0	0.0	0.0	0.0	0.0	0.0	0.0	0.0	0.0	0.0	0.0	0.0	0.0	0.0	0.0	0.0	0.0	0.0	0.0	0.0	0.0	0.0	0.0
s__Parabacteroides_johnsonii	0	0.0	0.0	0.0	0.0	0.52459	0.0	0.0	0.0	0.0	0.0	0.0	0.0	0.0	0.0	0.0	0.0	0.0	0.0	0.0	0.0	0.0	0.0	0.0	0.0	0.0	0.0	0.0	0.0	0.0	0.0	0.0	0.0	0.0	0.0	0.0	0.0	0.0
s__Peptococcus_niger	0	0.0	0.0	0.0	0.0	0.47922	0.0	0.0	0.0	0.0	0.0	0.0	0.0	0.0	0.0	0.0	0.0	0.0	0.0	0.0	0.0	0.0	0.0	0.0	0.0	0.0	0.0	0.0	0.0	0.0	0.0	0.0	0.0	0.0	0.0	0.0	0.0	0.0
s__Alloscardovia_omnicolens	0	0.0	0.0	0.0	0.0	0.37758	0.0	0.0	0.0	0.0	0.0	0.0	0.0	0.0	0.0	0.0	0.0	0.0	0.0	0.0	0.0	0.0	0.0	0.0	0.0	0.0	0.0	0.0	0.0	0.0	0.0	0.0	0.03041	0.0	0.0	0.0	0.0	0.0
s__Bacteroides_cellulosilyticus	0	0.0	0.0	0.0	0.0	0.23606	1.79705	0.0	0.0	0.0	0.0	0.0	0.0	0.0	0.1416	0.32869	0.33578	0.0	0.0	0.0	0.12577	0.0	0.08959	0.0	0.00419	0.0	0.0	0.0	0.0	0.02309	0.0	0.0	0.0	0.0	0.0	2.11656	0.0	0.0
s__Bacteroides_massiliensis	0	0.0	0.0	0.0	0.0	0.16828	0.0	2.10832	0.00471	0.12931	0.07612	0.49534	0.00121	0.0	0.30918	0.0	0.0	0.0	0.0	0.0	0.00905	0.12766	0.0	0.0036	0.08414	0.55116	0.08965	0.98024	2.43232	0.0	0.26802	0.0	0.05065	0.16251	0.0	0.18492	0.0	0.0
s__Eubacterium_callanderi	0	0.0	0.0	0.0	0.0	0.15189	0.0	0.0	0.0	0.0	0.0	0.0	0.0	0.0	0.07547	0.0	0.0	0.0	0.0	0.0	0.0	0.0	0.01383	0.0	0.0	0.0	0.0	0.0	0.0	0.0	0.0	0.0	0.0	0.0	0.0	0.0	0.0	0.0
s__Alistipes_indistinctus	0	0.0	0.0	0.0	0.0	0.14638	0.07231	0.0	0.02443	1.12141	1.00904	0.12782	0.06021	0.0	0.62653	0.0	0.0	0.0	0.0	0.0	1.06575	0.0	0.0	0.0	0.01648	0.0	0.0	0.0	0.00154	0.0	0.03699	0.0	0.09221	0.0	0.0	0.0673	0.05488	0.01272
s__Bacteroides_thetaiotaomicron	0	0.0	0.0	0.0	0.0	0.11546	0.03585	1.54395	0.0254	0.05294	0.04309	0.09136	0.0	0.31653	0.24997	0.0	0.08501	0.0	0.0	0.10438	0.18645	0.0621	0.11882	0.0	0.12436	1.28396	0.02545	0.5448	0.46421	0.01335	0.14841	0.08352	0.23828	0.03205	0.28112	0.30224	0.0	0.0
s__Lactobacillus_plantarum	0	0.0	0.0	0.0	0.0	0.06495	0.0	0.0	0.0	0.0	0.0	0.0	0.0	0.0	0.0	0.0	0.0	0.0	0.0	0.0	0.0	0.0	0.0	0.0	0.0	0.0	0.0	0.0	0.0	0.0	0.0	0.0	0.0	0.0	0.0	0.0	0.0	0.0
s__Blautia_sp_An249	0	0.0	0.0	0.0	0.0	0.06007	0.0	0.0	0.0	0.0	0.0	0.0	0.0	0.0	0.0	0.0	0.0	0.0	0.0	0.0	0.0	0.0	0.0	0.0	0.0	0.0	0.0	0.0	0.0	0.0	0.0	0.0	0.0	0.0	0.0	0.0	0.0	0.0
s__Lachnoclostridium_sp_An131	0	0.0	0.0	0.0	0.0	0.03301	0.0	0.0	0.0	0.0	0.0	0.0	0.0	0.0	0.00056	0.0	0.0	0.0	0.0	0.0	0.0	0.0	0.0	0.0	0.00586	0.0	0.0	0.0	0.0	0.02292	0.0	0.00126	0.0	0.0	0.0	0.0	0.0	0.0
s__Lactobacillus_fermentum	0	0.0	0.0	0.0	0.0	0.02481	0.0	0.0	0.0	0.0	0.0	0.0	0.0	0.0	0.0	0.0	0.12276	0.0	0.0	0.0	0.0	0.03703	0.0	0.22052	0.0	0.0	0.00173	0.0	0.0	0.00908	0.0	0.0306	0.0	0.0	0.0	0.0	0.0	0.0
s__Bacteroides_finegoldii	0	0.0	0.0	0.0	0.0	0.00967	0.0	0.0	0.0117	0.0	0.0	0.0	0.00284	0.0	1.07417	0.54755	0.53135	0.0	0.0	0.09577	0.0	0.24956	0.02574	0.03353	0.0	0.0	0.0	2.00019	3.78706	0.00731	0.0	0.0	0.57389	0.19042	1.12351	0.0091	0.01332	0.0005
s__Clostridium_scindens	0	0.0	0.0	0.0	0.0	0.00612	0.00686	0.0	0.0	0.0	0.0	0.0	0.0	0.0	0.0	0.0	0.0	0.0	0.00114	0.0	0.0	0.0	0.0	0.0	0.0	0.01034	0.0	0.0	0.0	0.0	0.0	0.0	0.0	0.01637	0.0	0.0	0.0	0.0
s__Massiliomicrobiota_timonensis	0	0.0	0.0	0.0	0.0	0.00511	0.0	0.0	0.0	0.0	0.0	0.0	0.0	0.0	0.0	0.0	0.0	0.0	0.0	0.0	0.0	0.0	0.0	0.0	0.0	0.0	0.0	0.0	0.0	0.0	0.00323	0.0	0.0	0.03646	0.0	0.0	0.0	0.0
s__Bacteroides_nordii	0	0.0	0.0	0.0	0.0	0.00373	0.0	0.0	0.0	0.0	0.0	0.0	0.0	0.0	0.10777	0.03377	0.03962	0.0	0.0	0.0	0.0	0.0	0.00276	0.0	0.0	0.0	0.0	0.0	0.0	0.0	0.0	0.0002	0.0	0.0	0.0	0.0	0.0	0.0
s__Lachnoclostridium_sp_An138	0	0.0	0.0	0.0	0.0	0.0027	0.0	0.0	0.0	0.00077	0.0	0.0	0.0	0.0	0.0	0.0008	0.0	0.0	0.0	0.0	0.0	0.0	0.0	0.0	0.0	0.01919	0.0	0.0	0.0	0.0	0.0	0.0	0.0	0.0	0.0	0.01306	0.0	0.0
s__Clostridium_methylpentosum	0	0.0	0.0	0.0	0.0	0.00157	0.01053	0.0	0.0	0.0	0.0	0.0	0.0	0.0	0.01216	0.0	0.0	0.0	0.0	0.0	0.0	0.00105	0.0	0.0	0.0	0.0	0.0	0.0	0.0	0.0	0.00882	0.0	0.0	0.0	0.0	0.0	0.0	0.0
s__Coprobacter_sp	0	0.0	0.0	0.0	0.0	0.0	0.18568	0.0	0.0	0.0	0.0	0.0	0.0	0.0	0.0	0.0	0.0	0.0	0.0	0.0	0.0	0.0	0.0	0.0	0.0	0.0	0.0	0.0	0.0	0.0	0.0	0.0	0.0	0.0	0.0	0.0	0.0	0.0
s__Anaerofilum_sp_An201	0	0.0	0.0	0.0	0.0	0.0	0.01261	0.0	0.0	0.0	0.0	0.0	0.0	0.0	0.0	0.0	0.0	0.0	0.0	0.0	0.0	0.0	0.0	0.0	0.0	0.0	0.0	0.0	0.0	0.0	0.0	0.0	0.0	0.0	0.0	0.0	0.0	0.0
s__Actinomyces_sp_ICM47	0	0.0	0.0	0.0	0.0	0.0	0.00504	0.00402	0.01919	0.0	0.0	0.0	0.01531	0.0	0.0	0.0	0.0	0.0	0.00901	0.02585	0.02178	0.0015	0.0	0.0	0.0	0.0	0.0	0.11926	0.0	0.0	0.02921	0.0	0.0318	0.0067	0.01753	0.0	0.00911	0.0
s__Clostridiales_bacterium_1_7_47FAA	0	0.0	0.0	0.0	0.0	0.0	0.00502	0.00572	0.0	0.0	0.0	0.0	0.0	0.0	0.00553	0.0	0.0	0.0	0.0	0.00763	0.0	0.0	0.0	0.0	0.0	0.0	0.0	0.51208	0.0	0.0	0.00639	0.0	0.0	0.0	0.0	0.0	0.0	0.0
s__Turicimonas_muris	0	0.0	0.0	0.0	0.0	0.0	0.00252	0.13196	0.0	0.0	0.0	0.0	0.0	0.0	0.0	0.0	0.0	0.0	0.0	0.0	0.0	0.0	0.0	0.0	0.0	0.0	0.0	0.0	0.0	0.0	0.0	0.0	0.0	0.0	0.0	0.0	0.0	0.0
s__Acidaminococcus_intestini	0	0.0	0.0	0.0	0.0	0.0	0.0	7.90439	0.29544	0.0	0.0	1.06101	0.09617	2.20114	0.0	0.0	0.0	0.0	1.89732	0.0	0.18853	0.33401	0.0	0.3643	0.0	0.0	13.17653	0.0	0.0	0.0	0.0	0.0	0.0	0.0	3.31182	0.0	0.00752	0.0
s__Megasphaera_sp_MJR8396C	0	0.0	0.0	0.0	0.0	0.0	0.0	1.65797	0.0	0.12907	0.11434	1.2551	9.11506	5.72961	0.0	0.0	0.0	0.0	0.0	0.0	0.0	0.0	0.0	0.0	0.0	0.0	0.00686	0.0	0.0	0.0	0.0	0.0	0.00713	0.0	0.0	0.0	0.0	0.0
s__Phascolarctobacterium_faecium	0	0.0	0.0	0.0	0.0	0.0	0.0	0.10576	0.0	0.0	0.0	0.0	0.0	0.0	0.0	0.89544	0.0	0.0	0.0	0.76428	0.0	0.0	8.41643	0.0	0.0	0.24473	3.18246	0.0	0.0	0.0	0.0	0.55268	0.0	0.04668	0.0	0.0	0.0	0.0
s__Streptococcus_lutetiensis	0	0.0	0.0	0.0	0.0	0.0	0.0	0.1025	0.0	0.13206	0.13519	0.0	0.0	0.0	0.0	0.0	3.99898	0.0	0.0	0.00342	0.0	0.0	0.0	0.0	0.0	0.0	0.0	0.0	0.0	0.14775	0.0	0.0	0.0	0.0	0.0	0.0	0.0	0.0
s__Clostridium_bolteae_CAG_59	0	0.0	0.0	0.0	0.0	0.0	0.0	0.06105	0.00105	0.0	0.0	0.02843	0.0	0.0	0.0	0.0	0.0	0.0	0.0	0.0	0.0	0.0003	0.0	0.0	0.00459	0.0477	0.0	0.0	0.00074	0.0	0.02621	0.00159	0.0	0.0	0.0	0.0	0.00631	0.0
s__Candidatus_Stoquefichus_sp_KLE1796	0	0.0	0.0	0.0	0.0	0.0	0.0	0.01256	0.0	0.0	0.0	0.0	0.0	0.0	0.0	0.0	0.0	0.0	0.0	0.0	6.5048	0.0	0.0	0.0	0.0	0.0	0.0	6.64927	0.0	0.0	0.0	0.0	0.4839	0.0	0.0	0.0	0.0	0.0
s__Prevotella_sp_CAG_891	0	0.0	0.0	0.0	0.0	0.0	0.0	0.0	2.09778	0.0	0.0	0.0	0.0	0.0	0.0	0.0	0.0	0.0	0.0	0.0	0.0	0.0	2.65566	0.0	0.0	0.0	0.0	0.0	0.0	0.0	0.0	0.0	0.0	0.0	0.0	0.0	0.0	0.7215
s__Prevotella_copri	0	0.0	0.0	0.0	0.0	0.0	0.0	0.0	1.92813	38.80847	44.00439	51.88134	0.13941	3.10834	0.39643	0.0	0.0	0.0	0.0	0.0	1.33283	0.68944	6.80799	0.0	0.0	0.0	3.49382	0.0	0.0	0.94343	0.0	0.0	15.72287	0.0	0.0	0.0	0.21596	0.99175
s__Desulfovibrio_piger	0	0.0	0.0	0.0	0.0	0.0	0.0	0.0	0.99463	0.0	0.0	0.0	0.0	0.15161	0.0	0.0	0.0	0.0	0.0	0.0	0.0	0.0	0.0	0.0	0.0	0.0	0.0	0.0	0.0	0.0	0.0	0.0	0.51254	0.0	0.01173	0.0	0.0	0.04791
s__Bacteroides_salyersiae	0	0.0	0.0	0.0	0.0	0.0	0.0	0.0	0.07887	0.0	0.0	0.01814	0.0	0.0324	0.20884	0.0	0.0	0.0	0.10922	0.0	0.0	0.09124	0.33155	0.0	0.0	0.59018	0.0	0.0	0.79508	0.0	0.0	0.0	0.58156	0.0	0.0	0.0	0.0	0.0
s__Prevotella_sp_CAG_279	0	0.0	0.0	0.0	0.0	0.0	0.0	0.0	0.07811	3.00749	3.12087	0.33721	0.07576	0.0	0.0	0.0	0.0	0.0	0.29437	0.0	0.08677	0.0	0.0	0.0	0.0	0.0	0.0	0.0	0.0	0.0	0.0	0.6072	0.11521	0.0	1.7978	0.0	0.0	0.0
s__Rothia_mucilaginosa	0	0.0	0.0	0.0	0.0	0.0	0.0	0.0	0.05819	0.0	0.0	0.0	0.0	0.0	0.0	0.0	0.00559	0.0	0.0	0.0239	0.00037	0.00198	0.0	0.00747	0.0	0.0	0.0	0.0	0.0	0.0	0.0	0.0	0.02819	0.0	0.0	0.0	0.0	0.0113
s__Roseburia_sp_CAG_182	0	0.0	0.0	0.0	0.0	0.0	0.0	0.0	0.05643	0.0	0.0	0.0	0.0	0.0	0.0	0.0	0.0	0.0	0.0	0.0	0.0	0.0	0.0	0.0	0.0	0.0	0.0	0.0	0.0	0.0	0.0	0.0	0.0	0.0	0.0	0.0	0.0	0.0
s__Faecalitalea_cylindroides	0	0.0	0.0	0.0	0.0	0.0	0.0	0.0	0.03394	0.0	0.0	0.0	0.0	0.0	0.0	0.0	0.0	0.0	0.0	0.0	0.0	0.0	0.0	0.0	0.0	1.25867	0.0	0.0	0.0	0.0	0.0	0.0	0.0	0.0	0.0	0.0	0.0	0.0
s__Faecalicoccus_pleomorphus	0	0.0	0.0	0.0	0.0	0.0	0.0	0.0	0.0225	0.0	0.0	0.0	0.0	0.0	0.0	0.0	0.0	0.0	0.0	0.0	0.0	0.0	0.0	0.0	0.0	0.0	0.0	0.0	0.0	0.0	0.0	0.0	0.0	0.0	0.0	0.0	0.0	0.0
s__Streptococcus_australis	0	0.0	0.0	0.0	0.0	0.0	0.0	0.0	0.01919	0.0	0.0	0.0	0.0	0.0	0.0	0.0	0.0	0.0	0.0	0.07858	0.0	0.0	0.0	0.0165	0.0	0.0	0.0	0.0	0.0	0.0	0.0	0.0	0.0	0.0	0.0	0.0	0.0	0.0
s__Turicibacter_sanguinis	0	0.0	0.0	0.0	0.0	0.0	0.0	0.0	0.01638	0.00402	0.0056	0.0	0.01401	0.0	0.0	0.0	0.0	0.0	0.02341	0.0	0.0	0.0	0.0	0.0	0.0	0.01901	0.05975	0.0	0.0	0.0	0.0	0.0	0.0	0.0	0.0	0.0	0.0	0.0
s__Actinomyces_turicensis	0	0.0	0.0	0.0	0.0	0.0	0.0	0.0	0.01304	0.0	0.0	0.0	0.0	0.0	0.0	0.0	0.0	0.0	0.0	0.0	0.0	0.0	0.0	0.0	0.0	0.0	0.0	0.0	0.0	0.0	0.0	0.0	0.0	0.0	0.0	0.0	0.0	0.0
s__Olsenella_scatoligenes	0	0.0	0.0	0.0	0.0	0.0	0.0	0.0	0.00968	0.0	0.0	0.0	0.00467	0.0	0.0	0.0	0.0	0.0	0.0	0.0	0.0	0.0	0.0	0.0	0.00068	0.0	0.0	0.0	0.0	0.0	0.0	0.0	0.0	0.0	0.0	0.0	0.0	0.0
s__Streptococcus_infantis	0	0.0	0.0	0.0	0.0	0.0	0.0	0.0	0.00741	0.0	0.0	0.0	0.0	0.0	0.0	0.0	0.0	0.00417	0.0	0.10665	0.0	0.01792	0.0	0.00384	0.0	0.0	0.0	0.0	0.0	0.0	0.0	0.0	0.0	0.0	0.0	0.0	0.0	0.0
s__Bacteroides_eggerthii	0	0.0	0.0	0.0	0.0	0.0	0.0	0.0	0.00732	0.0	0.0	0.0	0.0	0.0	0.0	0.0	0.0	0.0	0.0	0.0	0.05824	0.0	0.14213	0.0	0.0	0.0	0.0	0.0	0.0	0.0	0.0	0.0	0.00754	0.0	0.0	0.0	0.0	0.0
s__Klebsiella_variicola	0	0.0	0.0	0.0	0.0	0.0	0.0	0.0	0.00382	0.0	0.0	0.0	0.0	0.0	0.0	0.05208	0.04167	0.0	0.0	0.0	0.0	0.0	1.19983	0.0	0.0	0.0	0.0	0.0	0.0	0.0	0.0	0.0	0.0	0.0	0.0	0.0	0.01182	0.0
s__Coprobacter_fastidiosus	0	0.0	0.0	0.0	0.0	0.0	0.0	0.0	0.00324	0.01015	0.01102	0.0	0.0	0.0	0.0	0.0	0.0	0.0	0.0	0.08368	0.0	0.0	0.0	0.0	0.0	0.0	0.0	0.0	0.0	0.0	0.02209	0.0	0.0	0.0	0.0	0.0	0.0	0.0
s__Candida_tropicalis	0	0.0	0.0	0.0	0.0	0.0	0.0	0.0	0.0017	0.0	0.0	0.0	0.0	0.0	0.0	0.0	0.0	0.0	0.0	0.0	0.0	0.0	0.0	0.0	0.0	0.0	0.0	0.0	0.0	0.0	0.0	0.0	0.0	0.0	0.0	0.0	0.0	0.0
s__Corynebacterium_durum	0	0.0	0.0	0.0	0.0	0.0	0.0	0.0	0.00101	0.0	0.0	0.0	0.0	0.0	0.0	0.0	0.0	0.0	0.0	0.0	0.0	0.0	0.0	0.0	0.0	0.0	0.0	0.0	0.0	0.0	0.0	0.0	0.0	0.0	0.0	0.0	0.0	0.0
s__Streptococcus_cristatus	0	0.0	0.0	0.0	0.0	0.0	0.0	0.0	0.00099	0.0	0.0	0.0	0.0	0.0	0.0	0.0	0.0	0.0	0.0	0.00294	0.0	0.0	0.0	0.0	0.0	0.0	0.0	0.0	0.0	0.0	0.0	0.0	0.0	0.0	0.0	0.0	0.0	0.0
s__Alistipes_timonensis	0	0.0	0.0	0.0	0.0	0.0	0.0	0.0	0.0	0.00707	0.0072	0.0	0.0	0.0	0.0	0.0	0.0	0.0	0.0	0.0	0.0	0.0	0.0	0.0	0.0	0.0	0.0	0.0	0.00678	0.0	0.0	0.0	0.0	0.0	0.0	0.0	0.0	0.0
s__Lachnoclostridium_sp_An14	0	0.0	0.0	0.0	0.0	0.0	0.0	0.0	0.0	0.00085	0.0	0.0	0.0	0.0	0.0	0.0	0.0	0.0	0.0	0.0	0.0	0.0	0.0	0.0	0.0	0.0	0.0	0.0	0.0	0.0	0.0	0.0	0.0	0.0	0.0	0.0	0.0	0.0
s__Butyribacterium_methylotrophicum	0	0.0	0.0	0.0	0.0	0.0	0.0	0.0	0.0	0.00081	0.0	0.0	0.0	0.0	0.0	0.0	0.0	0.0	0.00326	0.0	0.0	0.0	0.0	0.0	0.0	0.0	0.0	0.0	0.0	0.0	0.0	0.0	0.0	0.0	0.0	0.0	0.0	0.0
s__Prevotella_sp_885	0	0.0	0.0	0.0	0.0	0.0	0.0	0.0	0.0	0.0	0.0	3.11415	0.0	0.0	0.0	0.0	0.0	0.0	0.0	0.0	0.0	0.0	0.0	0.0	0.0	0.0	0.0	0.0	0.0	0.0	0.0	0.0	0.0	0.0	0.0	0.0	0.0	0.0
s__Bifidobacterium_angulatum	0	0.0	0.0	0.0	0.0	0.0	0.0	0.0	0.0	0.0	0.0	0.0	0.0	0.90648	0.0	0.0	0.0	0.0	0.0	0.0	0.0	0.01312	0.0	0.0	0.0	0.0	0.0	0.0	0.0	1.22866	0.0	0.0	0.0	0.0	0.0	0.0	0.0	0.0
s__Megamonas_funiformis_CAG_377	0	0.0	0.0	0.0	0.0	0.0	0.0	0.0	0.0	0.0	0.0	0.0	0.0	0.45964	0.0	0.0	0.0	0.0	0.0	0.0	0.0	0.0	0.0	0.0	0.0	0.0	0.0	0.0	0.0	0.0	0.0	0.0	0.0	0.0	0.0	0.0	0.01162	0.0
s__Bacteroides_coprocola	0	0.0	0.0	0.0	0.0	0.0	0.0	0.0	0.0	0.0	0.0	0.0	0.0	0.35606	0.0	0.0	5.99434	0.0	0.0	0.0	0.0	0.0	0.0	0.0	0.0	0.0	0.0	0.0	0.0	0.0	0.0	0.0	0.0	0.0	0.0	0.0	0.0	0.0
s__Prevotella_sp_CAG_5226	0	0.0	0.0	0.0	0.0	0.0	0.0	0.0	0.0	0.0	0.0	0.0	0.0	0.32177	0.0	0.0	0.0	0.0	0.0	0.0	0.0	0.0	0.0	0.0	0.0	0.0	0.0	0.0	0.0	0.0	0.41685	0.0	1.06396	0.0	9.49771	0.0	0.0	0.0
s__Megamonas_funiformis	0	0.0	0.0	0.0	0.0	0.0	0.0	0.0	0.0	0.0	0.0	0.0	0.0	0.1906	0.0	0.0	0.0	0.0	0.0	0.0	0.0	0.0	0.0	0.0	0.0	0.0	19.79722	0.0	0.0	0.0	0.0	0.0	0.0	0.0	0.0	0.0	0.01014	0.00855
s__Prevotella_sp_AM42_24	0	0.0	0.0	0.0	0.0	0.0	0.0	0.0	0.0	0.0	0.0	0.0	0.0	0.1712	0.0	0.0	0.0	0.0	0.0	0.0	0.0	0.0	0.0	0.0	0.0	0.0	0.0	0.0	0.0	0.0	0.0	0.0	0.0	0.0	0.0	0.0	0.0	0.0
s__Bacteroides_coprophilus	0	0.0	0.0	0.0	0.0	0.0	0.0	0.0	0.0	0.0	0.0	0.0	0.0	0.04403	0.0	0.0	0.0	0.0	0.0	0.0	0.0	0.0	0.0	0.0	0.0	0.0	0.0	0.0	0.0	0.0	0.0	0.0	0.0	0.0	0.0	0.0	0.0	0.0
s__Parabacteroides_goldsteinii	0	0.0	0.0	0.0	0.0	0.0	0.0	0.0	0.0	0.0	0.0	0.0	0.0	0.02542	0.03051	0.0	0.0	0.0	0.0	0.0	0.1251	0.0	0.06115	0.0	0.0	0.0	0.0	0.0	0.00478	0.0	0.0	0.0	0.0	0.0	0.14557	0.0	0.0	0.0
s__Megamonas_hypermegale	0	0.0	0.0	0.0	0.0	0.0	0.0	0.0	0.0	0.0	0.0	0.0	0.0	0.02223	0.0	0.0	0.0	0.0	0.0	0.0	0.0	0.0	0.0	0.00162	0.0	0.0	1.29876	0.0	0.0	0.0	0.0	0.0	0.0	0.0	0.0	0.0	0.00356	0.0
s__Desulfovibrionaceae_bacterium	0	0.0	0.0	0.0	0.0	0.0	0.0	0.0	0.0	0.0	0.0	0.0	0.0	0.00759	0.0	0.0	0.0	0.0	0.0	0.0	0.0	0.0	0.0	0.0	0.0	0.0	0.0	0.0	0.0	0.0	0.0	0.0	0.0	0.0	0.0	0.0	0.0	0.0
s__Lactobacillus_reuteri	0	0.0	0.0	0.0	0.0	0.0	0.0	0.0	0.0	0.0	0.0	0.0	0.0	0.00612	0.0	0.0	0.0	0.0	0.0	0.0	0.0	0.0	0.0	0.0	0.0	0.0	0.0	0.07661	0.0	0.0	0.0	0.0	0.0	0.0	0.0	0.0	0.0	0.0
s__Prevotella_corporis	0	0.0	0.0	0.0	0.0	0.0	0.0	0.0	0.0	0.0	0.0	0.0	0.0	0.00076	0.0	0.0023	0.0	0.0	0.0	0.0	0.0	0.0	0.0	0.0	0.0	0.0	0.0	0.0	0.0	0.0	0.14081	0.0	0.0	0.0	0.0	0.0	0.0	0.0
s__Enterococcus_faecium	0	0.0	0.0	0.0	0.0	0.0	0.0	0.0	0.0	0.0	0.0	0.0	0.0	0.0	0.73055	0.0	0.0	0.0	0.0	0.0	0.0	0.0	0.0	0.01208	0.0	0.0	0.0	0.0	0.0	0.0	0.0	0.0	0.0	0.0	0.0	0.0	0.0	0.0
s__Methanosphaera_stadtmanae	0	0.0	0.0	0.0	0.0	0.0	0.0	0.0	0.0	0.0	0.0	0.0	0.0	0.0	0.30872	0.0	0.0	0.0	0.0	0.0	0.0	0.0	0.0	0.0	0.0	0.0	0.0	0.0	0.0	0.0	0.0	0.0	0.0	0.0	0.0	0.0	0.0	0.0
s__Clostridium_hylemonae	0	0.0	0.0	0.0	0.0	0.0	0.0	0.0	0.0	0.0	0.0	0.0	0.0	0.0	0.1685	0.0	0.0	0.06663	0.0	0.0	0.0	0.0	0.0	0.0	0.0	0.0	0.0	0.0	0.0	0.0	0.0	0.0	0.0	0.0	0.0	0.0	0.0	0.0
s__Candidatus_Methanomassiliicoccus_intestinalis	0	0.0	0.0	0.0	0.0	0.0	0.0	0.0	0.0	0.0	0.0	0.0	0.0	0.0	0.14757	0.0	0.0	0.0	0.0	0.0	0.0	0.0	0.0	0.0	0.0	0.0	0.0	0.0	0.0	0.0	0.0	0.0	0.0	0.0	0.0	0.0	0.0	0.0
s__Sanguibacteroides_justesenii	0	0.0	0.0	0.0	0.0	0.0	0.0	0.0	0.0	0.0	0.0	0.0	0.0	0.0	0.05003	0.0	0.0	0.0	0.0	0.0	0.0	0.0	0.0	0.0	0.0	0.0	0.0	0.0	0.0	0.0	0.0	0.0	0.0	0.0	0.0	0.0	0.0	0.0
s__Clostridium_sp_D5	0	0.0	0.0	0.0	0.0	0.0	0.0	0.0	0.0	0.0	0.0	0.0	0.0	0.0	0.04816	0.0	0.0	0.0	0.0	0.0	0.00315	0.0	0.0	0.0	0.0	0.04904	0.0	0.0	0.0	0.0	0.0	0.0	0.0	0.0	0.0	0.0	0.0	0.0
s__Cloacibacillus_porcorum	0	0.0	0.0	0.0	0.0	0.0	0.0	0.0	0.0	0.0	0.0	0.0	0.0	0.0	0.04596	0.0	0.0	0.0	0.0	0.0	0.0	0.0	0.0	0.0	0.0	0.0	0.0	0.0	0.0	0.0	0.0	0.0	0.0	0.0	0.0	0.0	0.0	0.0
s__Lactobacillus_paragasseri	0	0.0	0.0	0.0	0.0	0.0	0.0	0.0	0.0	0.0	0.0	0.0	0.0	0.0	0.00703	0.0	0.04351	0.0	0.0	0.00165	0.0	0.0	0.0	0.16907	0.0	0.0	0.0	0.0	0.0	0.07047	0.0	0.08117	0.0	0.0	0.0	0.0	0.0	0.0
s__Lactonifactor_longoviformis	0	0.0	0.0	0.0	0.0	0.0	0.0	0.0	0.0	0.0	0.0	0.0	0.0	0.0	0.00133	0.01271	0.0	0.01228	0.0	0.0	0.0	0.0	0.0	0.0	0.0	0.0	0.0	0.00034	0.0	0.0	0.0	0.0	0.0	0.03474	0.0	0.0	0.00686	0.0
s__Klebsiella_pneumoniae	0	0.0	0.0	0.0	0.0	0.0	0.0	0.0	0.0	0.0	0.0	0.0	0.0	0.0	0.0	0.4174	0.5728	0.0	0.0	0.0	0.0	0.0	5.22606	0.0	0.0	0.0	0.00882	0.0	0.0	0.0	0.0	0.0	0.0	0.0	0.0	0.0	0.11366	0.0
s__Klebsiella_quasipneumoniae	0	0.0	0.0	0.0	0.0	0.0	0.0	0.0	0.0	0.0	0.0	0.0	0.0	0.0	0.0	0.02907	0.03666	0.0	0.0	0.0	0.0	0.0	1.54553	0.0	0.0	0.0	0.0	0.0	0.0	0.0	0.0	0.0	0.0	0.0	0.0	0.0	0.0066	0.0
s__Bifidobacterium_dentium	0	0.0	0.0	0.0	0.0	0.0	0.0	0.0	0.0	0.0	0.0	0.0	0.0	0.0	0.0	0.02014	0.0	0.0	0.0	0.0	0.0	0.0	0.0	0.06002	0.0	0.0	0.0	0.00594	0.00064	0.0353	0.0	0.0	0.0	0.0	0.0	0.0	0.0	0.0
s__Clostridium_perfringens	0	0.0	0.0	0.0	0.0	0.0	0.0	0.0	0.0	0.0	0.0	0.0	0.0	0.0	0.0	0.01358	0.0	0.0	0.0	0.0	0.0	0.0	0.0	0.05935	0.0	0.0	0.0	0.0	0.0	0.0	0.0	0.0	0.0	0.18307	0.0	0.0	0.0	0.0
s__Finegoldia_magna	0	0.0	0.0	0.0	0.0	0.0	0.0	0.0	0.0	0.0	0.0	0.0	0.0	0.0	0.0	0.00589	0.0	0.0	0.05367	0.0	0.0	0.0	0.0	0.0	0.0	0.0	0.0	0.0	0.0	0.0	0.00318	0.0	0.0	0.0	0.0	0.0	0.0	0.0
s__Murimonas_intestini	0	0.0	0.0	0.0	0.0	0.0	0.0	0.0	0.0	0.0	0.0	0.0	0.0	0.0	0.0	0.00238	0.0	0.0	0.0	0.0	0.0	0.0	0.0	0.0	0.0	0.0	0.0	0.0	0.0	0.0	0.0	0.0	0.0	0.0	0.0	0.0	0.0	0.0
s__Dialister_sp_CAG_357	0	0.0	0.0	0.0	0.0	0.0	0.0	0.0	0.0	0.0	0.0	0.0	0.0	0.0	0.0	0.0	2.29109	0.0	0.0	0.0	0.0	0.0	0.0	0.0	0.0	0.0	0.0	0.0	0.0	14.124	0.0	0.0	0.0	0.0	0.0	0.0	0.0	0.0
s__Anaerotruncus_sp_CAG_528	0	0.0	0.0	0.0	0.0	0.0	0.0	0.0	0.0	0.0	0.0	0.0	0.0	0.0	0.0	0.0	1.64263	0.0	0.0	0.0	0.0	0.0	0.0	0.0	0.0	0.0	1.87672	0.0	0.0	0.0	0.0	0.0	0.0	0.0	0.0	0.0	0.0	0.0
s__Veillonella_infantium	0	0.0	0.0	0.0	0.0	0.0	0.0	0.0	0.0	0.0	0.0	0.0	0.0	0.0	0.0	0.0	0.20132	0.0	0.0	0.04085	0.0	0.0	0.0	0.0	0.0	0.0	0.0	0.0	0.0	0.0	0.0	0.0	0.001	0.0	0.0	0.0	0.0	0.0
s__Veillonella_sp_T11011_6	0	0.0	0.0	0.0	0.0	0.0	0.0	0.0	0.0	0.0	0.0	0.0	0.0	0.0	0.0	0.0	0.06418	0.0	0.0	0.01355	0.0	0.0	0.0	0.0	0.0	0.0	0.0	0.0	0.0	0.0	0.0	0.0	0.0	0.0	0.0	0.0	0.0	0.0
s__Streptococcus_mutans	0	0.0	0.0	0.0	0.0	0.0	0.0	0.0	0.0	0.0	0.0	0.0	0.0	0.0	0.0	0.0	0.02059	0.0	0.0	0.16356	0.00383	0.0	0.0	0.0	0.0	0.00877	0.0	0.0	0.0	1.40466	0.0	0.00285	0.0	0.0	0.0	0.0	0.0	0.0
s__Veillonella_tobetsuensis	0	0.0	0.0	0.0	0.0	0.0	0.0	0.0	0.0	0.0	0.0	0.0	0.0	0.0	0.0	0.0	0.01543	0.0	0.0	0.0	0.0	0.0	0.0	0.0	0.0	0.0	0.0	0.0	0.0	0.0	0.0	0.0	0.0	0.0	0.0	0.0	0.0	0.0
s__Streptococcus_sp_F0442	0	0.0	0.0	0.0	0.0	0.0	0.0	0.0	0.0	0.0	0.0	0.0	0.0	0.0	0.0	0.0	0.01468	0.0	0.0	0.0	0.0	0.02395	0.0	0.0	0.0	0.0	0.0	0.0	0.0	0.0	0.0	0.0	0.0	0.0	0.0	0.0	0.0	0.0
s__Streptococcus_sanguinis	0	0.0	0.0	0.0	0.0	0.0	0.0	0.0	0.0	0.0	0.0	0.0	0.0	0.0	0.0	0.0	0.00526	0.02056	0.02626	0.02907	0.0	0.01958	0.0	0.0	0.0	0.0	0.0	0.03286	0.0	0.0	0.0	0.0	0.0	0.0033	0.00751	0.0	0.0	0.0
s__Streptococcus_agalactiae	0	0.0	0.0	0.0	0.0	0.0	0.0	0.0	0.0	0.0	0.0	0.0	0.0	0.0	0.0	0.0	0.00453	0.0	0.0	0.0	0.0	0.0	0.0	0.15344	0.0	0.0	0.02428	0.0	0.0	0.0	0.0	0.0	0.0	0.0	0.0	0.0	0.0	0.0
s__Bacteroides_sp_D2	0	0.0	0.0	0.0	0.0	0.0	0.0	0.0	0.0	0.0	0.0	0.0	0.0	0.0	0.0	0.0	0.00091	0.0	0.0	0.0	0.0	0.0	0.0	0.0	0.0	0.0	0.0	0.0	0.0	0.0	0.0	0.0	0.0	0.0	0.0	0.0	0.0	0.0
s__Bacteroides_sartorii	0	0.0	0.0	0.0	0.0	0.0	0.0	0.0	0.0	0.0	0.0	0.0	0.0	0.0	0.0	0.0	0.0	4.0918	0.0	0.0	0.0	0.0	0.0	0.0	0.0	0.0	0.0	0.0	0.0	0.0	0.0	0.0	0.0	0.0	0.0	0.0	0.0	0.0
s__Clostridioides_difficile	0	0.0	0.0	0.0	0.0	0.0	0.0	0.0	0.0	0.0	0.0	0.0	0.0	0.0	0.0	0.0	0.0	0.15755	0.0	0.0	0.0	0.0	0.0	0.0	0.0	0.0	0.0	0.07615	0.0	0.0	0.0	0.0	0.0	0.0	0.0	0.0	0.0	0.0
s__Bifidobacterium_pullorum	0	0.0	0.0	0.0	0.0	0.0	0.0	0.0	0.0	0.0	0.0	0.0	0.0	0.0	0.0	0.0	0.0	0.14843	0.0	0.0	0.0	0.0	0.0	0.0	0.0	0.0	0.0	0.0	0.0	0.0	0.0	0.0	0.0	0.1226	0.0	0.0	0.0	0.0
s__Bifidobacterium_gallinarum	0	0.0	0.0	0.0	0.0	0.0	0.0	0.0	0.0	0.0	0.0	0.0	0.0	0.0	0.0	0.0	0.0	0.00485	0.0	0.0	0.0	0.0	0.0	0.0	0.0	0.0	0.0	0.0	0.0	0.0	0.0	0.0	0.0	0.00063	0.0	0.0	0.0	0.0
s__Enterococcus_avium	0	0.0	0.0	0.0	0.0	0.0	0.0	0.0	0.0	0.0	0.0	0.0	0.0	0.0	0.0	0.0	0.0	0.0026	0.0	0.0	0.0	0.0	0.0	0.0	0.0	0.0	0.0	0.00967	0.0	0.0	0.0	0.0	0.0	0.0	0.0	0.0	0.0	0.0
s__Actinomyces_sp_S6_Spd3	0	0.0	0.0	0.0	0.0	0.0	0.0	0.0	0.0	0.0	0.0	0.0	0.0	0.0	0.0	0.0	0.0	0.00164	0.00109	0.00304	0.00533	0.0	0.0	0.0	0.0	0.0	0.0	0.0	0.0	0.0	0.0	0.0	0.0	0.00565	0.0	0.0	0.0	0.0
s__Mogibacterium_diversum	0	0.0	0.0	0.0	0.0	0.0	0.0	0.0	0.0	0.0	0.0	0.0	0.0	0.0	0.0	0.0	0.0	0.00097	0.0	0.03313	0.0	0.0	0.0	0.0	0.0	0.0	0.0	0.0	0.0	0.0	0.0	0.0	0.00054	0.00743	0.0	0.0	0.0	0.0
s__Abiotrophia_sp_HMSC24B09	0	0.0	0.0	0.0	0.0	0.0	0.0	0.0	0.0	0.0	0.0	0.0	0.0	0.0	0.0	0.0	0.0	0.0003	0.0	0.0	0.0	0.0	0.0	0.0	0.0	0.0	0.0	0.0	0.0	0.0	0.0	0.0	0.0	0.0	0.0	0.0	0.0	0.0
s__Streptococcus_pasteurianus	0	0.0	0.0	0.0	0.0	0.0	0.0	0.0	0.0	0.0	0.0	0.0	0.0	0.0	0.0	0.0	0.0	0.0	1.29899	0.0	0.0	0.0	0.0	0.0	0.0	0.0	0.0	0.0	0.0	0.0	0.0	0.0	0.0	0.0	0.0	0.0	0.0	0.0
s__Klebsiella_michiganensis	0	0.0	0.0	0.0	0.0	0.0	0.0	0.0	0.0	0.0	0.0	0.0	0.0	0.0	0.0	0.0	0.0	0.0	0.02411	0.0	0.0	0.0	0.0	0.0	0.0	0.0	0.0	0.0	0.0	0.0	0.0	0.0	0.0	0.0	0.0	0.0	0.0	0.0
s__Anaerococcus_vaginalis	0	0.0	0.0	0.0	0.0	0.0	0.0	0.0	0.0	0.0	0.0	0.0	0.0	0.0	0.0	0.0	0.0	0.0	0.02289	0.0	0.0	0.0	0.0	0.0	0.0	0.0	0.0	0.0	0.0	0.0	0.01204	0.0	0.0	0.0	0.0	0.0	0.0	0.0
s__Prevotella_bivia	0	0.0	0.0	0.0	0.0	0.0	0.0	0.0	0.0	0.0	0.0	0.0	0.0	0.0	0.0	0.0	0.0	0.0	0.01734	0.0	0.0	0.0	0.0	0.0	0.0	0.0	0.0	0.00523	0.0	0.0	0.02963	0.0	0.0	0.0	0.0	0.0	0.0	0.0
s__Peptostreptococcus_sp_MV1	0	0.0	0.0	0.0	0.0	0.0	0.0	0.0	0.0	0.0	0.0	0.0	0.0	0.0	0.0	0.0	0.0	0.0	0.01398	0.0	0.0	0.0	0.0	0.0	0.0	0.0	0.0	0.0	0.0	0.0	0.01358	0.0	0.0	0.0	0.0	0.0	0.0	0.0
s__Streptococcus_anginosus_group	0	0.0	0.0	0.0	0.0	0.0	0.0	0.0	0.0	0.0	0.0	0.0	0.0	0.0	0.0	0.0	0.0	0.0	0.01341	0.14479	0.0	0.0	0.0	0.01073	0.0	0.0	0.00616	0.01249	0.0	0.0	0.0	0.0	0.0	0.01258	0.0	0.0	0.0	0.0
s__Fusobacterium_gonidiaformans	0	0.0	0.0	0.0	0.0	0.0	0.0	0.0	0.0	0.0	0.0	0.0	0.0	0.0	0.0	0.0	0.0	0.0	0.01144	0.0	0.0	0.0	0.0	0.0	0.0	0.0	0.0	0.0	0.0	0.0	0.0	0.0	0.0	0.0	0.0	0.0	0.0	0.0
s__Atopobium_vaginae	0	0.0	0.0	0.0	0.0	0.0	0.0	0.0	0.0	0.0	0.0	0.0	0.0	0.0	0.0	0.0	0.0	0.0	0.00712	0.0	0.0	0.0	0.0	0.0	0.0	0.0	0.0	0.0	0.0	0.0	0.0	0.0	0.0	0.0	0.0	0.0	0.0	0.0
s__Prevotella_disiens	0	0.0	0.0	0.0	0.0	0.0	0.0	0.0	0.0	0.0	0.0	0.0	0.0	0.0	0.0	0.0	0.0	0.0	0.00647	0.0	0.0	0.0	0.0	0.0	0.0	0.0	0.0	0.0	0.0	0.0	0.0	0.0	0.0	0.0	0.0	0.0	0.0	0.0
s__Peptoniphilus_harei	0	0.0	0.0	0.0	0.0	0.0	0.0	0.0	0.0	0.0	0.0	0.0	0.0	0.0	0.0	0.0	0.0	0.0	0.00611	0.0	0.0	0.0	0.0	0.0	0.0	0.0	0.0	0.0	0.0	0.0	0.0	0.0	0.0	0.0	0.0	0.0	0.0	0.0
s__Peptoniphilus_lacrimalis	0	0.0	0.0	0.0	0.0	0.0	0.0	0.0	0.0	0.0	0.0	0.0	0.0	0.0	0.0	0.0	0.0	0.0	0.00358	0.0	0.0	0.0	0.0	0.0	0.0	0.0	0.0	0.0	0.0	0.0	0.00257	0.0	0.0	0.0	0.0	0.0	0.0	0.0
s__Peptoniphilus_coxii	0	0.0	0.0	0.0	0.0	0.0	0.0	0.0	0.0	0.0	0.0	0.0	0.0	0.0	0.0	0.0	0.0	0.0	0.0034	0.0	0.0	0.0	0.0	0.0	0.0	0.0	0.0	0.0	0.0	0.0	0.0	0.0	0.0	0.0	0.0	0.0	0.0	0.0
s__Streptococcus_sp_SK643	0	0.0	0.0	0.0	0.0	0.0	0.0	0.0	0.0	0.0	0.0	0.0	0.0	0.0	0.0	0.0	0.0	0.0	0.00278	0.0	0.0	0.0	0.0	0.0	0.0	0.0	0.0	0.0	0.0	0.0	0.0	0.0	0.0	0.0	0.0	0.0	0.0	0.0
s__Lawsonella_clevelandensis	0	0.0	0.0	0.0	0.0	0.0	0.0	0.0	0.0	0.0	0.0	0.0	0.0	0.0	0.0	0.0	0.0	0.0	0.00112	0.0	0.0	0.0	0.0	0.0	0.0	0.0	0.0	0.0	0.0	0.0	0.0	0.0	0.0	0.0	0.0	0.0	0.0	0.0
s__Tissierellia_bacterium_KA00581	0	0.0	0.0	0.0	0.0	0.0	0.0	0.0	0.0	0.0	0.0	0.0	0.0	0.0	0.0	0.0	0.0	0.0	0.00035	0.0	0.0	0.0	0.0	0.0	0.0	0.0	0.0	0.0	0.0	0.0	0.0	0.0	0.0	0.0	0.0	0.0	0.0	0.0
s__Fusobacterium_periodonticum	0	0.0	0.0	0.0	0.0	0.0	0.0	0.0	0.0	0.0	0.0	0.0	0.0	0.0	0.0	0.0	0.0	0.0	0.0	0.05693	0.0	0.0	0.0	0.0	0.0	0.0	0.0	0.0	0.0	0.0	0.0	0.0	0.0	0.0	0.0	0.0	0.0	0.0
s__Haemophilus_sputorum	0	0.0	0.0	0.0	0.0	0.0	0.0	0.0	0.0	0.0	0.0	0.0	0.0	0.0	0.0	0.0	0.0	0.0	0.0	0.04508	0.0	0.0	0.0	0.0	0.0	0.0	0.0	0.0	0.0	0.0	0.0	0.0	0.0	0.0	0.0	0.0	0.0	0.0
s__Oribacterium_sinus	0	0.0	0.0	0.0	0.0	0.0	0.0	0.0	0.0	0.0	0.0	0.0	0.0	0.0	0.0	0.0	0.0	0.0	0.0	0.0192	0.0	0.0	0.0	0.00109	0.0	0.0	0.0	0.0	0.0	0.0	0.0	0.0	0.01512	0.0	0.0	0.0	0.0	0.0
s__Atopobium_parvulum	0	0.0	0.0	0.0	0.0	0.0	0.0	0.0	0.0	0.0	0.0	0.0	0.0	0.0	0.0	0.0	0.0	0.0	0.0	0.01711	0.0	0.0	0.0	0.00109	0.0	0.0	0.0	0.0	0.004	0.0	0.0	0.0	0.0	0.0	0.0	0.0	0.0	0.0
s__Bifidobacterium_breve	0	0.0	0.0	0.0	0.0	0.0	0.0	0.0	0.0	0.0	0.0	0.0	0.0	0.0	0.0	0.0	0.0	0.0	0.0	0.01105	0.0	0.0	0.0	0.0	0.0	0.0	0.0	0.41337	0.0	0.0	0.0	0.0	0.0	0.0	0.0	0.0	0.0	0.0
s__Stomatobaculum_longum	0	0.0	0.0	0.0	0.0	0.0	0.0	0.0	0.0	0.0	0.0	0.0	0.0	0.0	0.0	0.0	0.0	0.0	0.0	0.00746	0.0	0.0	0.0	0.0	0.0	0.0	0.0	0.0	0.0	0.0	0.0	0.0	0.0	0.0	0.0	0.0	0.0	0.0
s__Streptococcus_sp_A12	0	0.0	0.0	0.0	0.0	0.0	0.0	0.0	0.0	0.0	0.0	0.0	0.0	0.0	0.0	0.0	0.0	0.0	0.0	0.00537	0.0	0.00797	0.0	0.0	0.0	0.0	0.0	0.0	0.0	0.0	0.0	0.0	0.0	0.00493	0.0	0.0	0.0	0.0
s__Staphylococcus_aureus	0	0.0	0.0	0.0	0.0	0.0	0.0	0.0	0.0	0.0	0.0	0.0	0.0	0.0	0.0	0.0	0.0	0.0	0.0	0.00451	0.0	0.01054	0.0	0.0	0.0	0.0	0.0	0.0	0.0	0.0	0.0	0.0	0.0	0.0	0.0	0.0	0.0	0.0
s__Veillonella_rogosae	0	0.0	0.0	0.0	0.0	0.0	0.0	0.0	0.0	0.0	0.0	0.0	0.0	0.0	0.0	0.0	0.0	0.0	0.0	0.00285	0.0	0.0	0.0	0.0	0.0	0.0	0.0	0.0	0.0	0.0	0.0	0.0	0.0	0.0	0.0	0.0	0.0	0.0
s__Atopobium_rimae	0	0.0	0.0	0.0	0.0	0.0	0.0	0.0	0.0	0.0	0.0	0.0	0.0	0.0	0.0	0.0	0.0	0.0	0.0	0.00183	0.0	0.0	0.0	0.0	0.0	0.0	0.0	0.0	0.0	0.0	0.0	0.0	0.00437	0.0	0.0	0.0	0.0	0.0
s__Abiotrophia_defectiva	0	0.0	0.0	0.0	0.0	0.0	0.0	0.0	0.0	0.0	0.0	0.0	0.0	0.0	0.0	0.0	0.0	0.0	0.0	0.0016	0.0	0.0	0.0	0.0	0.0	0.0	0.0	0.0	0.0	0.0	0.0	0.0	0.0	0.0	0.0	0.0	0.0	0.0
s__Eubacterium_brachy	0	0.0	0.0	0.0	0.0	0.0	0.0	0.0	0.0	0.0	0.0	0.0	0.0	0.0	0.0	0.0	0.0	0.0	0.0	0.00118	0.0	0.0	0.0	0.02023	0.0	0.0	0.00074	0.0	0.0	0.0	0.0	0.0	0.0	0.0	0.0	0.0	0.0	0.0
s__Eubacteriaceae_bacterium_CHKCI005	0	0.0	0.0	0.0	0.0	0.0	0.0	0.0	0.0	0.0	0.0	0.0	0.0	0.0	0.0	0.0	0.0	0.0	0.0	0.0	0.46561	0.0	0.0	0.0	0.0	0.0	0.0	0.0	0.0	0.0	0.0	0.0	0.0	0.0	0.0	0.0	0.0	0.0
s__Actinomyces_naeslundii	0	0.0	0.0	0.0	0.0	0.0	0.0	0.0	0.0	0.0	0.0	0.0	0.0	0.0	0.0	0.0	0.0	0.0	0.0	0.0	0.00251	0.0	0.0	0.0	0.0	0.0	0.0	0.0005	0.0	0.0	0.0	0.0	0.0	0.0	0.0	0.0	0.0	0.0
s__Fretibacterium_fastidiosum	0	0.0	0.0	0.0	0.0	0.0	0.0	0.0	0.0	0.0	0.0	0.0	0.0	0.0	0.0	0.0	0.0	0.0	0.0	0.0	0.00161	0.0	0.0	0.0	0.0	0.0	0.0	0.0	0.0	0.0	0.0	0.0	0.0	0.0	0.0	0.0	0.0	0.0
s__Lactobacillus_animalis	0	0.0	0.0	0.0	0.0	0.0	0.0	0.0	0.0	0.0	0.0	0.0	0.0	0.0	0.0	0.0	0.0	0.0	0.0	0.0	0.0	11.28163	0.0	0.0	0.0	0.0	0.0	0.0	0.0	0.0803	0.0	0.0	0.0	0.0	0.0	0.0	0.0	0.0
s__Clostridium_hiranonis	0	0.0	0.0	0.0	0.0	0.0	0.0	0.0	0.0	0.0	0.0	0.0	0.0	0.0	0.0	0.0	0.0	0.0	0.0	0.0	0.0	0.02727	0.19822	0.0	0.0	0.0	0.0	0.0	0.0	0.0	0.0	0.0	0.0	0.0	0.0	0.0	0.0	0.0
s__Streptococcus_pyogenes	0	0.0	0.0	0.0	0.0	0.0	0.0	0.0	0.0	0.0	0.0	0.0	0.0	0.0	0.0	0.0	0.0	0.0	0.0	0.0	0.0	0.02418	0.0	0.0	0.0	0.0	0.0	0.0	0.0	0.0	0.0	0.0	0.0	0.0	0.0	0.0	0.0	0.0
s__Actinomyces_sp_oral_taxon_170	0	0.0	0.0	0.0	0.0	0.0	0.0	0.0	0.0	0.0	0.0	0.0	0.0	0.0	0.0	0.0	0.0	0.0	0.0	0.0	0.0	0.00846	0.0	0.0	0.0	0.0	0.0	0.0	0.0	0.0	0.0	0.0	0.0	0.0	0.0	0.0	0.0	0.0
s__Streptococcus_sp_HMSC070B10	0	0.0	0.0	0.0	0.0	0.0	0.0	0.0	0.0	0.0	0.0	0.0	0.0	0.0	0.0	0.0	0.0	0.0	0.0	0.0	0.0	0.00435	0.0	0.0	0.0	0.0	0.0	0.0	0.0	0.0	0.0	0.00105	0.0	0.0	0.0	0.0	0.0	0.0
s__Chlamydia_ibidis	0	0.0	0.0	0.0	0.0	0.0	0.0	0.0	0.0	0.0	0.0	0.0	0.0	0.0	0.0	0.0	0.0	0.0	0.0	0.0	0.0	0.00246	0.0	0.0	0.0	0.0	0.0	0.0	0.0	0.0	0.0	0.0	0.0	0.0	0.0	0.0	0.0	0.0
s__Citrobacter_youngae	0	0.0	0.0	0.0	0.0	0.0	0.0	0.0	0.0	0.0	0.0	0.0	0.0	0.0	0.0	0.0	0.0	0.0	0.0	0.0	0.0	0.0	2.20769	0.0	0.0	0.0	0.0	0.0	0.0	0.0	0.0	0.0	0.0	0.0	0.0	0.0	0.0	0.0
s__Citrobacter_portucalensis	0	0.0	0.0	0.0	0.0	0.0	0.0	0.0	0.0	0.0	0.0	0.0	0.0	0.0	0.0	0.0	0.0	0.0	0.0	0.0	0.0	0.0	1.9254	0.0	0.0	0.0	0.0	0.0	0.0	0.0	0.0	0.0	0.0	0.0	0.0	0.0	0.0	0.0
s__Fusobacterium_mortiferum	0	0.0	0.0	0.0	0.0	0.0	0.0	0.0	0.0	0.0	0.0	0.0	0.0	0.0	0.0	0.0	0.0	0.0	0.0	0.0	0.0	0.0	0.60187	0.0	0.0	0.0	0.09505	0.0	0.0	0.0	0.0	0.0	0.0	0.0	0.0	0.0	0.0	0.0
s__Enterococcus_faecalis	0	0.0	0.0	0.0	0.0	0.0	0.0	0.0	0.0	0.0	0.0	0.0	0.0	0.0	0.0	0.0	0.0	0.0	0.0	0.0	0.0	0.0	0.03271	0.0	0.0	0.0	0.0	0.0	0.0	0.00437	0.0	0.0	0.0	0.0	0.0	0.0	0.0	0.0
s__Lactobacillus_oris	0	0.0	0.0	0.0	0.0	0.0	0.0	0.0	0.0	0.0	0.0	0.0	0.0	0.0	0.0	0.0	0.0	0.0	0.0	0.0	0.0	0.0	0.0	0.11104	0.0	0.0	0.0	0.0	0.0	0.0	0.0	0.0339	0.0	0.0	0.0	0.0	0.0	0.0
s__Dialister_pneumosintes	0	0.0	0.0	0.0	0.0	0.0	0.0	0.0	0.0	0.0	0.0	0.0	0.0	0.0	0.0	0.0	0.0	0.0	0.0	0.0	0.0	0.0	0.0	0.07766	0.0	0.0	0.0	0.0	0.0	0.0	0.0	0.0056	0.0	0.0	0.0	0.0	0.0	0.0
s__Clostridium_sp_CAG_253	0	0.0	0.0	0.0	0.0	0.0	0.0	0.0	0.0	0.0	0.0	0.0	0.0	0.0	0.0	0.0	0.0	0.0	0.0	0.0	0.0	0.0	0.0	0.0558	0.0	0.0	0.0	0.0	0.0	0.0	0.0	0.0	0.0	0.0	0.0	0.0	0.0	0.0
s__Lactobacillus_vaginalis	0	0.0	0.0	0.0	0.0	0.0	0.0	0.0	0.0	0.0	0.0	0.0	0.0	0.0	0.0	0.0	0.0	0.0	0.0	0.0	0.0	0.0	0.0	0.04368	0.0	0.0	0.0	0.0	0.0	0.0	0.0	0.0	0.0	0.0	0.0	0.0	0.0	0.0
s__Lactobacillus_gasseri	0	0.0	0.0	0.0	0.0	0.0	0.0	0.0	0.0	0.0	0.0	0.0	0.0	0.0	0.0	0.0	0.0	0.0	0.0	0.0	0.0	0.0	0.0	0.01742	0.0	0.0	0.0	0.0	0.0	0.00552	0.0	0.01586	0.0	0.0	0.0	0.0	0.0	0.0
s__Lactobacillus_ultunensis	0	0.0	0.0	0.0	0.0	0.0	0.0	0.0	0.0	0.0	0.0	0.0	0.0	0.0	0.0	0.0	0.0	0.0	0.0	0.0	0.0	0.0	0.0	0.01484	0.0	0.0	0.0	0.0	0.0	0.0	0.0	0.0	0.0	0.0	0.0	0.0	0.0	0.0
s__Parascardovia_denticolens	0	0.0	0.0	0.0	0.0	0.0	0.0	0.0	0.0	0.0	0.0	0.0	0.0	0.0	0.0	0.0	0.0	0.0	0.0	0.0	0.0	0.0	0.0	0.00684	0.0	0.0	0.0	0.0	0.0	0.0	0.0	0.0	0.0	0.0	0.0	0.0	0.0	0.0
s__Lactobacillus_antri	0	0.0	0.0	0.0	0.0	0.0	0.0	0.0	0.0	0.0	0.0	0.0	0.0	0.0	0.0	0.0	0.0	0.0	0.0	0.0	0.0	0.0	0.0	0.00464	0.0	0.0	0.0	0.0	0.0	0.0	0.0	0.0	0.0	0.0	0.0	0.0	0.0	0.0
s__Scardovia_inopinata	0	0.0	0.0	0.0	0.0	0.0	0.0	0.0	0.0	0.0	0.0	0.0	0.0	0.0	0.0	0.0	0.0	0.0	0.0	0.0	0.0	0.0	0.0	0.00395	0.0	0.0	0.0	0.0	0.0	0.0	0.0	0.0	0.0	0.0	0.0	0.0	0.0	0.0
s__Weissella_confusa	0	0.0	0.0	0.0	0.0	0.0	0.0	0.0	0.0	0.0	0.0	0.0	0.0	0.0	0.0	0.0	0.0	0.0	0.0	0.0	0.0	0.0	0.0	0.0	0.01319	0.0	0.0	0.0	0.0	0.0	0.0	0.0	0.0	0.0	0.0	0.0	0.0	0.0
s__Scardovia_wiggsiae	0	0.0	0.0	0.0	0.0	0.0	0.0	0.0	0.0	0.0	0.0	0.0	0.0	0.0	0.0	0.0	0.0	0.0	0.0	0.0	0.0	0.0	0.0	0.0	0.0	0.02102	0.0	0.0	0.00043	0.0	0.0	0.0	0.0	0.0	0.0	0.0	0.0	0.0
s__Propionibacterium_acidifaciens	0	0.0	0.0	0.0	0.0	0.0	0.0	0.0	0.0	0.0	0.0	0.0	0.0	0.0	0.0	0.0	0.0	0.0	0.0	0.0	0.0	0.0	0.0	0.0	0.0	0.00388	0.0	0.0	0.0	0.0	0.0	0.0	0.0	0.0	0.0	0.0	0.0	0.0
s__Megasphaera_sp_DISK_18	0	0.0	0.0	0.0	0.0	0.0	0.0	0.0	0.0	0.0	0.0	0.0	0.0	0.0	0.0	0.0	0.0	0.0	0.0	0.0	0.0	0.0	0.0	0.0	0.0	0.0	3.98286	0.0	0.0	0.0	0.0	0.0	0.02278	0.0	0.0	0.0	0.0	0.0
s__Megasphaera_micronuciformis	0	0.0	0.0	0.0	0.0	0.0	0.0	0.0	0.0	0.0	0.0	0.0	0.0	0.0	0.0	0.0	0.0	0.0	0.0	0.0	0.0	0.0	0.0	0.0	0.0	0.0	0.0	0.0743	0.0	0.0	0.0	0.0	0.0	0.0	0.0	0.0	0.0	0.0
s__Enterococcus_hirae	0	0.0	0.0	0.0	0.0	0.0	0.0	0.0	0.0	0.0	0.0	0.0	0.0	0.0	0.0	0.0	0.0	0.0	0.0	0.0	0.0	0.0	0.0	0.0	0.0	0.0	0.0	0.01879	0.0	0.0	0.0	0.0	0.0	0.0	0.0	0.0	0.0	0.0
s__Megasphaera_elsdenii	0	0.0	0.0	0.0	0.0	0.0	0.0	0.0	0.0	0.0	0.0	0.0	0.0	0.0	0.0	0.0	0.0	0.0	0.0	0.0	0.0	0.0	0.0	0.0	0.0	0.0	0.0	0.0	0.65768	0.0	0.0	0.0	0.0	0.0	0.0	0.0	0.0	0.06623
s__Streptococcus_sobrinus	0	0.0	0.0	0.0	0.0	0.0	0.0	0.0	0.0	0.0	0.0	0.0	0.0	0.0	0.0	0.0	0.0	0.0	0.0	0.0	0.0	0.0	0.0	0.0	0.0	0.0	0.0	0.0	0.08656	0.0	0.0	0.0	0.0	0.0	0.0	0.0	0.0	0.0
s__Clostridium_disporicum	0	0.0	0.0	0.0	0.0	0.0	0.0	0.0	0.0	0.0	0.0	0.0	0.0	0.0	0.0	0.0	0.0	0.0	0.0	0.0	0.0	0.0	0.0	0.0	0.0	0.0	0.0	0.0	0.02634	0.0	0.0	0.0	0.0	0.0	0.00298	0.0	0.0	0.0
s__Rothia_dentocariosa	0	0.0	0.0	0.0	0.0	0.0	0.0	0.0	0.0	0.0	0.0	0.0	0.0	0.0	0.0	0.0	0.0	0.0	0.0	0.0	0.0	0.0	0.0	0.0	0.0	0.0	0.0	0.0	0.00226	0.0	0.0	0.00219	0.0	0.0	0.0	0.0	0.0	0.0
s__Ruminococcus_sp_CAG_488	0	0.0	0.0	0.0	0.0	0.0	0.0	0.0	0.0	0.0	0.0	0.0	0.0	0.0	0.0	0.0	0.0	0.0	0.0	0.0	0.0	0.0	0.0	0.0	0.0	0.0	0.0	0.0	0.0	0.94279	0.0	0.0	0.0	0.0	0.0	0.0	0.0	0.0
s__Clostridium_sp_CAG_242	0	0.0	0.0	0.0	0.0	0.0	0.0	0.0	0.0	0.0	0.0	0.0	0.0	0.0	0.0	0.0	0.0	0.0	0.0	0.0	0.0	0.0	0.0	0.0	0.0	0.0	0.0	0.0	0.0	0.025	0.0	0.0	0.0	0.0	0.0	0.0	0.0	0.0
s__Ruminococcus_obeum_CAG_39	0	0.0	0.0	0.0	0.0	0.0	0.0	0.0	0.0	0.0	0.0	0.0	0.0	0.0	0.0	0.0	0.0	0.0	0.0	0.0	0.0	0.0	0.0	0.0	0.0	0.0	0.0	0.0	0.0	0.01338	0.0	0.0	0.0	0.0	0.0	0.0	0.0	0.0
s__Pseudoflavonifractor_sp_An184	0	0.0	0.0	0.0	0.0	0.0	0.0	0.0	0.0	0.0	0.0	0.0	0.0	0.0	0.0	0.0	0.0	0.0	0.0	0.0	0.0	0.0	0.0	0.0	0.0	0.0	0.0	0.0	0.0	0.01118	0.0	0.03821	0.0	0.0	0.0	0.00253	0.0	0.0
s__Aeriscardovia_aeriphila	0	0.0	0.0	0.0	0.0	0.0	0.0	0.0	0.0	0.0	0.0	0.0	0.0	0.0	0.0	0.0	0.0	0.0	0.0	0.0	0.0	0.0	0.0	0.0	0.0	0.0	0.0	0.0	0.0	0.00435	0.0	0.00311	0.0	0.0	0.0	0.0	0.00154	0.0
s__Ruminococcus_sp_CAG_563	0	0.0	0.0	0.0	0.0	0.0	0.0	0.0	0.0	0.0	0.0	0.0	0.0	0.0	0.0	0.0	0.0	0.0	0.0	0.0	0.0	0.0	0.0	0.0	0.0	0.0	0.0	0.0	0.0	0.00337	0.0	0.0	0.0	0.0	0.0	0.0	0.0	0.0
s__Lachnospiraceae_bacterium_oral_taxon_096	0	0.0	0.0	0.0	0.0	0.0	0.0	0.0	0.0	0.0	0.0	0.0	0.0	0.0	0.0	0.0	0.0	0.0	0.0	0.0	0.0	0.0	0.0	0.0	0.0	0.0	0.0	0.0	0.0	0.0	0.0	0.0	0.01813	0.0	0.0	0.0	0.0	0.0
s__Saccharomyces_cerevisiae	0	0.0	0.0	0.0	0.0	0.0	0.0	0.0	0.0	0.0	0.0	0.0	0.0	0.0	0.0	0.0	0.0	0.0	0.0	0.0	0.0	0.0	0.0	0.0	0.0	0.0	0.0	0.0	0.0	0.0	0.0	0.0	0.01504	0.0	0.0	0.0	0.0	0.0
s__Fusobacterium_varium	0	0.0	0.0	0.0	0.0	0.0	0.0	0.0	0.0	0.0	0.0	0.0	0.0	0.0	0.0	0.0	0.0	0.0	0.0	0.0	0.0	0.0	0.0	0.0	0.0	0.0	0.0	0.0	0.0	0.0	0.0	0.0	0.01079	0.0	0.0	0.0	0.0	0.0
s__Faecalicatena_orotica	0	0.0	0.0	0.0	0.0	0.0	0.0	0.0	0.0	0.0	0.0	0.0	0.0	0.0	0.0	0.0	0.0	0.0	0.0	0.0	0.0	0.0	0.0	0.0	0.0	0.0	0.0	0.0	0.0	0.0	0.0	0.0	0.00204	0.0	0.0	0.0	0.0	0.0
s__Lactobacillus_iners	0	0.0	0.0	0.0	0.0	0.0	0.0	0.0	0.0	0.0	0.0	0.0	0.0	0.0	0.0	0.0	0.0	0.0	0.0	0.0	0.0	0.0	0.0	0.0	0.0	0.0	0.0	0.0	0.0	0.0	0.0	0.0	0.0	0.14817	0.0	0.0	0.0	0.0
s__Klebsiella_aerogenes	0	0.0	0.0	0.0	0.0	0.0	0.0	0.0	0.0	0.0	0.0	0.0	0.0	0.0	0.0	0.0	0.0	0.0	0.0	0.0	0.0	0.0	0.0	0.0	0.0	0.0	0.0	0.0	0.0	0.0	0.0	0.0	0.0	0.14604	0.0	0.0	0.0	0.0
s__Paeniclostridium_sordellii	0	0.0	0.0	0.0	0.0	0.0	0.0	0.0	0.0	0.0	0.0	0.0	0.0	0.0	0.0	0.0	0.0	0.0	0.0	0.0	0.0	0.0	0.0	0.0	0.0	0.0	0.0	0.0	0.0	0.0	0.0	0.0	0.0	0.027	0.0	0.0	0.0	0.0
s__Citrobacter_amalonaticus	0	0.0	0.0	0.0	0.0	0.0	0.0	0.0	0.0	0.0	0.0	0.0	0.0	0.0	0.0	0.0	0.0	0.0	0.0	0.0	0.0	0.0	0.0	0.0	0.0	0.0	0.0	0.0	0.0	0.0	0.0	0.0	0.0	0.0084	0.0	0.0	0.0	0.0
s__Bifidobacterium_saeculare	0	0.0	0.0	0.0	0.0	0.0	0.0	0.0	0.0	0.0	0.0	0.0	0.0	0.0	0.0	0.0	0.0	0.0	0.0	0.0	0.0	0.0	0.0	0.0	0.0	0.0	0.0	0.0	0.0	0.0	0.0	0.0	0.0	0.002	0.0	0.0	0.0	0.0
s__Lactobacillus_algidus	0	0.0	0.0	0.0	0.0	0.0	0.0	0.0	0.0	0.0	0.0	0.0	0.0	0.0	0.0	0.0	0.0	0.0	0.0	0.0	0.0	0.0	0.0	0.0	0.0	0.0	0.0	0.0	0.0	0.0	0.0	0.0	0.0	0.0	0.01094	0.0	0.0	0.0
s__Leuconostoc_mesenteroides	0	0.0	0.0	0.0	0.0	0.0	0.0	0.0	0.0	0.0	0.0	0.0	0.0	0.0	0.0	0.0	0.0	0.0	0.0	0.0	0.0	0.0	0.0	0.0	0.0	0.0	0.0	0.0	0.0	0.0	0.0	0.0	0.0	0.0	0.00078	0.0	0.0	0.0
s__Cutibacterium_acnes	0	0.0	0.0	0.0	0.0	0.0	0.0	0.0	0.0	0.0	0.0	0.0	0.0	0.0	0.0	0.0	0.0	0.0	0.0	0.0	0.0	0.0	0.0	0.0	0.0	0.0	0.0	0.0	0.0	0.0	0.0	0.0	0.0	0.0	0.0	0.0	0.0	0.19293
s__Staphylococcus_capitis	0	0.0	0.0	0.0	0.0	0.0	0.0	0.0	0.0	0.0	0.0	0.0	0.0	0.0	0.0	0.0	0.0	0.0	0.0	0.0	0.0	0.0	0.0	0.0	0.0	0.0	0.0	0.0	0.0	0.0	0.0	0.0	0.0	0.0	0.0	0.0	0.0	0.00423
s__Malassezia_restricta	0	0.0	0.0	0.0	0.0	0.0	0.0	0.0	0.0	0.0	0.0	0.0	0.0	0.0	0.0	0.0	0.0	0.0	0.0	0.0	0.0	0.0	0.0	0.0	0.0	0.0	0.0	0.0	0.0	0.0	0.0	0.0	0.0	0.0	0.0	0.0	0.0	0.00099
