study	display_name	model	model_key	rmse	mae	recon_loss	kl_divergence	balanced_accuracy	f1_macro	auroc	balanced_accuracy_std	f1_macro_std	auroc_std	n_seeds	latent_dim	epochs
BedarfJR_2017	BedarfJR_2017	Vanilla VAE	vanilla-vae	0.3072	0.1424	0.0241	0.135	0.708	0.7001	0.7669	0.014	0.0148	0.0115	5	14	100.0
BedarfJR_2017	BedarfJR_2017	Hyp-PhILR-NB VAE	hyp-philrvae	0.2169	0.1169	77.8884	41.4109	0.6684	0.6605	0.7461	0.0112	0.0108	0.0096	5	20	
BedarfJR_2017	BedarfJR_2017	dsvae-sup	dsvae-sup	0.2615	0.1173	126.3465	8.5846	0.6371	0.6291	0.6883	0.0164	0.0175	0.0176	5	32	100.0
BedarfJR_2017	BedarfJR_2017	$\beta$-VAE	beta-vae	0.1647	0.081	0.0068	30.821	0.6254	0.6135	0.6584	0.0155	0.016	0.009	5	13	100.0
BedarfJR_2017	BedarfJR_2017	Tax-aware VAE	tax-vae	0.3103	0.1381	0.0267	6.3097	0.6182	0.6083	0.6335	0.0158	0.0168	0.0157	5	16	100.0
BedarfJR_2017	BedarfJR_2017	TreeNB-VAE	treenbvae	0.254	0.1068	108.9435	20.2312	0.6157	0.6035	0.6243	0.0123	0.0127	0.0125	5	16	
BedarfJR_2017	BedarfJR_2017	Hyperbolic VAE	hyp-vae	0.1659	0.0895	0.0072	44.9125	0.5968	0.5847	0.6134	0.0107	0.0115	0.0128	5	24	100.0
BedarfJR_2017	BedarfJR_2017	PhyloFusion VAE	fuse-vae	0.1979	0.1094	0.0104	24.7203	0.5943	0.5828	0.6455	0.0148	0.0144	0.0202	5	11	100.0
BedarfJR_2017	BedarfJR_2017	TreePrior VAE	treeprior-vae	0.2972	0.1214	0.0218	0.0027	0.5914	0.5795	0.6038	0.0196	0.0215	0.0149	5	11	100.0
BedarfJR_2017	BedarfJR_2017	PhILR-VAE	philrvae	0.1591	0.0776	83.2772	32.0218	0.5859	0.5752	0.5966	0.0111	0.011	0.0123	5	20	
BedarfJR_2017	BedarfJR_2017	PhILR-Gauss VAE	philr-gauss-vae	0.3094	0.2402	0.0975	11.7233	0.5583	0.5456	0.5888	0.0186	0.0199	0.0279	5	4	
BedarfJR_2017	BedarfJR_2017	dsvae-unsup	dsvae-unsup	0.1848	0.0771	93.5241	13.1747	0.5411	0.5286	0.5184	0.0137	0.0161	0.0146	5	32	100.0
BedarfJR_2017	BedarfJR_2017	Hyp-PhILR-ZINB VAE	hyp-philr-zinb	0.259	0.1184	81.3386	36.3046	0.5361	0.5207	0.5437	0.0176	0.0167	0.0084	5	13	
BedarfJR_2017	BedarfJR_2017	Hyp+Tax VAE	hyp-tax-vae	0.2971	0.1218	0.0224	0.6833	0.5301	0.5139	0.5582	0.0143	0.0175	0.0178	5	4	100.0
BedarfJR_2017	BedarfJR_2017	TreeDirichlet VAE	treedirichlet-vae	0.3432	0.2485	-2473.8052	14.8935	0.5206	0.5018	0.528	0.0186	0.0195	0.0151	5	6	
BedarfJR_2017	BedarfJR_2017	Graph VAE	graph-vae	0.2971	0.1215	0.0225	0.0418	0.4118	0.3981	0.3837	0.0089	0.0105	0.0159	5	6	100.0
BrooksB_2017	BrooksB_2017	dsvae-unsup	dsvae-unsup	0.0918	0.0181	25.7699	10.949	0.9165	0.88	0.9976	0.0149	0.0158	0.0015	5	32	100.0
BrooksB_2017	BrooksB_2017	Tax-aware VAE	tax-vae	0.1178	0.0434	0.0049	18.3753	0.9114	0.8978	0.9994	0.0562	0.0531	0.0001	5	20	100.0
BrooksB_2017	BrooksB_2017	PhILR-VAE	philrvae	0.048	0.0104	18.7233	38.5655	0.8994	0.8961	0.9939	0.0003	0.0046	0.0014	5	15	
BrooksB_2017	BrooksB_2017	TreeNB-VAE	treenbvae	0.0652	0.0116	19.5069	16.9103	0.8992	0.8851	0.9494	0.0006	0.0075	0.0022	5	10	
BrooksB_2017	BrooksB_2017	Hyperbolic VAE	hyp-vae	0.1013	0.0387	0.003	13.1284	0.8934	0.8837	0.9981	0.0135	0.0185	0.0003	5	9	100.0
BrooksB_2017	BrooksB_2017	$\beta$-VAE	beta-vae	0.1034	0.0372	0.0027	16.5313	0.8897	0.8498	0.9969	0.0085	0.0075	0.0009	5	20	100.0
BrooksB_2017	BrooksB_2017	Hyp-PhILR-ZINB VAE	hyp-philr-zinb	0.0623	0.0154	18.8434	20.9542	0.8393	0.82	0.9956	0.0159	0.0194	0.0007	5	10	
BrooksB_2017	BrooksB_2017	Hyp+Tax VAE	hyp-tax-vae	0.1109	0.0392	0.0037	20.6768	0.8	0.7981	0.9882	0.0001	0.0015	0.002	5	14	100.0
BrooksB_2017	BrooksB_2017	dsvae-sup	dsvae-sup	0.3517	0.1272	85.4489	24.2958	0.7993	0.7877	0.9685	0.0003	0.0073	0.0104	5	32	100.0
BrooksB_2017	BrooksB_2017	Hyp-PhILR-NB VAE	hyp-philrvae	0.1312	0.0259	18.1633	34.2643	0.7991	0.7891	0.9915	0.0007	0.0056	0.0009	5	15	
BrooksB_2017	BrooksB_2017	PhILR-Gauss VAE	philr-gauss-vae	0.2353	0.2223	0.0073	41.7178	0.7675	0.7656	0.999	0.0259	0.0263	0.0007	5	20	
BrooksB_2017	BrooksB_2017	Graph VAE	graph-vae	0.164	0.0538	0.0083	20.0903	0.76	0.7018	0.9257	0.0301	0.0216	0.008	5	20	100.0
BrooksB_2017	BrooksB_2017	PhyloFusion VAE	fuse-vae	0.0885	0.0314	0.002	44.5378	0.7054	0.6946	0.9965	0.0091	0.0128	0.0005	5	24	100.0
BrooksB_2017	BrooksB_2017	Vanilla VAE	vanilla-vae	0.3149	0.0969	0.0241	1.1106	0.6997	0.6947	0.8826	0.0002	0.0048	0.0047	5	8	100.0
BrooksB_2017	BrooksB_2017	TreeDirichlet VAE	treedirichlet-vae	0.0782	0.0508	-1936.9438	30.9793	0.6872	0.6783	0.822	0.0109	0.016	0.0217	5	6	
BrooksB_2017	BrooksB_2017	TreePrior VAE	treeprior-vae	0.1441	0.0443	0.007	33.0588	0.6177	0.6125	0.9405	0.013	0.0126	0.0072	5	20	100.0
Castro-NallarE_2015	Castro-NallarE_2015	TreeDirichlet VAE	treedirichlet-vae	0.2047	0.1519	-1961.3372	12.3497	0.8777	0.8729	0.9483	0.0085	0.0087	0.0069	5	12	
Castro-NallarE_2015	Castro-NallarE_2015	dsvae-unsup	dsvae-unsup	0.1418	0.0553	63.8485	15.4504	0.8582	0.8523	0.9124	0.0116	0.0124	0.0037	5	32	100.0
Castro-NallarE_2015	Castro-NallarE_2015	Graph VAE	graph-vae	0.2101	0.1038	0.011	12.2799	0.8552	0.8499	0.9068	0.0072	0.0076	0.0094	5	9	100.0
Castro-NallarE_2015	Castro-NallarE_2015	Hyp-PhILR-NB VAE	hyp-philrvae	0.1823	0.0728	70.2421	21.9503	0.8377	0.8315	0.9254	0.0078	0.008	0.0023	5	6	
Castro-NallarE_2015	Castro-NallarE_2015	Hyp-PhILR-ZINB VAE	hyp-philr-zinb	0.2712	0.1018	53.8301	42.3461	0.8342	0.8267	0.885	0.0109	0.0102	0.0112	5	13	
Castro-NallarE_2015	Castro-NallarE_2015	PhILR-Gauss VAE	philr-gauss-vae	0.2598	0.2217	0.0367	31.6699	0.8218	0.812	0.9073	0.0105	0.0104	0.0043	5	9	
Castro-NallarE_2015	Castro-NallarE_2015	Hyp+Tax VAE	hyp-tax-vae	0.2116	0.1045	0.0122	18.6718	0.815	0.8082	0.9105	0.0147	0.0142	0.0065	5	24	100.0
Castro-NallarE_2015	Castro-NallarE_2015	dsvae-sup	dsvae-sup	0.4171	0.3229	238.5715	23.2599	0.799	0.7894	0.8521	0.0212	0.0236	0.0122	5	32	100.0
Castro-NallarE_2015	Castro-NallarE_2015	PhILR-VAE	philrvae	0.0882	0.0363	56.457	35.9199	0.7938	0.7854	0.8515	0.0079	0.0097	0.0148	5	24	
Castro-NallarE_2015	Castro-NallarE_2015	$\beta$-VAE	beta-vae	0.1228	0.0766	0.0039	29.4722	0.7798	0.7676	0.8405	0.0213	0.0205	0.0183	5	20	100.0
Castro-NallarE_2015	Castro-NallarE_2015	Vanilla VAE	vanilla-vae	0.267	0.1276	0.015	1.9289	0.7788	0.7684	0.8628	0.0119	0.0126	0.01	5	12	100.0
Castro-NallarE_2015	Castro-NallarE_2015	Tax-aware VAE	tax-vae	0.1742	0.085	0.0079	11.7904	0.7782	0.7685	0.8816	0.0103	0.0109	0.0097	5	10	100.0
Castro-NallarE_2015	Castro-NallarE_2015	TreeNB-VAE	treenbvae	0.1055	0.0367	56.5242	42.3841	0.7657	0.7526	0.8648	0.0275	0.0291	0.0095	5	8	
Castro-NallarE_2015	Castro-NallarE_2015	TreePrior VAE	treeprior-vae	0.3231	0.1323	0.0264	0.0002	0.7145	0.6987	0.7791	0.0101	0.0078	0.0112	5	14	100.0
Castro-NallarE_2015	Castro-NallarE_2015	PhyloFusion VAE	fuse-vae	0.2671	0.1144	0.0208	6.6223	0.584	0.5578	0.6279	0.0197	0.019	0.0161	5	11	100.0
Castro-NallarE_2015	Castro-NallarE_2015	Hyperbolic VAE	hyp-vae	0.3141	0.1276	0.0245	2.8127	0.4467	0.4125	0.4054	0.0068	0.0106	0.0071	5	16	100.0
ChngKR_2016	ChngKR_2016	dsvae-sup	dsvae-sup	0.1763	0.0575	80.1928	4.9419	0.9044	0.9037	0.9345	0.0041	0.0042	0.003	5	32	100.0
ChngKR_2016	ChngKR_2016	$\beta$-VAE	beta-vae	0.0706	0.0332	0.0016	32.1227	0.8371	0.8346	0.8981	0.0147	0.0158	0.011	5	24	100.0
ChngKR_2016	ChngKR_2016	PhILR-Gauss VAE	philr-gauss-vae	0.1856	0.1586	0.006	22.0355	0.8349	0.8327	0.9061	0.0066	0.0065	0.0064	5	11	
ChngKR_2016	ChngKR_2016	Hyp-PhILR-ZINB VAE	hyp-philr-zinb	0.2262	0.0887	42.1014	48.6192	0.8241	0.8211	0.9054	0.0124	0.0136	0.0067	5	16	
ChngKR_2016	ChngKR_2016	PhILR-VAE	philrvae	0.0437	0.0128	39.2388	22.2749	0.8102	0.8069	0.889	0.0045	0.0055	0.0046	5	14	
ChngKR_2016	ChngKR_2016	dsvae-unsup	dsvae-unsup	0.0994	0.0301	53.5076	6.757	0.7726	0.7683	0.8297	0.0144	0.0156	0.0095	5	32	100.0
ChngKR_2016	ChngKR_2016	Hyp+Tax VAE	hyp-tax-vae	0.1008	0.0471	0.0026	13.5645	0.768	0.7636	0.8349	0.0144	0.0146	0.005	5	14	100.0
ChngKR_2016	ChngKR_2016	Hyperbolic VAE	hyp-vae	0.1757	0.0529	0.0079	4.4843	0.7556	0.7517	0.8369	0.0058	0.0058	0.0083	5	15	100.0
ChngKR_2016	ChngKR_2016	Hyp-PhILR-NB VAE	hyp-philrvae	0.2654	0.0901	41.5816	31.6319	0.7127	0.7073	0.771	0.0114	0.0119	0.0134	5	8	
ChngKR_2016	ChngKR_2016	TreeNB-VAE	treenbvae	0.0528	0.0144	39.2287	26.4146	0.6647	0.6578	0.7196	0.0121	0.0131	0.0132	5	6	
ChngKR_2016	ChngKR_2016	Tax-aware VAE	tax-vae	0.1556	0.0508	0.006	4.3955	0.6292	0.6215	0.6784	0.016	0.0171	0.0186	5	13	100.0
ChngKR_2016	ChngKR_2016	Vanilla VAE	vanilla-vae	0.1771	0.0602	0.0081	0.003	0.6085	0.5995	0.6544	0.0103	0.0128	0.007	5	6	100.0
ChngKR_2016	ChngKR_2016	TreeDirichlet VAE	treedirichlet-vae	0.1676	0.0961	-3509.8335	21.4126	0.5745	0.5654	0.5777	0.0169	0.0179	0.0168	5	16	
ChngKR_2016	ChngKR_2016	Graph VAE	graph-vae	0.151	0.0508	0.0063	4.2513	0.5654	0.5557	0.6544	0.0115	0.0132	0.0069	5	4	100.0
ChngKR_2016	ChngKR_2016	TreePrior VAE	treeprior-vae	0.1755	0.0522	0.0099	4.9051	0.5628	0.551	0.5719	0.0085	0.0104	0.009	5	7	100.0
ChngKR_2016	ChngKR_2016	PhyloFusion VAE	fuse-vae	0.1755	0.0537	0.0078	2.8987	0.5289	0.5156	0.522	0.0123	0.0127	0.0141	5	5	100.0
DavidLA_2015	DavidLA_2015	Graph VAE	graph-vae	0.1904	0.0705	0.0096	20.8913	0.9168	0.8835	0.9786	0.0121	0.0148	0.0028	5	12	100.0
DavidLA_2015	DavidLA_2015	dsvae-unsup	dsvae-unsup	0.113	0.0313	46.6112	19.9824	0.8254	0.8081	0.9414	0.0194	0.0177	0.0046	5	32	100.0
DavidLA_2015	DavidLA_2015	Hyperbolic VAE	hyp-vae	0.267	0.0964	0.0211	0.9944	0.8251	0.7938	0.9134	0.0116	0.0087	0.006	5	8	100.0
DavidLA_2015	DavidLA_2015	Tax-aware VAE	tax-vae	0.0722	0.0357	0.0014	43.9822	0.8035	0.784	0.9415	0.0214	0.0269	0.0046	5	20	100.0
DavidLA_2015	DavidLA_2015	TreeDirichlet VAE	treedirichlet-vae	0.2269	0.1657	-2791.3005	13.1353	0.8024	0.7675	0.875	0.0221	0.0197	0.0151	5	3	
DavidLA_2015	DavidLA_2015	$\beta$-VAE	beta-vae	0.109	0.0615	0.0039	18.349	0.7818	0.7509	0.9141	0.0135	0.0189	0.0044	5	11	100.0
DavidLA_2015	DavidLA_2015	Vanilla VAE	vanilla-vae	0.2648	0.0868	0.0192	0.7885	0.7809	0.7349	0.8705	0.0147	0.0133	0.0065	5	15	100.0
DavidLA_2015	DavidLA_2015	Hyp-PhILR-ZINB VAE	hyp-philr-zinb	0.1519	0.0501	50.229	23.2008	0.7672	0.7475	0.8848	0.0165	0.0151	0.0096	5	10	
DavidLA_2015	DavidLA_2015	PhILR-VAE	philrvae	0.0893	0.0323	42.0011	40.6366	0.7617	0.7478	0.9246	0.0194	0.0217	0.0078	5	20	
DavidLA_2015	DavidLA_2015	dsvae-sup	dsvae-sup	0.337	0.1499	164.1849	28.5065	0.7566	0.729	0.8929	0.0119	0.0083	0.0087	5	32	100.0
DavidLA_2015	DavidLA_2015	TreeNB-VAE	treenbvae	0.1873	0.0571	61.0543	9.9133	0.7463	0.7063	0.8608	0.0251	0.024	0.0126	5	4	
DavidLA_2015	DavidLA_2015	PhILR-Gauss VAE	philr-gauss-vae	0.2117	0.1856	0.0112	28.5837	0.729	0.7103	0.858	0.0243	0.026	0.0086	5	9	
DavidLA_2015	DavidLA_2015	Hyp+Tax VAE	hyp-tax-vae	0.1464	0.067	0.0089	13.521	0.6899	0.6637	0.8476	0.0079	0.0049	0.0063	5	10	100.0
DavidLA_2015	DavidLA_2015	TreePrior VAE	treeprior-vae	0.2959	0.0957	0.0214	0.2367	0.6811	0.6543	0.8032	0.0184	0.0139	0.0111	5	10	100.0
DavidLA_2015	DavidLA_2015	PhyloFusion VAE	fuse-vae	0.1876	0.0761	0.0088	7.1596	0.6778	0.6513	0.8576	0.0215	0.0187	0.0128	5	9	100.0
DavidLA_2015	DavidLA_2015	Hyp-PhILR-NB VAE	hyp-philrvae	0.1552	0.0502	39.3592	20.6441	0.6591	0.6283	0.8213	0.0167	0.0166	0.006	5	6	
FengQ_2015	FengQ_2015	dsvae-sup	dsvae-sup	0.2361	0.0797	153.81	3.0282	0.4773	0.4695	0.6373	0.0115	0.0121	0.0065	5	32	100.0
FengQ_2015	FengQ_2015	PhILR-Gauss VAE	philr-gauss-vae	0.226	0.1533	0.0383	34.7507	0.4245	0.4171	0.5933	0.0066	0.0091	0.0038	5	24	
FengQ_2015	FengQ_2015	TreeDirichlet VAE	treedirichlet-vae	0.1983	0.1077	-4824.9255	10.0652	0.4226	0.4169	0.6032	0.0089	0.0088	0.0099	5	3	
FengQ_2015	FengQ_2015	Graph VAE	graph-vae	0.2068	0.0597	0.0106	2.1291	0.4211	0.4146	0.5863	0.0074	0.0079	0.0067	5	9	100.0
FengQ_2015	FengQ_2015	$\beta$-VAE	beta-vae	0.1492	0.0637	0.0055	22.3851	0.4193	0.4144	0.5999	0.0146	0.0141	0.0075	5	20	100.0
FengQ_2015	FengQ_2015	Hyperbolic VAE	hyp-vae	0.1527	0.0615	0.0063	17.8598	0.415	0.4095	0.6081	0.0051	0.0057	0.0029	5	10	100.0
FengQ_2015	FengQ_2015	PhILR-VAE	philrvae	0.1277	0.0421	84.8117	42.2424	0.4135	0.4078	0.5739	0.0077	0.0087	0.007	5	13	
FengQ_2015	FengQ_2015	Tax-aware VAE	tax-vae	0.0846	0.0341	0.0019	41.8013	0.4089	0.4016	0.5706	0.0084	0.0064	0.0043	5	20	100.0
FengQ_2015	FengQ_2015	TreePrior VAE	treeprior-vae	0.2053	0.0634	0.0112	3.406	0.3942	0.3866	0.5595	0.0085	0.0084	0.0114	5	4	100.0
FengQ_2015	FengQ_2015	TreeNB-VAE	treenbvae	0.136	0.0412	87.9358	28.1129	0.3916	0.3827	0.5713	0.0045	0.0057	0.0057	5	12	
FengQ_2015	FengQ_2015	Hyp-PhILR-NB VAE	hyp-philrvae	0.1498	0.0593	82.2722	34.5435	0.3893	0.382	0.57	0.0095	0.0078	0.007	5	14	
FengQ_2015	FengQ_2015	dsvae-unsup	dsvae-unsup	0.1188	0.0347	84.1716	13.3081	0.3891	0.3816	0.5598	0.0053	0.005	0.0039	5	32	100.0
FengQ_2015	FengQ_2015	Hyp-PhILR-ZINB VAE	hyp-philr-zinb	0.1499	0.0654	80.9837	42.9147	0.3851	0.3775	0.5502	0.0035	0.0033	0.0058	5	11	
FengQ_2015	FengQ_2015	Hyp+Tax VAE	hyp-tax-vae	0.1971	0.059	0.0101	6.195	0.3598	0.3526	0.5451	0.0095	0.0101	0.0046	5	13	100.0
FengQ_2015	FengQ_2015	PhyloFusion VAE	fuse-vae	0.2022	0.0639	0.0102	1.4612	0.3429	0.3356	0.5092	0.0083	0.009	0.0023	5	5	100.0
FengQ_2015	FengQ_2015	Vanilla VAE	vanilla-vae	0.2214	0.0655	0.0127	0.0001	0.2771	0.2689	0.4605	0.0086	0.0091	0.0079	5	4	100.0
GhensiP_2019	GhensiP_2019	Graph VAE	graph-vae	0.2923	0.1038	0.0213	8.5019	0.6028	0.5853	0.8094	0.0046	0.0061	0.0043	5	11	100.0
GhensiP_2019	GhensiP_2019	Hyp-PhILR-ZINB VAE	hyp-philr-zinb	0.2597	0.1	65.8219	57.1321	0.5762	0.5687	0.7707	0.0063	0.0057	0.0031	5	10	
GhensiP_2019	GhensiP_2019	Hyp+Tax VAE	hyp-tax-vae	0.3311	0.1165	0.0281	0.3749	0.5457	0.5406	0.7577	0.007	0.0084	0.0032	5	20	100.0
GhensiP_2019	GhensiP_2019	dsvae-unsup	dsvae-unsup	0.1298	0.0401	59.4027	16.1633	0.5455	0.5335	0.7239	0.0066	0.0101	0.0034	5	32	100.0
GhensiP_2019	GhensiP_2019	dsvae-sup	dsvae-sup	0.3544	0.1613	157.4216	7.6252	0.5372	0.5256	0.7592	0.0165	0.0184	0.0046	5	32	100.0
GhensiP_2019	GhensiP_2019	TreeNB-VAE	treenbvae	0.1506	0.044	58.3715	16.178	0.5124	0.5027	0.7356	0.0065	0.0084	0.0059	5	16	
GhensiP_2019	GhensiP_2019	PhILR-Gauss VAE	philr-gauss-vae	0.2424	0.2087	0.0219	52.9149	0.5104	0.5015	0.754	0.008	0.0132	0.0058	5	24	
GhensiP_2019	GhensiP_2019	$\beta$-VAE	beta-vae	0.1725	0.0877	0.0076	29.5365	0.4869	0.4778	0.7098	0.0078	0.0076	0.0055	5	20	100.0
GhensiP_2019	GhensiP_2019	PhyloFusion VAE	fuse-vae	0.2938	0.1007	0.021	3.9018	0.4858	0.476	0.7377	0.0094	0.0077	0.0039	5	8	100.0
GhensiP_2019	GhensiP_2019	Hyperbolic VAE	hyp-vae	0.3458	0.1231	0.0318	0.0017	0.4793	0.459	0.6818	0.0079	0.0088	0.0074	5	9	100.0
GhensiP_2019	GhensiP_2019	Hyp-PhILR-NB VAE	hyp-philrvae	0.1842	0.0622	56.8059	13.6755	0.4785	0.4589	0.6976	0.0079	0.0102	0.0067	5	10	
GhensiP_2019	GhensiP_2019	Vanilla VAE	vanilla-vae	0.3202	0.1102	0.0253	0.6493	0.4777	0.4661	0.711	0.0093	0.0073	0.0061	5	11	100.0
GhensiP_2019	GhensiP_2019	PhILR-VAE	philrvae	0.1567	0.0577	60.4993	32.2992	0.4676	0.4518	0.7188	0.0083	0.0105	0.0092	5	9	
GhensiP_2019	GhensiP_2019	TreeDirichlet VAE	treedirichlet-vae	0.2386	0.1607	-2472.9192	17.6907	0.4645	0.4519	0.7222	0.0052	0.0059	0.0049	5	8	
GhensiP_2019	GhensiP_2019	Tax-aware VAE	tax-vae	0.1855	0.0887	0.0085	12.6661	0.4452	0.437	0.7207	0.0111	0.0114	0.003	5	9	100.0
GhensiP_2019	GhensiP_2019	TreePrior VAE	treeprior-vae	0.3459	0.1233	0.0286	0.5992	0.3693	0.3577	0.5466	0.0102	0.0105	0.0081	5	10	100.0
GuptaA_2019	GuptaA_2019	Hyp+Tax VAE	hyp-tax-vae	0.2574	0.1018	0.0167	2.4334	0.868	0.8654	0.9467	0.004	0.0044	0.0017	5	7	100.0
GuptaA_2019	GuptaA_2019	Hyp-PhILR-ZINB VAE	hyp-philr-zinb	0.1876	0.063	53.67	9.126	0.866	0.8635	0.9313	0.0197	0.02	0.0087	5	7	
GuptaA_2019	GuptaA_2019	Vanilla VAE	vanilla-vae	0.2826	0.1116	0.0216	0.876	0.8647	0.862	0.9316	0.0059	0.0068	0.0042	5	8	100.0
GuptaA_2019	GuptaA_2019	dsvae-unsup	dsvae-unsup	0.1042	0.0345	55.8821	12.9624	0.8533	0.8509	0.9332	0.0085	0.0081	0.0052	5	32	100.0
GuptaA_2019	GuptaA_2019	PhILR-VAE	philrvae	0.0751	0.0233	45.4558	79.0054	0.851	0.8484	0.9189	0.0089	0.0092	0.0046	5	20	
GuptaA_2019	GuptaA_2019	Hyperbolic VAE	hyp-vae	0.1456	0.0844	0.0056	21.4419	0.8487	0.8453	0.9065	0.0083	0.0085	0.0041	5	16	100.0
GuptaA_2019	GuptaA_2019	PhyloFusion VAE	fuse-vae	0.1383	0.0586	0.0049	18.7914	0.8373	0.8339	0.9025	0.0056	0.0051	0.0034	5	8	100.0
GuptaA_2019	GuptaA_2019	$\beta$-VAE	beta-vae	0.1516	0.0788	0.0057	12.5738	0.8367	0.8338	0.9393	0.0109	0.0111	0.0036	5	15	100.0
GuptaA_2019	GuptaA_2019	PhILR-Gauss VAE	philr-gauss-vae	0.2375	0.2047	0.0214	35.1682	0.8353	0.8323	0.8946	0.004	0.0043	0.0036	5	11	
GuptaA_2019	GuptaA_2019	TreeNB-VAE	treenbvae	0.1103	0.0363	51.4865	26.3546	0.8343	0.8304	0.9103	0.0124	0.013	0.0029	5	8	
GuptaA_2019	GuptaA_2019	TreeDirichlet VAE	treedirichlet-vae	0.2606	0.179	-2403.3547	9.6506	0.832	0.8277	0.8819	0.0084	0.0091	0.0032	5	3	
GuptaA_2019	GuptaA_2019	Graph VAE	graph-vae	0.3173	0.123	0.0255	2.2876	0.8253	0.8221	0.8903	0.0055	0.0057	0.0032	5	13	100.0
GuptaA_2019	GuptaA_2019	Tax-aware VAE	tax-vae	0.0789	0.0384	0.0017	26.4346	0.8127	0.8077	0.8997	0.0188	0.0204	0.0104	5	12	100.0
GuptaA_2019	GuptaA_2019	dsvae-sup	dsvae-sup	0.3315	0.1993	172.4709	27.2042	0.8043	0.7991	0.8618	0.0045	0.0038	0.0043	5	32	100.0
GuptaA_2019	GuptaA_2019	Hyp-PhILR-NB VAE	hyp-philrvae	0.2981	0.0903	45.0236	27.2268	0.7847	0.78	0.869	0.0105	0.0112	0.0036	5	8	
GuptaA_2019	GuptaA_2019	TreePrior VAE	treeprior-vae	0.318	0.1195	0.0283	2.7277	0.6957	0.6863	0.7764	0.01	0.0115	0.0085	5	5	100.0
HMP_2019_ibdmdb	HMP_2019_ibdmdb	PhILR-Gauss VAE	philr-gauss-vae	0.1865	0.1391	0.0109	46.2925	0.9385	0.9447	0.9822	0.001	0.0012	0.001	5	24	
HMP_2019_ibdmdb	HMP_2019_ibdmdb	dsvae-unsup	dsvae-unsup	0.0822	0.0178	50.9527	11.8984	0.9345	0.9398	0.9777	0.0012	0.001	0.0006	5	32	100.0
HMP_2019_ibdmdb	HMP_2019_ibdmdb	TreeDirichlet VAE	treedirichlet-vae	0.0655	0.0318	-5060.0001	82.8025	0.9336	0.9371	0.9753	0.0017	0.0014	0.001	5	16	
HMP_2019_ibdmdb	HMP_2019_ibdmdb	Hyp-PhILR-NB VAE	hyp-philrvae	0.1126	0.0247	39.7072	61.0023	0.9325	0.9391	0.9792	0.0011	0.0007	0.0003	5	24	
HMP_2019_ibdmdb	HMP_2019_ibdmdb	Hyp-PhILR-ZINB VAE	hyp-philr-zinb	0.0943	0.0311	41.5668	58.0236	0.9298	0.9368	0.9779	0.0012	0.0016	0.0003	5	24	
HMP_2019_ibdmdb	HMP_2019_ibdmdb	PhyloFusion VAE	fuse-vae	0.0652	0.0238	0.0011	57.5466	0.9283	0.9342	0.9729	0.0018	0.0015	0.0003	5	24	100.0
HMP_2019_ibdmdb	HMP_2019_ibdmdb	$\beta$-VAE	beta-vae	0.0758	0.0277	0.0016	40.9759	0.9259	0.9303	0.9723	0.0018	0.0017	0.001	5	20	100.0
HMP_2019_ibdmdb	HMP_2019_ibdmdb	Graph VAE	graph-vae	0.0876	0.0291	0.0021	48.3653	0.9255	0.928	0.9734	0.0017	0.0014	0.0008	5	24	100.0
HMP_2019_ibdmdb	HMP_2019_ibdmdb	Hyperbolic VAE	hyp-vae	0.0658	0.0246	0.0015	36.5517	0.9251	0.9299	0.9751	0.0011	0.001	0.0005	5	20	100.0
HMP_2019_ibdmdb	HMP_2019_ibdmdb	PhILR-VAE	philrvae	0.0433	0.0097	39.2785	50.2747	0.9231	0.9291	0.9779	0.0019	0.002	0.0009	5	20	
HMP_2019_ibdmdb	HMP_2019_ibdmdb	TreeNB-VAE	treenbvae	0.0529	0.0114	40.2896	36.7465	0.9194	0.9241	0.971	0.0011	0.001	0.0006	5	16	
HMP_2019_ibdmdb	HMP_2019_ibdmdb	Hyp+Tax VAE	hyp-tax-vae	0.1113	0.0311	0.0031	15.7959	0.9176	0.9218	0.974	0.0018	0.0017	0.0006	5	16	100.0
HMP_2019_ibdmdb	HMP_2019_ibdmdb	Tax-aware VAE	tax-vae	0.0954	0.0273	0.0024	18.537	0.9067	0.91	0.9646	0.0014	0.0014	0.0011	5	9	100.0
HMP_2019_ibdmdb	HMP_2019_ibdmdb	dsvae-sup	dsvae-sup	0.1944	0.053	81.4784	17.4593	0.8999	0.904	0.9604	0.0021	0.0017	0.0005	5	32	100.0
HMP_2019_ibdmdb	HMP_2019_ibdmdb	TreePrior VAE	treeprior-vae	0.1075	0.0305	0.0036	14.7676	0.8903	0.8939	0.9586	0.0006	0.0006	0.0006	5	20	100.0
HMP_2019_ibdmdb	HMP_2019_ibdmdb	Vanilla VAE	vanilla-vae	0.2073	0.0508	0.0104	0.4114	0.7208	0.7127	0.801	0.0022	0.0023	0.0019	5	4	100.0
HMP_2019_t2d	HMP_2019_t2d	TreePrior VAE	treeprior-vae	0.1349	0.0518	0.0052	17.0558	0.9236	0.9124	0.987	0.0088	0.0057	0.002	5	6	100.0
HMP_2019_t2d	HMP_2019_t2d	$\beta$-VAE	beta-vae	0.1072	0.0419	0.0029	13.1508	0.8868	0.8918	0.9933	0.0104	0.0076	0.0012	5	12	100.0
HMP_2019_t2d	HMP_2019_t2d	dsvae-unsup	dsvae-unsup	0.1048	0.0321	62.71	11.0015	0.863	0.8758	0.9912	0.0087	0.0058	0.0006	5	32	100.0
HMP_2019_t2d	HMP_2019_t2d	Hyp+Tax VAE	hyp-tax-vae	0.0852	0.0337	0.0018	28.9186	0.8613	0.8736	0.9796	0.0094	0.0062	0.0027	5	16	100.0
HMP_2019_t2d	HMP_2019_t2d	Tax-aware VAE	tax-vae	0.0939	0.0392	0.0029	21.1626	0.8461	0.8466	0.972	0.0098	0.0122	0.005	5	9	100.0
HMP_2019_t2d	HMP_2019_t2d	PhyloFusion VAE	fuse-vae	0.0999	0.0455	0.0039	13.2528	0.8442	0.8611	0.9776	0.0175	0.018	0.002	5	14	100.0
HMP_2019_t2d	HMP_2019_t2d	dsvae-sup	dsvae-sup	0.217	0.082	99.2625	9.2021	0.8227	0.8356	0.9838	0.0101	0.0086	0.0009	5	32	100.0
HMP_2019_t2d	HMP_2019_t2d	Hyperbolic VAE	hyp-vae	0.0881	0.0379	0.0021	21.6735	0.7998	0.8239	0.9599	0.0048	0.0048	0.0021	5	9	100.0
HMP_2019_t2d	HMP_2019_t2d	TreeDirichlet VAE	treedirichlet-vae	0.0608	0.0321	-3103.1427	59.6729	0.7832	0.802	0.9624	0.0084	0.0072	0.0013	5	16	
HMP_2019_t2d	HMP_2019_t2d	PhILR-Gauss VAE	philr-gauss-vae	0.2095	0.178	0.0064	48.6233	0.7817	0.8089	0.975	0.0113	0.0112	0.0027	5	16	
HMP_2019_t2d	HMP_2019_t2d	PhILR-VAE	philrvae	0.0444	0.0139	49.6292	66.9494	0.7746	0.7977	0.959	0.0151	0.0178	0.0018	5	20	
HMP_2019_t2d	HMP_2019_t2d	Hyp-PhILR-ZINB VAE	hyp-philr-zinb	0.3092	0.097	50.4619	39.501	0.7677	0.7949	0.9612	0.0063	0.0069	0.0029	5	16	
HMP_2019_t2d	HMP_2019_t2d	TreeNB-VAE	treenbvae	0.0694	0.02	52.2527	42.5422	0.7565	0.7787	0.9532	0.0085	0.0097	0.0032	5	16	
HMP_2019_t2d	HMP_2019_t2d	Hyp-PhILR-NB VAE	hyp-philrvae	0.0682	0.0207	51.539	27.9915	0.7548	0.787	0.9698	0.0065	0.0084	0.0034	5	14	
HMP_2019_t2d	HMP_2019_t2d	Vanilla VAE	vanilla-vae	0.2507	0.0894	0.0169	0.8783	0.6299	0.6392	0.8812	0.0052	0.0077	0.0018	5	6	100.0
HMP_2019_t2d	HMP_2019_t2d	Graph VAE	graph-vae	0.2272	0.0778	0.013	4.6059	0.6119	0.5888	0.8032	0.0096	0.0103	0.0039	5	13	100.0
HallAB_2017	HallAB_2017	TreeDirichlet VAE	treedirichlet-vae	0.1446	0.0889	-4167.068	28.4469	0.9282	0.9311	0.9727	0.0009	0.0013	0.001	5	10	
HallAB_2017	HallAB_2017	dsvae-unsup	dsvae-unsup	0.1001	0.0259	64.1398	13.1775	0.9229	0.9252	0.9736	0.0034	0.0031	0.0015	5	32	100.0
HallAB_2017	HallAB_2017	Hyp-PhILR-NB VAE	hyp-philrvae	0.1302	0.0485	57.6262	54.2795	0.9198	0.9244	0.9778	0.0046	0.0034	0.0022	5	24	
HallAB_2017	HallAB_2017	Hyp+Tax VAE	hyp-tax-vae	0.1402	0.0471	0.0055	15.8001	0.9197	0.9232	0.9719	0.0021	0.0026	0.0021	5	11	100.0
HallAB_2017	HallAB_2017	dsvae-sup	dsvae-sup	0.2152	0.074	113.3369	9.5817	0.9175	0.918	0.9711	0.004	0.0041	0.0011	5	32	100.0
HallAB_2017	HallAB_2017	Tax-aware VAE	tax-vae	0.1216	0.0405	0.0148	28.251	0.9027	0.905	0.9678	0.0023	0.002	0.0011	5	13	100.0
HallAB_2017	HallAB_2017	Hyp-PhILR-ZINB VAE	hyp-philr-zinb	0.0809	0.0267	54.0815	62.0844	0.894	0.904	0.962	0.0034	0.004	0.0023	5	24	
HallAB_2017	HallAB_2017	Hyperbolic VAE	hyp-vae	0.1459	0.0491	0.0064	8.2624	0.8938	0.8963	0.942	0.0028	0.0026	0.001	5	8	100.0
HallAB_2017	HallAB_2017	$\beta$-VAE	beta-vae	0.1106	0.0419	0.0032	18.9594	0.8904	0.8965	0.9525	0.0045	0.005	0.0018	5	13	100.0
HallAB_2017	HallAB_2017	PhILR-VAE	philrvae	0.0706	0.0185	53.7454	37.1384	0.8836	0.8925	0.9575	0.0035	0.0036	0.0016	5	16	
HallAB_2017	HallAB_2017	TreeNB-VAE	treenbvae	0.072	0.0175	50.6144	61.3382	0.8825	0.887	0.9445	0.0047	0.0051	0.0024	5	10	
HallAB_2017	HallAB_2017	PhILR-Gauss VAE	philr-gauss-vae	0.196	0.1526	0.0075	48.3464	0.8664	0.8744	0.9443	0.0037	0.0021	0.004	5	20	
HallAB_2017	HallAB_2017	Vanilla VAE	vanilla-vae	0.2415	0.0761	0.0147	0.6077	0.8512	0.8462	0.9218	0.0038	0.004	0.0021	5	12	100.0
HallAB_2017	HallAB_2017	PhyloFusion VAE	fuse-vae	0.1771	0.0537	0.0091	8.822	0.8468	0.8461	0.9302	0.0042	0.0048	0.0017	5	16	100.0
HallAB_2017	HallAB_2017	Graph VAE	graph-vae	0.2165	0.0658	0.0116	3.5197	0.8133	0.8132	0.8735	0.0037	0.0039	0.0051	5	20	100.0
HallAB_2017	HallAB_2017	TreePrior VAE	treeprior-vae	0.2224	0.0684	0.0122	3.1476	0.6972	0.687	0.7854	0.0043	0.004	0.0037	5	16	100.0
HanniganGD_2017	HanniganGD_2017	Graph VAE	graph-vae	0.3127	0.1124	0.0238	0.7031	0.4031	0.39	0.5599	0.0082	0.0093	0.0115	5	20	100.0
HanniganGD_2017	HanniganGD_2017	Hyperbolic VAE	hyp-vae	0.3123	0.1105	0.0247	0.0003	0.3612	0.348	0.519	0.0102	0.011	0.0134	5	5	100.0
HanniganGD_2017	HanniganGD_2017	Vanilla VAE	vanilla-vae	0.3091	0.1157	0.0251	0.2916	0.348	0.3339	0.4925	0.0114	0.0112	0.0071	5	16	100.0
HanniganGD_2017	HanniganGD_2017	Hyp-PhILR-ZINB VAE	hyp-philr-zinb	0.3284	0.1195	56.0492	47.005	0.3461	0.333	0.5201	0.0135	0.0131	0.0072	5	11	
HanniganGD_2017	HanniganGD_2017	PhyloFusion VAE	fuse-vae	0.1454	0.0716	0.0059	23.9466	0.3412	0.3298	0.4998	0.005	0.003	0.0041	5	15	100.0
HanniganGD_2017	HanniganGD_2017	PhILR-VAE	philrvae	0.1285	0.0492	61.4843	13.006	0.3196	0.306	0.4795	0.0211	0.0199	0.0115	5	20	
HanniganGD_2017	HanniganGD_2017	dsvae-unsup	dsvae-unsup	0.1491	0.0524	63.5667	15.8426	0.3184	0.3052	0.4897	0.0089	0.0096	0.0087	5	32	100.0
HanniganGD_2017	HanniganGD_2017	dsvae-sup	dsvae-sup	0.3805	0.2823	223.0648	24.2021	0.3152	0.3016	0.4707	0.0188	0.0201	0.0066	5	32	100.0
HanniganGD_2017	HanniganGD_2017	Tax-aware VAE	tax-vae	0.1948	0.0895	0.0107	19.8788	0.3144	0.3017	0.448	0.0142	0.0142	0.0101	5	16	100.0
HanniganGD_2017	HanniganGD_2017	$\beta$-VAE	beta-vae	0.0982	0.0487	0.0025	54.3847	0.3132	0.3004	0.4481	0.0091	0.0108	0.0124	5	24	100.0
HanniganGD_2017	HanniganGD_2017	TreePrior VAE	treeprior-vae	0.2827	0.1111	0.0202	7.8965	0.3117	0.2986	0.4578	0.0069	0.005	0.0035	5	20	100.0
HanniganGD_2017	HanniganGD_2017	TreeDirichlet VAE	treedirichlet-vae	0.3346	0.2452	-2265.9116	2.5531	0.3026	0.289	0.4443	0.0148	0.0173	0.0108	5	2	
HanniganGD_2017	HanniganGD_2017	PhILR-Gauss VAE	philr-gauss-vae	0.2482	0.2151	0.0252	43.8193	0.2978	0.2855	0.4574	0.0272	0.0272	0.0166	5	16	
HanniganGD_2017	HanniganGD_2017	Hyp+Tax VAE	hyp-tax-vae	0.1709	0.0899	0.0077	27.7617	0.2917	0.2798	0.4588	0.0085	0.0079	0.0108	5	16	100.0
HanniganGD_2017	HanniganGD_2017	Hyp-PhILR-NB VAE	hyp-philrvae	0.2461	0.1014	48.0254	67.0473	0.2848	0.2722	0.4461	0.0158	0.017	0.0134	5	20	
HanniganGD_2017	HanniganGD_2017	TreeNB-VAE	treenbvae	0.1956	0.0705	68.8214	33.2424	0.2509	0.2389	0.4131	0.0092	0.0094	0.0091	5	10	
Heitz-BuschartA_2016	Heitz-BuschartA_2016	$\beta$-VAE	beta-vae	0.0867	0.0512	0.002	25.3347	0.8301	0.8245	0.8798	0.0178	0.0197	0.0158	5	14	100.0
Heitz-BuschartA_2016	Heitz-BuschartA_2016	dsvae-unsup	dsvae-unsup	0.1111	0.0366	71.9499	10.8234	0.8069	0.7992	0.8699	0.0106	0.0114	0.0144	5	32	100.0
Heitz-BuschartA_2016	Heitz-BuschartA_2016	TreeNB-VAE	treenbvae	0.0786	0.0243	62.5316	31.7628	0.7997	0.789	0.8733	0.0149	0.0145	0.02	5	10	
Heitz-BuschartA_2016	Heitz-BuschartA_2016	Tax-aware VAE	tax-vae	0.1148	0.0581	0.0033	17.2323	0.7732	0.7653	0.8332	0.0175	0.0185	0.0174	5	24	100.0
Heitz-BuschartA_2016	Heitz-BuschartA_2016	PhyloFusion VAE	fuse-vae	0.1866	0.0741	0.0091	5.0055	0.7651	0.7559	0.8126	0.0096	0.0118	0.0205	5	20	100.0
Heitz-BuschartA_2016	Heitz-BuschartA_2016	Hyp-PhILR-NB VAE	hyp-philrvae	0.1395	0.0544	65.1249	35.8778	0.7575	0.749	0.8163	0.0128	0.0123	0.0141	5	14	
Heitz-BuschartA_2016	Heitz-BuschartA_2016	PhILR-Gauss VAE	philr-gauss-vae	0.2141	0.1779	0.0082	58.0475	0.7526	0.7435	0.8196	0.0124	0.0139	0.0127	5	15	
Heitz-BuschartA_2016	Heitz-BuschartA_2016	Hyp+Tax VAE	hyp-tax-vae	0.1098	0.0519	0.0028	12.5524	0.7322	0.7223	0.8135	0.0162	0.0191	0.0177	5	12	100.0
Heitz-BuschartA_2016	Heitz-BuschartA_2016	dsvae-sup	dsvae-sup	0.2407	0.0913	121.198	11.9937	0.7287	0.7199	0.8213	0.0189	0.0197	0.0121	5	32	100.0
Heitz-BuschartA_2016	Heitz-BuschartA_2016	Hyp-PhILR-ZINB VAE	hyp-philr-zinb	0.1771	0.0628	64.1678	32.2883	0.7148	0.7059	0.7575	0.0195	0.0199	0.02	5	16	
Heitz-BuschartA_2016	Heitz-BuschartA_2016	Vanilla VAE	vanilla-vae	0.2362	0.0944	0.0156	0.7562	0.6999	0.6892	0.764	0.0206	0.0214	0.0219	5	24	100.0
Heitz-BuschartA_2016	Heitz-BuschartA_2016	TreeDirichlet VAE	treedirichlet-vae	0.0788	0.0544	-3137.6692	34.8253	0.6815	0.6711	0.7412	0.0106	0.0133	0.0145	5	8	
Heitz-BuschartA_2016	Heitz-BuschartA_2016	Graph VAE	graph-vae	0.2584	0.0937	0.0165	0.0006	0.6562	0.6455	0.7199	0.0089	0.0084	0.007	5	5	100.0
Heitz-BuschartA_2016	Heitz-BuschartA_2016	PhILR-VAE	philrvae	0.0725	0.0237	62.0431	27.1472	0.6035	0.5902	0.6271	0.0175	0.0207	0.0272	5	10	
Heitz-BuschartA_2016	Heitz-BuschartA_2016	Hyperbolic VAE	hyp-vae	0.2297	0.085	0.0138	1.5941	0.5899	0.5765	0.6341	0.0125	0.0128	0.0129	5	5	100.0
Heitz-BuschartA_2016	Heitz-BuschartA_2016	TreePrior VAE	treeprior-vae	0.2571	0.0927	0.017	0.0	0.5321	0.5168	0.5066	0.0099	0.0088	0.0067	5	24	100.0
IaniroG_2022	IaniroG_2022	dsvae-sup	dsvae-sup	0.1943	0.061	119.6392	12.842	0.4399	0.3985	0.7679	0.0032	0.0031	0.0082	5	32	100.0
IaniroG_2022	IaniroG_2022	Vanilla VAE	vanilla-vae	0.2289	0.0657	0.0135	0.7066	0.4295	0.3785	0.7885	0.0092	0.0103	0.0038	5	8	100.0
IaniroG_2022	IaniroG_2022	TreeNB-VAE	treenbvae	0.0721	0.0153	57.5447	77.7227	0.4189	0.3911	0.7953	0.0166	0.0143	0.0074	5	16	
IaniroG_2022	IaniroG_2022	dsvae-unsup	dsvae-unsup	0.0951	0.0242	71.677	16.5148	0.4129	0.3891	0.773	0.0083	0.0074	0.0111	5	32	100.0
IaniroG_2022	IaniroG_2022	TreeDirichlet VAE	treedirichlet-vae	0.1518	0.0963	-5229.2986	53.7987	0.4106	0.3761	0.7256	0.0066	0.0082	0.0053	5	16	
IaniroG_2022	IaniroG_2022	Hyperbolic VAE	hyp-vae	0.1297	0.0514	0.0043	22.8092	0.4072	0.3785	0.7445	0.0064	0.0046	0.0054	5	15	100.0
IaniroG_2022	IaniroG_2022	Hyp+Tax VAE	hyp-tax-vae	0.1411	0.0529	0.0049	14.343	0.4045	0.3827	0.761	0.0046	0.0071	0.0059	5	24	100.0
IaniroG_2022	IaniroG_2022	PhyloFusion VAE	fuse-vae	0.134	0.0628	0.0047	23.9808	0.3965	0.3725	0.746	0.0051	0.003	0.0042	5	14	100.0
IaniroG_2022	IaniroG_2022	$\beta$-VAE	beta-vae	0.1564	0.0642	0.0062	46.7176	0.3935	0.3733	0.7172	0.0094	0.0072	0.005	5	16	100.0
IaniroG_2022	IaniroG_2022	PhILR-Gauss VAE	philr-gauss-vae	0.1906	0.1357	0.0113	50.6897	0.3858	0.3629	0.7046	0.0033	0.0077	0.0066	5	20	
IaniroG_2022	IaniroG_2022	TreePrior VAE	treeprior-vae	0.1559	0.0557	0.006	29.547	0.3852	0.3547	0.7833	0.0076	0.0106	0.006	5	16	100.0
IaniroG_2022	IaniroG_2022	Tax-aware VAE	tax-vae	0.1301	0.0513	0.0047	17.4531	0.3795	0.3584	0.6972	0.0064	0.0052	0.0145	5	16	100.0
IaniroG_2022	IaniroG_2022	PhILR-VAE	philrvae	0.0815	0.0229	61.7678	55.0616	0.3778	0.3494	0.7508	0.0132	0.0092	0.0053	5	15	
IaniroG_2022	IaniroG_2022	Hyp-PhILR-NB VAE	hyp-philrvae	0.134	0.0411	59.522	60.3273	0.3604	0.339	0.6607	0.0061	0.0058	0.0088	5	14	
IaniroG_2022	IaniroG_2022	Hyp-PhILR-ZINB VAE	hyp-philr-zinb	0.1013	0.0282	60.573	38.0761	0.3604	0.34	0.71	0.0053	0.0067	0.0096	5	14	
IaniroG_2022	IaniroG_2022	Graph VAE	graph-vae	0.2233	0.0645	0.0126	5.7765	0.3144	0.2643	0.7653	0.0037	0.0057	0.0044	5	20	100.0
IjazUZ_2017	IjazUZ_2017	dsvae-sup	dsvae-sup	0.3284	0.1473	160.8179	32.3826	0.9624	0.9627	0.9933	0.0029	0.0028	0.0007	5	32	100.0
IjazUZ_2017	IjazUZ_2017	Hyp+Tax VAE	hyp-tax-vae	0.1324	0.0547	0.0075	19.2631	0.9424	0.9409	0.9801	0.0034	0.0028	0.0017	5	9	100.0
IjazUZ_2017	IjazUZ_2017	PhyloFusion VAE	fuse-vae	0.1797	0.0819	0.0094	12.2314	0.9417	0.9402	0.9796	0.0026	0.0028	0.0012	5	5	100.0
IjazUZ_2017	IjazUZ_2017	PhILR-Gauss VAE	philr-gauss-vae	0.2304	0.193	0.0185	29.6054	0.9393	0.9375	0.9837	0.0072	0.0068	0.001	5	10	
IjazUZ_2017	IjazUZ_2017	TreeNB-VAE	treenbvae	0.1013	0.0283	50.4315	77.8256	0.9289	0.9289	0.9705	0.0062	0.0065	0.0026	5	10	
IjazUZ_2017	IjazUZ_2017	Graph VAE	graph-vae	0.2637	0.0871	0.018	2.9571	0.9255	0.9214	0.9675	0.0031	0.0032	0.0012	5	11	100.0
IjazUZ_2017	IjazUZ_2017	PhILR-VAE	philrvae	0.0685	0.0206	46.7269	43.8611	0.9159	0.9149	0.9709	0.0048	0.005	0.0027	5	20	
IjazUZ_2017	IjazUZ_2017	Tax-aware VAE	tax-vae	0.1013	0.0455	0.003	27.4925	0.9057	0.9011	0.9603	0.008	0.0076	0.0043	5	11	100.0
IjazUZ_2017	IjazUZ_2017	$\beta$-VAE	beta-vae	0.1	0.0456	0.0025	13.7032	0.9018	0.9002	0.9664	0.0051	0.0056	0.0015	5	9	100.0
IjazUZ_2017	IjazUZ_2017	Hyperbolic VAE	hyp-vae	0.275	0.0871	0.0188	2.7689	0.9017	0.8985	0.9375	0.0027	0.003	0.0083	5	10	100.0
IjazUZ_2017	IjazUZ_2017	TreeDirichlet VAE	treedirichlet-vae	0.2411	0.1689	-2832.1208	12.3008	0.8935	0.8912	0.9674	0.0085	0.0092	0.0014	5	2	
IjazUZ_2017	IjazUZ_2017	Hyp-PhILR-ZINB VAE	hyp-philr-zinb	0.2281	0.0778	50.0432	41.4391	0.8846	0.8835	0.9643	0.0063	0.0055	0.002	5	16	
IjazUZ_2017	IjazUZ_2017	dsvae-unsup	dsvae-unsup	0.1134	0.0341	57.1606	13.8764	0.8615	0.862	0.9578	0.0062	0.0056	0.0031	5	32	100.0
IjazUZ_2017	IjazUZ_2017	Hyp-PhILR-NB VAE	hyp-philrvae	0.0878	0.027	47.0046	40.3341	0.8605	0.8593	0.9387	0.0059	0.0069	0.0028	5	16	
IjazUZ_2017	IjazUZ_2017	TreePrior VAE	treeprior-vae	0.3043	0.1041	0.0224	5.1185	0.8556	0.8511	0.9152	0.0044	0.0048	0.0026	5	13	100.0
IjazUZ_2017	IjazUZ_2017	Vanilla VAE	vanilla-vae	0.3041	0.0995	0.0236	0.0153	0.7961	0.7892	0.8792	0.0078	0.0079	0.0043	5	15	100.0
JieZ_2017	JieZ_2017	dsvae-sup	dsvae-sup	0.2307	0.0751	155.769	6.3062	0.7461	0.7442	0.8121	0.0038	0.0039	0.0027	5	32	100.0
JieZ_2017	JieZ_2017	Hyperbolic VAE	hyp-vae	0.116	0.0403	0.0034	63.8053	0.7332	0.7319	0.805	0.0051	0.0048	0.0019	5	24	100.0
JieZ_2017	JieZ_2017	PhILR-Gauss VAE	philr-gauss-vae	0.1971	0.1337	0.0188	60.7701	0.724	0.7229	0.8035	0.005	0.0051	0.0034	5	24	
JieZ_2017	JieZ_2017	TreeNB-VAE	treenbvae	0.1424	0.0395	91.9091	52.7305	0.7226	0.7214	0.7901	0.0019	0.0021	0.0031	5	16	
JieZ_2017	JieZ_2017	Hyp-PhILR-ZINB VAE	hyp-philr-zinb	0.1294	0.047	72.9321	66.1531	0.7074	0.7063	0.7886	0.0032	0.0032	0.0025	5	24	
JieZ_2017	JieZ_2017	PhILR-VAE	philrvae	0.0938	0.0286	74.4582	62.999	0.7059	0.7048	0.7776	0.0038	0.0037	0.0039	5	24	
JieZ_2017	JieZ_2017	dsvae-unsup	dsvae-unsup	0.1193	0.0335	87.0471	13.7975	0.7051	0.7038	0.7669	0.0036	0.0035	0.0044	5	32	100.0
JieZ_2017	JieZ_2017	Hyp+Tax VAE	hyp-tax-vae	0.1255	0.0497	0.004	44.1596	0.7023	0.7009	0.7758	0.0045	0.0047	0.0031	5	20	100.0
JieZ_2017	JieZ_2017	TreePrior VAE	treeprior-vae	0.1402	0.0448	0.0054	23.5165	0.7013	0.7007	0.7641	0.0018	0.002	0.0045	5	20	100.0
JieZ_2017	JieZ_2017	$\beta$-VAE	beta-vae	0.1405	0.0471	0.005	24.1275	0.6929	0.692	0.763	0.0042	0.0045	0.0027	5	14	100.0
JieZ_2017	JieZ_2017	Hyp-PhILR-NB VAE	hyp-philrvae	0.1419	0.0617	79.0773	74.5057	0.68	0.6786	0.752	0.0033	0.0035	0.0062	5	24	
JieZ_2017	JieZ_2017	TreeDirichlet VAE	treedirichlet-vae	0.164	0.0858	-5555.5121	31.0479	0.6737	0.6725	0.7362	0.0069	0.0069	0.004	5	12	
JieZ_2017	JieZ_2017	Tax-aware VAE	tax-vae	0.1353	0.0457	0.0049	21.6403	0.6657	0.6646	0.7276	0.0059	0.0062	0.0055	5	15	100.0
JieZ_2017	JieZ_2017	PhyloFusion VAE	fuse-vae	0.1877	0.0571	0.0093	6.2587	0.6189	0.6175	0.6657	0.0043	0.0042	0.0019	5	4	100.0
JieZ_2017	JieZ_2017	Graph VAE	graph-vae	0.1899	0.0526	0.0098	9.3184	0.5944	0.5925	0.6335	0.0058	0.006	0.0057	5	13	100.0
JieZ_2017	JieZ_2017	Vanilla VAE	vanilla-vae	0.2162	0.0607	0.0115	0.0	0.5851	0.5836	0.6285	0.007	0.007	0.0062	5	11	100.0
KarlssonFH_2013	KarlssonFH_2013	dsvae-sup	dsvae-sup	0.2398	0.0899	143.366	2.059	0.9415	0.9406	0.9786	0.002	0.0021	0.0006	5	32	100.0
KarlssonFH_2013	KarlssonFH_2013	Hyp-PhILR-NB VAE	hyp-philrvae	0.1991	0.0878	84.7538	40.4968	0.4097	0.4027	0.5994	0.004	0.0051	0.0063	5	14	
KarlssonFH_2013	KarlssonFH_2013	Hyperbolic VAE	hyp-vae	0.2263	0.0805	0.0128	0.001	0.4065	0.4007	0.5689	0.0096	0.0099	0.0062	5	15	100.0
KarlssonFH_2013	KarlssonFH_2013	Tax-aware VAE	tax-vae	0.2122	0.0722	0.0114	3.565	0.4023	0.3929	0.5738	0.0088	0.0075	0.007	5	15	100.0
KarlssonFH_2013	KarlssonFH_2013	PhILR-Gauss VAE	philr-gauss-vae	0.2317	0.1695	0.0348	32.2596	0.3895	0.3821	0.5623	0.0087	0.0096	0.0034	5	12	
KarlssonFH_2013	KarlssonFH_2013	PhILR-VAE	philrvae	0.0981	0.0375	79.1182	40.2527	0.3778	0.371	0.5489	0.0124	0.0124	0.0083	5	20	
KarlssonFH_2013	KarlssonFH_2013	Hyp-PhILR-ZINB VAE	hyp-philr-zinb	0.1808	0.0774	76.8995	61.1202	0.3774	0.371	0.5577	0.0089	0.0081	0.0051	5	24	
KarlssonFH_2013	KarlssonFH_2013	Graph VAE	graph-vae	0.2264	0.0756	0.0128	0.3494	0.3709	0.364	0.5529	0.0119	0.0116	0.0046	5	10	100.0
KarlssonFH_2013	KarlssonFH_2013	$\beta$-VAE	beta-vae	0.1595	0.0668	0.0068	12.2304	0.3709	0.3643	0.5249	0.0096	0.0093	0.0076	5	14	100.0
KarlssonFH_2013	KarlssonFH_2013	Vanilla VAE	vanilla-vae	0.2277	0.0826	0.0132	0.001	0.3579	0.3486	0.5321	0.012	0.0133	0.0044	5	14	100.0
KarlssonFH_2013	KarlssonFH_2013	PhyloFusion VAE	fuse-vae	0.1452	0.0691	0.0061	22.4868	0.3558	0.3487	0.5229	0.0091	0.0104	0.0075	5	16	100.0
KarlssonFH_2013	KarlssonFH_2013	TreePrior VAE	treeprior-vae	0.2265	0.0785	0.0128	0.3223	0.3514	0.3442	0.5091	0.011	0.0095	0.0097	5	8	100.0
KarlssonFH_2013	KarlssonFH_2013	Hyp+Tax VAE	hyp-tax-vae	0.2264	0.0768	0.0127	2.2796	0.3411	0.3346	0.5085	0.0118	0.011	0.0111	5	16	100.0
KarlssonFH_2013	KarlssonFH_2013	TreeDirichlet VAE	treedirichlet-vae	0.238	0.1449	-3893.0951	7.4234	0.3344	0.3249	0.5066	0.0036	0.0033	0.0046	5	2	
KarlssonFH_2013	KarlssonFH_2013	dsvae-unsup	dsvae-unsup	0.1465	0.0507	95.8885	11.7916	0.3305	0.3224	0.4889	0.0024	0.0027	0.0047	5	32	100.0
KarlssonFH_2013	KarlssonFH_2013	TreeNB-VAE	treenbvae	0.2225	0.0786	123.71	4.5162	0.3246	0.3183	0.4927	0.0041	0.0039	0.0072	5	2	
KieserS_2018	KieserS_2018	TreeNB-VAE	treenbvae	0.1992	0.0602	48.4498	9.2689	0.9687	0.9554	0.9987	0.0058	0.0063	0.0016	5	8	
KieserS_2018	KieserS_2018	Tax-aware VAE	tax-vae	0.1517	0.0643	0.0069	14.7879	0.9668	0.9523	0.9947	0.0041	0.0042	0.004	5	12	100.0
KieserS_2018	KieserS_2018	PhILR-VAE	philrvae	0.1231	0.0483	40.4232	9.4062	0.9147	0.9135	0.9903	0.0085	0.0106	0.0052	5	14	
KieserS_2018	KieserS_2018	Hyp-PhILR-NB VAE	hyp-philrvae	0.1782	0.0681	36.4283	5.542	0.9082	0.898	0.9577	0.0083	0.0132	0.005	5	4	
KieserS_2018	KieserS_2018	Hyp-PhILR-ZINB VAE	hyp-philr-zinb	0.2265	0.0924	55.8496	5.0662	0.905	0.895	0.9697	0.0222	0.0242	0.0088	5	6	
KieserS_2018	KieserS_2018	Hyp+Tax VAE	hyp-tax-vae	0.0863	0.0448	0.0019	13.7893	0.9037	0.8918	0.9477	0.0059	0.0085	0.0098	5	8	100.0
KieserS_2018	KieserS_2018	TreeDirichlet VAE	treedirichlet-vae	0.2582	0.1286	-1812.3506	10.6834	0.903	0.89	0.9003	0.0079	0.0103	0.0024	5	16	
KieserS_2018	KieserS_2018	PhyloFusion VAE	fuse-vae	0.1272	0.0537	0.0048	8.141	0.8793	0.8612	0.9567	0.0119	0.0164	0.0074	5	20	100.0
KieserS_2018	KieserS_2018	dsvae-sup	dsvae-sup	0.3416	0.1195	97.6516	25.3802	0.8705	0.8518	0.9589	0.0207	0.0228	0.0068	5	32	100.0
KieserS_2018	KieserS_2018	PhILR-Gauss VAE	philr-gauss-vae	0.2638	0.2388	0.0273	19.4547	0.854	0.8237	0.9336	0.0134	0.0156	0.0047	5	10	
KieserS_2018	KieserS_2018	TreePrior VAE	treeprior-vae	0.2952	0.0962	0.0215	0.0041	0.837	0.8084	0.9256	0.0131	0.0178	0.0051	5	4	100.0
KieserS_2018	KieserS_2018	Hyperbolic VAE	hyp-vae	0.2955	0.0901	0.0221	6.7202	0.8337	0.8039	0.8216	0.0118	0.0086	0.0025	5	12	100.0
KieserS_2018	KieserS_2018	dsvae-unsup	dsvae-unsup	0.1192	0.0337	34.2193	14.764	0.7993	0.7751	0.9093	0.0277	0.0321	0.0109	5	32	100.0
KieserS_2018	KieserS_2018	$\beta$-VAE	beta-vae	0.1333	0.0551	0.007	11.4891	0.7888	0.7699	0.9431	0.0151	0.0152	0.0066	5	9	100.0
KieserS_2018	KieserS_2018	Vanilla VAE	vanilla-vae	0.2941	0.0934	0.0214	0.0072	0.7052	0.6647	0.7068	0.021	0.021	0.0096	5	10	100.0
KieserS_2018	KieserS_2018	Graph VAE	graph-vae	0.2945	0.0919	0.0233	4.2509	0.6865	0.6495	0.7202	0.0211	0.0206	0.0087	5	10	100.0
KosticAD_2015	KosticAD_2015	TreeNB-VAE	treenbvae	0.1402	0.044	59.114	68.3696	0.8194	0.821	0.9079	0.0075	0.0075	0.0042	5	16	
KosticAD_2015	KosticAD_2015	dsvae-unsup	dsvae-unsup	0.125	0.0402	61.7619	14.0762	0.812	0.8156	0.9063	0.0086	0.0097	0.0039	5	32	100.0
KosticAD_2015	KosticAD_2015	PhILR-VAE	philrvae	0.0968	0.0309	51.4864	43.6896	0.8109	0.8061	0.891	0.0098	0.0106	0.0046	5	16	
KosticAD_2015	KosticAD_2015	dsvae-sup	dsvae-sup	0.3043	0.1194	123.1516	6.8198	0.8075	0.816	0.8739	0.0055	0.0077	0.006	5	32	100.0
KosticAD_2015	KosticAD_2015	Tax-aware VAE	tax-vae	0.1238	0.0563	0.0039	27.7603	0.7917	0.7931	0.8763	0.008	0.0071	0.0084	5	15	100.0
KosticAD_2015	KosticAD_2015	$\beta$-VAE	beta-vae	0.146	0.0608	0.0057	22.0472	0.786	0.7897	0.8887	0.014	0.0132	0.0084	5	20	100.0
KosticAD_2015	KosticAD_2015	TreeDirichlet VAE	treedirichlet-vae	0.1956	0.1487	-2615.0615	24.8477	0.7809	0.7823	0.8762	0.0165	0.0145	0.0089	5	6	
KosticAD_2015	KosticAD_2015	PhyloFusion VAE	fuse-vae	0.1822	0.09	0.0095	16.6491	0.7749	0.7763	0.8615	0.0062	0.0075	0.0086	5	15	100.0
KosticAD_2015	KosticAD_2015	Hyperbolic VAE	hyp-vae	0.1243	0.0593	0.0039	26.5482	0.7747	0.778	0.889	0.0068	0.0056	0.0039	5	24	100.0
KosticAD_2015	KosticAD_2015	Hyp-PhILR-NB VAE	hyp-philrvae	0.2707	0.0891	51.4402	48.9264	0.7721	0.7827	0.8702	0.005	0.0037	0.0031	5	16	
KosticAD_2015	KosticAD_2015	Hyp+Tax VAE	hyp-tax-vae	0.1519	0.0833	0.0063	25.3435	0.7674	0.7727	0.8625	0.0047	0.006	0.0086	5	24	100.0
KosticAD_2015	KosticAD_2015	Hyp-PhILR-ZINB VAE	hyp-philr-zinb	0.211	0.0783	48.6669	56.5752	0.7606	0.7616	0.8883	0.0094	0.0108	0.0091	5	20	
KosticAD_2015	KosticAD_2015	PhILR-Gauss VAE	philr-gauss-vae	0.2227	0.192	0.0108	33.8182	0.7166	0.7209	0.8373	0.0114	0.0127	0.0074	5	16	
KosticAD_2015	KosticAD_2015	Vanilla VAE	vanilla-vae	0.3021	0.1066	0.0225	0.0098	0.7118	0.7171	0.7818	0.0026	0.0013	0.0064	5	20	100.0
KosticAD_2015	KosticAD_2015	TreePrior VAE	treeprior-vae	0.3025	0.1073	0.023	3.567	0.5592	0.5529	0.6066	0.0145	0.0142	0.0101	5	12	100.0
KosticAD_2015	KosticAD_2015	Graph VAE	graph-vae	0.3012	0.1067	0.0234	2.2239	0.4599	0.4545	0.4245	0.0097	0.0108	0.0092	5	7	100.0
LiJ_2014	LiJ_2014	dsvae-sup	dsvae-sup	0.2248	0.08	149.3494	4.949	0.567	0.563	0.8779	0.0061	0.0054	0.0047	5	32	100.0
LiJ_2014	LiJ_2014	dsvae-unsup	dsvae-unsup	0.1348	0.0419	91.0163	26.2854	0.4983	0.4976	0.816	0.0085	0.0093	0.0032	5	32	100.0
LiJ_2014	LiJ_2014	Hyp-PhILR-ZINB VAE	hyp-philr-zinb	0.1408	0.052	74.9349	60.9467	0.4802	0.4823	0.8167	0.0055	0.0087	0.0031	5	20	
LiJ_2014	LiJ_2014	PhILR-Gauss VAE	philr-gauss-vae	0.2137	0.1468	0.0327	95.0112	0.4742	0.4735	0.8012	0.0135	0.0148	0.0039	5	24	
LiJ_2014	LiJ_2014	TreeNB-VAE	treenbvae	0.1169	0.0353	83.1171	76.3084	0.4652	0.4615	0.7952	0.0078	0.0101	0.0059	5	16	
LiJ_2014	LiJ_2014	PhILR-VAE	philrvae	0.0967	0.0302	76.3636	90.118	0.4627	0.4603	0.8108	0.0123	0.0135	0.0067	5	24	
LiJ_2014	LiJ_2014	Tax-aware VAE	tax-vae	0.164	0.0585	0.0073	8.8026	0.4487	0.446	0.7388	0.0084	0.0086	0.0016	5	6	100.0
LiJ_2014	LiJ_2014	Hyp-PhILR-NB VAE	hyp-philrvae	0.1489	0.0655	83.6211	52.6783	0.4373	0.4336	0.8017	0.0058	0.0058	0.0047	5	20	
LiJ_2014	LiJ_2014	$\beta$-VAE	beta-vae	0.1712	0.0625	0.0073	14.8208	0.4255	0.4195	0.7437	0.0055	0.0053	0.0058	5	8	100.0
LiJ_2014	LiJ_2014	PhyloFusion VAE	fuse-vae	0.1759	0.0653	0.0083	20.4003	0.4032	0.3963	0.7403	0.0086	0.0092	0.0034	5	10	100.0
LiJ_2014	LiJ_2014	TreeDirichlet VAE	treedirichlet-vae	0.2075	0.1216	-4966.4717	24.4014	0.3241	0.3176	0.6599	0.0041	0.0038	0.004	5	6	
LiJ_2014	LiJ_2014	Hyperbolic VAE	hyp-vae	0.1993	0.0624	0.0101	4.7674	0.3058	0.3007	0.6218	0.0068	0.006	0.0024	5	6	100.0
LiJ_2014	LiJ_2014	Vanilla VAE	vanilla-vae	0.2215	0.0673	0.0122	0.0007	0.2749	0.268	0.5816	0.0071	0.0066	0.0062	5	8	100.0
LiJ_2014	LiJ_2014	Hyp+Tax VAE	hyp-tax-vae	0.2053	0.0615	0.0105	3.6233	0.2663	0.2648	0.5314	0.0053	0.0056	0.0024	5	5	100.0
LiJ_2014	LiJ_2014	TreePrior VAE	treeprior-vae	0.2215	0.0688	0.0121	2.6373	0.2562	0.2494	0.5487	0.0064	0.0059	0.0043	5	4	100.0
LiJ_2014	LiJ_2014	Graph VAE	graph-vae	0.2219	0.0658	0.0121	0.0059	0.2382	0.2351	0.5015	0.0052	0.0059	0.0036	5	20	100.0
LiJ_2017	LiJ_2017	$\beta$-VAE	beta-vae	0.113	0.0426	0.0036	24.8157	0.3732	0.3667	0.5267	0.0052	0.0061	0.0063	5	24	100.0
LiJ_2017	LiJ_2017	Tax-aware VAE	tax-vae	0.2276	0.0647	0.0128	0.7071	0.3573	0.3523	0.5049	0.0047	0.0046	0.005	5	14	100.0
LiJ_2017	LiJ_2017	PhILR-VAE	philrvae	0.0804	0.0246	46.9313	43.0869	0.3558	0.3496	0.5285	0.0068	0.0072	0.0029	5	20	
LiJ_2017	LiJ_2017	dsvae-sup	dsvae-sup	0.2453	0.0732	101.5856	14.1702	0.3485	0.3425	0.4898	0.0091	0.0098	0.0078	5	32	100.0
LiJ_2017	LiJ_2017	PhyloFusion VAE	fuse-vae	0.0921	0.0385	0.0024	32.112	0.344	0.3351	0.5042	0.0075	0.0084	0.0071	5	15	100.0
LiJ_2017	LiJ_2017	dsvae-unsup	dsvae-unsup	0.1047	0.0287	55.5958	11.9651	0.3437	0.3373	0.5038	0.0088	0.0102	0.0055	5	32	100.0
LiJ_2017	LiJ_2017	TreePrior VAE	treeprior-vae	0.1554	0.0511	0.006	14.463	0.3431	0.3379	0.5	0.0068	0.0072	0.0066	5	5	100.0
LiJ_2017	LiJ_2017	Hyperbolic VAE	hyp-vae	0.1029	0.0376	0.0028	32.5196	0.3421	0.3339	0.5201	0.0061	0.0062	0.0051	5	20	100.0
LiJ_2017	LiJ_2017	Hyp-PhILR-NB VAE	hyp-philrvae	0.1666	0.048	40.8444	52.8367	0.3402	0.3325	0.4862	0.0094	0.0104	0.0073	5	24	
LiJ_2017	LiJ_2017	Hyp+Tax VAE	hyp-tax-vae	0.1772	0.0627	0.0082	13.3129	0.3393	0.3335	0.4989	0.003	0.0038	0.0053	5	15	100.0
LiJ_2017	LiJ_2017	TreeNB-VAE	treenbvae	0.1478	0.037	60.1474	5.721	0.3388	0.3343	0.4979	0.0089	0.0089	0.0083	5	10	
LiJ_2017	LiJ_2017	Hyp-PhILR-ZINB VAE	hyp-philr-zinb	0.1546	0.0641	44.7126	55.531	0.3312	0.3245	0.4832	0.0067	0.0054	0.0032	5	24	
LiJ_2017	LiJ_2017	Vanilla VAE	vanilla-vae	0.2384	0.084	0.0136	0.5295	0.3303	0.3242	0.4691	0.0045	0.0051	0.0067	5	4	100.0
LiJ_2017	LiJ_2017	PhILR-Gauss VAE	philr-gauss-vae	0.2025	0.165	0.0156	46.8836	0.315	0.3063	0.4715	0.0018	0.0012	0.0031	5	24	
LiJ_2017	LiJ_2017	Graph VAE	graph-vae	0.1897	0.0622	0.0089	12.0119	0.3097	0.3054	0.4836	0.0045	0.0061	0.0062	5	15	100.0
LiJ_2017	LiJ_2017	TreeDirichlet VAE	treedirichlet-vae	0.1852	0.1052	-3517.2272	16.9254	0.3005	0.2947	0.4535	0.007	0.0071	0.0031	5	6	
LiSS_2016	LiSS_2016	dsvae-sup	dsvae-sup	0.2668	0.1124	121.5239	4.704	0.6003	0.554	0.6793	0.0079	0.0066	0.0102	5	32	100.0
LiSS_2016	LiSS_2016	PhILR-VAE	philrvae	0.0991	0.0383	67.8493	31.5414	0.5802	0.5462	0.6341	0.0078	0.0077	0.0063	5	10	
LiSS_2016	LiSS_2016	Hyperbolic VAE	hyp-vae	0.1284	0.0527	0.0054	23.6183	0.51	0.484	0.6154	0.0093	0.0118	0.011	5	10	100.0
LiSS_2016	LiSS_2016	Tax-aware VAE	tax-vae	0.2757	0.1122	0.0191	0.0004	0.5068	0.4736	0.596	0.0105	0.0101	0.0158	5	14	100.0
LiSS_2016	LiSS_2016	dsvae-unsup	dsvae-unsup	0.1217	0.0437	75.8728	10.6925	0.4975	0.4639	0.5287	0.0187	0.0173	0.0088	5	32	100.0
LiSS_2016	LiSS_2016	TreeNB-VAE	treenbvae	0.0959	0.0308	64.379	51.2277	0.4515	0.4065	0.5465	0.0188	0.0173	0.0073	5	16	
LiSS_2016	LiSS_2016	TreeDirichlet VAE	treedirichlet-vae	0.2065	0.1424	-2509.6028	14.76	0.4495	0.3977	0.4702	0.0052	0.0072	0.016	5	10	
LiSS_2016	LiSS_2016	Vanilla VAE	vanilla-vae	0.2613	0.1087	0.0177	0.4224	0.4433	0.4158	0.4967	0.0141	0.0126	0.0128	5	20	100.0
LiSS_2016	LiSS_2016	Hyp-PhILR-ZINB VAE	hyp-philr-zinb	0.2898	0.1223	62.8515	44.599	0.4305	0.3945	0.5234	0.0081	0.0101	0.0103	5	12	
LiSS_2016	LiSS_2016	Hyp+Tax VAE	hyp-tax-vae	0.1068	0.0587	0.0031	24.0298	0.4287	0.402	0.5866	0.0095	0.0094	0.0068	5	13	100.0
LiSS_2016	LiSS_2016	PhyloFusion VAE	fuse-vae	0.1218	0.0659	0.0041	12.0264	0.4205	0.381	0.6153	0.012	0.0124	0.0084	5	6	100.0
LiSS_2016	LiSS_2016	$\beta$-VAE	beta-vae	0.0968	0.0473	0.0025	18.6907	0.4165	0.3959	0.5866	0.012	0.0119	0.0102	5	10	100.0
LiSS_2016	LiSS_2016	Graph VAE	graph-vae	0.2716	0.115	0.0183	0.0002	0.3875	0.3548	0.4771	0.0182	0.0152	0.0073	5	6	100.0
LiSS_2016	LiSS_2016	PhILR-Gauss VAE	philr-gauss-vae	0.221	0.1889	0.0117	51.9081	0.3677	0.341	0.5569	0.0291	0.0253	0.0086	5	24	
LiSS_2016	LiSS_2016	Hyp-PhILR-NB VAE	hyp-philrvae	0.188	0.0854	68.2133	27.7947	0.3543	0.3292	0.5591	0.0116	0.0081	0.0132	5	12	
LiSS_2016	LiSS_2016	TreePrior VAE	treeprior-vae	0.2702	0.1051	0.0182	0.0001	0.2893	0.2688	0.4448	0.0175	0.0169	0.0126	5	11	100.0
MetaCardis_2020_a	MetaCardis_2020_a	Hyp-PhILR-NB VAE	hyp-philrvae	0.1101	0.0321	74.1055	51.0843	0.2828	0.2753	0.6167	0.0019	0.0021	0.0015	5	24	
MetaCardis_2020_a	MetaCardis_2020_a	PhILR-Gauss VAE	philr-gauss-vae	0.1905	0.1295	0.0203	64.3929	0.2821	0.2749	0.6161	0.0018	0.0019	0.0022	5	24	
MetaCardis_2020_a	MetaCardis_2020_a	Hyp-PhILR-ZINB VAE	hyp-philr-zinb	0.1624	0.0639	73.5504	79.3686	0.2806	0.2741	0.6111	0.0018	0.0024	0.0021	5	24	
MetaCardis_2020_a	MetaCardis_2020_a	Hyp+Tax VAE	hyp-tax-vae	0.1089	0.0385	0.003	55.8495	0.2781	0.2729	0.6003	0.0028	0.0033	0.0011	5	24	100.0
MetaCardis_2020_a	MetaCardis_2020_a	TreeNB-VAE	treenbvae	0.1131	0.0321	80.9101	31.1937	0.2769	0.2731	0.6105	0.003	0.0033	0.0018	5	16	
MetaCardis_2020_a	MetaCardis_2020_a	$\beta$-VAE	beta-vae	0.1119	0.0353	0.0037	39.3735	0.2738	0.2668	0.6049	0.0016	0.0017	0.002	5	20	100.0
MetaCardis_2020_a	MetaCardis_2020_a	PhILR-VAE	philrvae	0.0902	0.0264	73.3494	53.5304	0.2726	0.2682	0.5975	0.0022	0.0025	0.0014	5	24	
MetaCardis_2020_a	MetaCardis_2020_a	dsvae-unsup	dsvae-unsup	0.1336	0.0367	89.6054	11.1976	0.2631	0.2605	0.5883	0.0018	0.0024	0.0021	5	32	100.0
MetaCardis_2020_a	MetaCardis_2020_a	TreeDirichlet VAE	treedirichlet-vae	0.1418	0.0673	-5832.6675	59.8378	0.2608	0.2556	0.5945	0.0022	0.0021	0.0019	5	16	
MetaCardis_2020_a	MetaCardis_2020_a	PhyloFusion VAE	fuse-vae	0.1176	0.0394	0.0038	40.2846	0.2608	0.2523	0.5963	0.003	0.0029	0.0017	5	24	100.0
MetaCardis_2020_a	MetaCardis_2020_a	Graph VAE	graph-vae	0.1461	0.0424	0.0062	19.2718	0.2602	0.2591	0.5819	0.0025	0.0026	0.0016	5	12	100.0
MetaCardis_2020_a	MetaCardis_2020_a	Tax-aware VAE	tax-vae	0.147	0.044	0.0059	11.1849	0.2576	0.2551	0.5791	0.0027	0.0028	0.0022	5	8	100.0
MetaCardis_2020_a	MetaCardis_2020_a	Hyperbolic VAE	hyp-vae	0.1307	0.042	0.0046	22.8393	0.2553	0.2506	0.5845	0.0024	0.0026	0.0011	5	15	100.0
MetaCardis_2020_a	MetaCardis_2020_a	dsvae-sup	dsvae-sup	0.2103	0.0646	113.7212	14.4582	0.2515	0.2501	0.5911	0.0026	0.0027	0.0028	5	32	100.0
MetaCardis_2020_a	MetaCardis_2020_a	Vanilla VAE	vanilla-vae	0.1927	0.0528	0.0092	0.3688	0.2463	0.2439	0.5619	0.0022	0.0024	0.001	5	11	100.0
MetaCardis_2020_a	MetaCardis_2020_a	TreePrior VAE	treeprior-vae	0.1871	0.0505	0.0095	0.112	0.2241	0.2214	0.5397	0.002	0.0019	0.0018	5	7	100.0
NagySzakalD_2017	NagySzakalD_2017	dsvae-sup	dsvae-sup	0.2518	0.0904	129.1966	5.2614	0.7048	0.7	0.7249	0.0099	0.0096	0.0091	5	32	100.0
NagySzakalD_2017	NagySzakalD_2017	Graph VAE	graph-vae	0.2095	0.0755	0.0111	21.6739	0.6822	0.6777	0.7368	0.0042	0.0037	0.0067	5	15	100.0
NagySzakalD_2017	NagySzakalD_2017	PhILR-Gauss VAE	philr-gauss-vae	0.2166	0.1709	0.0216	85.8207	0.679	0.6732	0.7161	0.0135	0.0129	0.0126	5	24	
NagySzakalD_2017	NagySzakalD_2017	$\beta$-VAE	beta-vae	0.1577	0.0781	0.0062	19.0764	0.6732	0.6685	0.7429	0.0129	0.0134	0.0085	5	20	100.0
NagySzakalD_2017	NagySzakalD_2017	Hyp-PhILR-ZINB VAE	hyp-philr-zinb	0.2074	0.0967	61.7198	46.6149	0.671	0.6659	0.7496	0.0079	0.0072	0.0079	5	20	
NagySzakalD_2017	NagySzakalD_2017	TreeNB-VAE	treenbvae	0.1093	0.0345	64.8251	37.4888	0.6698	0.6651	0.7157	0.0058	0.0056	0.0061	5	16	
NagySzakalD_2017	NagySzakalD_2017	dsvae-unsup	dsvae-unsup	0.1339	0.0443	74.1187	21.1106	0.6516	0.6453	0.6965	0.0087	0.0084	0.0082	5	32	100.0
NagySzakalD_2017	NagySzakalD_2017	Vanilla VAE	vanilla-vae	0.2467	0.0877	0.0153	0.1042	0.648	0.6423	0.6963	0.0125	0.0127	0.01	5	11	100.0
NagySzakalD_2017	NagySzakalD_2017	Hyp-PhILR-NB VAE	hyp-philrvae	0.2199	0.0816	64.5662	47.8598	0.6382	0.6329	0.694	0.0111	0.011	0.008	5	16	
NagySzakalD_2017	NagySzakalD_2017	PhILR-VAE	philrvae	0.0949	0.0301	61.2174	43.3706	0.6148	0.6086	0.669	0.0081	0.0091	0.0083	5	24	
NagySzakalD_2017	NagySzakalD_2017	TreePrior VAE	treeprior-vae	0.2441	0.0782	0.0151	0.0001	0.5932	0.585	0.6275	0.0127	0.0125	0.0053	5	16	100.0
NagySzakalD_2017	NagySzakalD_2017	Hyp+Tax VAE	hyp-tax-vae	0.2105	0.0759	0.0112	5.5248	0.5924	0.5855	0.649	0.0079	0.0069	0.0095	5	7	100.0
NagySzakalD_2017	NagySzakalD_2017	TreeDirichlet VAE	treedirichlet-vae	0.2036	0.1333	-3437.3711	12.2712	0.5918	0.5846	0.6232	0.0119	0.0138	0.0094	5	16	
NagySzakalD_2017	NagySzakalD_2017	Tax-aware VAE	tax-vae	0.2082	0.0767	0.0112	7.0526	0.5782	0.5717	0.6091	0.0053	0.0059	0.0047	5	7	100.0
NagySzakalD_2017	NagySzakalD_2017	Hyperbolic VAE	hyp-vae	0.2389	0.0784	0.0145	3.4062	0.5626	0.5546	0.615	0.0094	0.0101	0.0067	5	15	100.0
NagySzakalD_2017	NagySzakalD_2017	PhyloFusion VAE	fuse-vae	0.2327	0.0769	0.0145	1.985	0.4966	0.4881	0.4676	0.0135	0.0157	0.0149	5	11	100.0
NielsenHB_2014	NielsenHB_2014	$\beta$-VAE	beta-vae	0.1348	0.0505	0.0051	29.0647	0.8162	0.8159	0.892	0.0033	0.0026	0.002	5	12	100.0
NielsenHB_2014	NielsenHB_2014	PhyloFusion VAE	fuse-vae	0.1259	0.0487	0.0043	27.4821	0.8124	0.8143	0.8866	0.0043	0.0044	0.0029	5	15	100.0
NielsenHB_2014	NielsenHB_2014	dsvae-unsup	dsvae-unsup	0.1255	0.0376	89.2049	15.288	0.8115	0.8136	0.8832	0.0022	0.0022	0.0022	5	32	100.0
NielsenHB_2014	NielsenHB_2014	Hyp-PhILR-NB VAE	hyp-philrvae	0.1577	0.0541	74.6519	54.7791	0.8084	0.8114	0.892	0.0065	0.0065	0.0036	5	20	
NielsenHB_2014	NielsenHB_2014	PhILR-Gauss VAE	philr-gauss-vae	0.2068	0.1464	0.0214	59.2476	0.8041	0.808	0.8799	0.0033	0.0026	0.0035	5	24	
NielsenHB_2014	NielsenHB_2014	Hyp-PhILR-ZINB VAE	hyp-philr-zinb	0.1543	0.0583	70.8014	68.8261	0.8023	0.804	0.8699	0.0013	0.001	0.0018	5	24	
NielsenHB_2014	NielsenHB_2014	PhILR-VAE	philrvae	0.0972	0.0314	75.6041	55.0678	0.8	0.8027	0.8817	0.0039	0.004	0.0026	5	20	
NielsenHB_2014	NielsenHB_2014	dsvae-sup	dsvae-sup	0.2255	0.0777	139.0682	7.2085	0.7994	0.7988	0.8804	0.0014	0.0017	0.0017	5	32	100.0
NielsenHB_2014	NielsenHB_2014	Hyp+Tax VAE	hyp-tax-vae	0.1428	0.0541	0.0051	26.9211	0.7974	0.799	0.8586	0.0033	0.0037	0.0016	5	20	100.0
NielsenHB_2014	NielsenHB_2014	TreeNB-VAE	treenbvae	0.1392	0.0437	92.764	22.8591	0.7954	0.7947	0.8737	0.0036	0.0032	0.0031	5	12	
NielsenHB_2014	NielsenHB_2014	Hyperbolic VAE	hyp-vae	0.1513	0.0498	0.0062	19.9282	0.7937	0.796	0.8692	0.005	0.0043	0.0031	5	16	100.0
NielsenHB_2014	NielsenHB_2014	Tax-aware VAE	tax-vae	0.1105	0.0461	0.0031	43.5141	0.7927	0.7956	0.8631	0.0057	0.0059	0.0036	5	24	100.0
NielsenHB_2014	NielsenHB_2014	TreePrior VAE	treeprior-vae	0.1414	0.0489	0.0053	23.7133	0.7775	0.7784	0.855	0.0021	0.0025	0.0037	5	15	100.0
NielsenHB_2014	NielsenHB_2014	TreeDirichlet VAE	treedirichlet-vae	0.1689	0.0952	-4905.1324	38.192	0.7598	0.762	0.8403	0.0069	0.0073	0.0036	5	12	
NielsenHB_2014	NielsenHB_2014	Graph VAE	graph-vae	0.219	0.0676	0.0118	0.0841	0.6286	0.6271	0.6662	0.0032	0.0035	0.0065	5	7	100.0
NielsenHB_2014	NielsenHB_2014	Vanilla VAE	vanilla-vae	0.2189	0.0658	0.0122	0.0	0.5625	0.5611	0.5636	0.0087	0.0087	0.005	5	7	100.0
QinJ_2012	QinJ_2012	dsvae-sup	dsvae-sup	0.22	0.0659	125.7631	8.4128	0.6554	0.654	0.714	0.0059	0.0059	0.0024	5	32	100.0
QinJ_2012	QinJ_2012	dsvae-unsup	dsvae-unsup	0.1209	0.033	78.7055	19.3345	0.6532	0.6516	0.7227	0.0033	0.0032	0.0039	5	32	100.0
QinJ_2012	QinJ_2012	Hyp+Tax VAE	hyp-tax-vae	0.1445	0.0453	0.0054	16.6416	0.6408	0.6394	0.6919	0.0043	0.004	0.0052	5	16	100.0
QinJ_2012	QinJ_2012	Hyp-PhILR-NB VAE	hyp-philrvae	0.1553	0.0623	64.252	74.6582	0.6381	0.6366	0.695	0.0051	0.005	0.0034	5	24	
QinJ_2012	QinJ_2012	Hyp-PhILR-ZINB VAE	hyp-philr-zinb	0.1787	0.0717	73.8939	41.0657	0.6345	0.633	0.6834	0.0031	0.0031	0.0036	5	14	
QinJ_2012	QinJ_2012	TreeDirichlet VAE	treedirichlet-vae	0.164	0.0937	-5331.5731	46.5653	0.6159	0.6142	0.6527	0.0042	0.0041	0.0023	5	12	
QinJ_2012	QinJ_2012	PhILR-VAE	philrvae	0.1024	0.0291	70.269	62.2529	0.6118	0.6103	0.6517	0.0039	0.0041	0.0031	5	20	
QinJ_2012	QinJ_2012	Tax-aware VAE	tax-vae	0.13	0.0454	0.0045	24.0405	0.6049	0.6033	0.6411	0.0085	0.0085	0.0093	5	14	100.0
QinJ_2012	QinJ_2012	PhyloFusion VAE	fuse-vae	0.125	0.0478	0.0039	36.1314	0.6026	0.6007	0.6455	0.0061	0.0064	0.0022	5	24	100.0
QinJ_2012	QinJ_2012	PhILR-Gauss VAE	philr-gauss-vae	0.1966	0.1359	0.0212	57.0678	0.6014	0.5998	0.6461	0.0092	0.0094	0.007	5	24	
QinJ_2012	QinJ_2012	TreeNB-VAE	treenbvae	0.143	0.0388	83.7469	29.3823	0.597	0.5952	0.6208	0.0044	0.0047	0.0025	5	8	
QinJ_2012	QinJ_2012	Hyperbolic VAE	hyp-vae	0.1553	0.0466	0.006	12.7405	0.5844	0.5825	0.6238	0.0042	0.0044	0.0041	5	7	100.0
QinJ_2012	QinJ_2012	$\beta$-VAE	beta-vae	0.1228	0.0462	0.0041	31.9918	0.5829	0.5813	0.6186	0.005	0.0053	0.0042	5	14	100.0
QinJ_2012	QinJ_2012	Graph VAE	graph-vae	0.1831	0.0491	0.0093	3.1718	0.5238	0.5219	0.5441	0.0058	0.0056	0.0035	5	8	100.0
QinJ_2012	QinJ_2012	TreePrior VAE	treeprior-vae	0.2155	0.0582	0.0116	2.9642	0.5056	0.5033	0.5068	0.006	0.0059	0.0063	5	11	100.0
QinJ_2012	QinJ_2012	Vanilla VAE	vanilla-vae	0.2155	0.0582	0.0115	0.0003	0.4979	0.4956	0.4971	0.0026	0.0024	0.004	5	10	100.0
QinN_2014	QinN_2014	dsvae-sup	dsvae-sup	0.235	0.0689	144.4263	2.4987	0.8087	0.8078	0.8972	0.0044	0.0044	0.0017	5	32	100.0
QinN_2014	QinN_2014	Hyp-PhILR-NB VAE	hyp-philrvae	0.1401	0.0544	61.759	54.2818	0.8015	0.8	0.8705	0.0055	0.0057	0.0036	5	20	
QinN_2014	QinN_2014	$\beta$-VAE	beta-vae	0.115	0.0463	0.0036	35.089	0.7993	0.7982	0.8677	0.0051	0.0053	0.0057	5	20	100.0
QinN_2014	QinN_2014	dsvae-unsup	dsvae-unsup	0.1141	0.03	77.5416	11.5993	0.7903	0.7894	0.8665	0.0075	0.0077	0.0051	5	32	100.0
QinN_2014	QinN_2014	TreeDirichlet VAE	treedirichlet-vae	0.133	0.0814	-5292.2478	34.5927	0.784	0.7828	0.8687	0.0025	0.0027	0.0012	5	12	
QinN_2014	QinN_2014	Hyp-PhILR-ZINB VAE	hyp-philr-zinb	0.1346	0.0532	66.8418	38.9977	0.7834	0.7821	0.8534	0.0047	0.0048	0.0045	5	15	
QinN_2014	QinN_2014	TreeNB-VAE	treenbvae	0.1243	0.0332	76.6977	16.6685	0.7774	0.7764	0.8552	0.0047	0.005	0.005	5	10	
QinN_2014	QinN_2014	PhILR-Gauss VAE	philr-gauss-vae	0.2	0.1378	0.0241	29.3724	0.7741	0.7726	0.8591	0.004	0.004	0.0034	5	16	
QinN_2014	QinN_2014	Tax-aware VAE	tax-vae	0.0795	0.0413	0.0019	71.3614	0.7738	0.7715	0.8609	0.004	0.004	0.0013	5	24	100.0
QinN_2014	QinN_2014	PhILR-VAE	philrvae	0.0924	0.0277	67.9513	42.4363	0.7602	0.7587	0.8406	0.0042	0.0045	0.0032	5	20	
QinN_2014	QinN_2014	Hyperbolic VAE	hyp-vae	0.1077	0.0363	0.0034	30.5225	0.7566	0.7542	0.8369	0.0062	0.0061	0.0059	5	20	100.0
QinN_2014	QinN_2014	Hyp+Tax VAE	hyp-tax-vae	0.1449	0.0463	0.0052	12.4034	0.7551	0.7536	0.8328	0.0015	0.0018	0.0048	5	24	100.0
QinN_2014	QinN_2014	TreePrior VAE	treeprior-vae	0.125	0.0385	0.0045	33.6935	0.7493	0.7473	0.8213	0.0026	0.0031	0.005	5	15	100.0
QinN_2014	QinN_2014	Graph VAE	graph-vae	0.1764	0.0497	0.0082	4.3104	0.7276	0.7258	0.7981	0.0033	0.0033	0.004	5	6	100.0
QinN_2014	QinN_2014	PhyloFusion VAE	fuse-vae	0.2085	0.0552	0.0107	0.0	0.5819	0.5795	0.5951	0.0039	0.0038	0.0049	5	7	100.0
QinN_2014	QinN_2014	Vanilla VAE	vanilla-vae	0.2084	0.0554	0.0106	0.0001	0.5636	0.5604	0.5948	0.0043	0.0044	0.0059	5	24	100.0
RosaBA_2018	RosaBA_2018	dsvae-sup	dsvae-sup	0.2606	0.0951	115.9836	4.9304	0.9	0.8883	0.99	0.0	0.0004	0.0049	5	32	100.0
RosaBA_2018	RosaBA_2018	Hyp-PhILR-ZINB VAE	hyp-philr-zinb	0.2196	0.0926	63.4713	29.1605	0.742	0.6983	0.7865	0.0273	0.0293	0.0131	5	11	
RosaBA_2018	RosaBA_2018	Hyperbolic VAE	hyp-vae	0.0966	0.0526	0.0025	11.6289	0.6773	0.6325	0.7834	0.0415	0.0396	0.0146	5	6	100.0
RosaBA_2018	RosaBA_2018	PhILR-Gauss VAE	philr-gauss-vae	0.2158	0.1816	0.0116	42.5553	0.6567	0.6065	0.7518	0.0265	0.0266	0.0082	5	24	
RosaBA_2018	RosaBA_2018	PhyloFusion VAE	fuse-vae	0.1376	0.0704	0.0048	17.2441	0.6185	0.5709	0.7896	0.0272	0.0242	0.0124	5	8	100.0
RosaBA_2018	RosaBA_2018	Hyp+Tax VAE	hyp-tax-vae	0.1735	0.0739	0.0079	8.618	0.5833	0.5353	0.6243	0.0153	0.0173	0.016	5	4	100.0
RosaBA_2018	RosaBA_2018	PhILR-VAE	philrvae	0.0796	0.0266	60.9028	36.2721	0.5628	0.5149	0.7812	0.0181	0.016	0.0142	5	20	
RosaBA_2018	RosaBA_2018	Graph VAE	graph-vae	0.2492	0.0922	0.016	5.5116	0.5242	0.463	0.5453	0.0142	0.0176	0.011	5	20	100.0
RosaBA_2018	RosaBA_2018	TreeDirichlet VAE	treedirichlet-vae	0.2488	0.1748	-2702.0244	12.8692	0.5125	0.4703	0.5027	0.0086	0.0117	0.0093	5	4	
RosaBA_2018	RosaBA_2018	$\beta$-VAE	beta-vae	0.2261	0.0816	0.0132	2.627	0.4992	0.4543	0.33	0.0268	0.0231	0.024	5	11	100.0
RosaBA_2018	RosaBA_2018	Hyp-PhILR-NB VAE	hyp-philrvae	0.143	0.0706	66.2123	38.3725	0.478	0.4476	0.4925	0.0151	0.0106	0.0215	5	20	
RosaBA_2018	RosaBA_2018	TreeNB-VAE	treenbvae	0.1983	0.069	86.3202	11.1344	0.469	0.4199	0.4107	0.0262	0.0247	0.0078	5	2	
RosaBA_2018	RosaBA_2018	dsvae-unsup	dsvae-unsup	0.1801	0.0671	86.3511	17.4302	0.462	0.4253	0.5405	0.0142	0.0092	0.0296	5	32	100.0
RosaBA_2018	RosaBA_2018	Vanilla VAE	vanilla-vae	0.2464	0.0883	0.0159	0.0034	0.429	0.3989	0.5504	0.0299	0.0221	0.0233	5	20	100.0
RosaBA_2018	RosaBA_2018	Tax-aware VAE	tax-vae	0.1157	0.0618	0.0033	17.4038	0.421	0.3925	0.55	0.0123	0.0096	0.0258	5	16	100.0
RosaBA_2018	RosaBA_2018	TreePrior VAE	treeprior-vae	0.2463	0.0927	0.016	0.0097	0.3598	0.3522	0.3128	0.011	0.0062	0.0215	5	16	100.0
RubelMA_2020	RubelMA_2020	dsvae-sup	dsvae-sup	0.2692	0.1009	121.1673	3.2903	0.7986	0.7975	0.8417	0.0053	0.0058	0.0037	5	32	100.0
RubelMA_2020	RubelMA_2020	$\beta$-VAE	beta-vae	0.1474	0.0658	0.0062	22.9466	0.7389	0.7374	0.8288	0.0076	0.0075	0.0068	5	15	100.0
RubelMA_2020	RubelMA_2020	Hyp-PhILR-ZINB VAE	hyp-philr-zinb	0.2093	0.0939	57.6196	40.4651	0.7365	0.7346	0.8206	0.0039	0.0042	0.0025	5	16	
RubelMA_2020	RubelMA_2020	Hyp-PhILR-NB VAE	hyp-philrvae	0.1822	0.0753	53.08	53.4553	0.7361	0.7348	0.797	0.0017	0.002	0.0048	5	24	
RubelMA_2020	RubelMA_2020	TreeNB-VAE	treenbvae	0.1479	0.0496	65.617	65.7691	0.7344	0.7326	0.8053	0.0098	0.0096	0.0055	5	10	
RubelMA_2020	RubelMA_2020	PhILR-Gauss VAE	philr-gauss-vae	0.224	0.1853	0.0197	50.5004	0.7339	0.7324	0.8027	0.0105	0.0104	0.0024	5	20	
RubelMA_2020	RubelMA_2020	Tax-aware VAE	tax-vae	0.2482	0.0943	0.0158	0.2893	0.7306	0.7288	0.7971	0.003	0.0031	0.0039	5	11	100.0
RubelMA_2020	RubelMA_2020	PhILR-VAE	philrvae	0.1449	0.0492	64.7301	35.5161	0.7132	0.7112	0.7974	0.0041	0.0043	0.0043	5	8	
RubelMA_2020	RubelMA_2020	Vanilla VAE	vanilla-vae	0.2419	0.0812	0.0152	0.3571	0.7022	0.6997	0.7368	0.0017	0.0019	0.0042	5	4	100.0
RubelMA_2020	RubelMA_2020	dsvae-unsup	dsvae-unsup	0.1471	0.049	67.8064	19.732	0.6899	0.6879	0.7635	0.0036	0.0042	0.0025	5	32	100.0
RubelMA_2020	RubelMA_2020	Graph VAE	graph-vae	0.2296	0.0748	0.0139	2.1306	0.6896	0.6871	0.765	0.0077	0.0077	0.0036	5	6	100.0
RubelMA_2020	RubelMA_2020	Hyperbolic VAE	hyp-vae	0.2547	0.0875	0.0169	2.2153	0.6815	0.6792	0.7367	0.0045	0.0046	0.0026	5	13	100.0
RubelMA_2020	RubelMA_2020	TreeDirichlet VAE	treedirichlet-vae	0.2349	0.1388	-2905.6488	4.7521	0.6781	0.6754	0.7561	0.0058	0.0057	0.0043	5	2	
RubelMA_2020	RubelMA_2020	PhyloFusion VAE	fuse-vae	0.2462	0.0815	0.0159	0.444	0.6746	0.6719	0.6934	0.0075	0.0077	0.0067	5	8	100.0
RubelMA_2020	RubelMA_2020	TreePrior VAE	treeprior-vae	0.2542	0.0863	0.0176	0.0004	0.6605	0.6582	0.6969	0.0092	0.0088	0.0069	5	16	100.0
RubelMA_2020	RubelMA_2020	Hyp+Tax VAE	hyp-tax-vae	0.2328	0.0711	0.0274	3.6731	0.6332	0.6306	0.6539	0.0085	0.0085	0.0083	5	24	100.0
SankaranarayananK_2015	SankaranarayananK_2015	PhyloFusion VAE	fuse-vae	0.1718	0.0848	0.0066	18.7471	0.7335	0.7211	0.7798	0.0183	0.0188	0.0073	5	14	100.0
SankaranarayananK_2015	SankaranarayananK_2015	$\beta$-VAE	beta-vae	0.1457	0.075	0.0056	15.1631	0.7048	0.6898	0.7817	0.0155	0.0176	0.0176	5	10	100.0
SankaranarayananK_2015	SankaranarayananK_2015	Hyperbolic VAE	hyp-vae	0.129	0.0618	0.0047	13.7528	0.6692	0.6541	0.7105	0.0189	0.0199	0.0072	5	7	100.0
SankaranarayananK_2015	SankaranarayananK_2015	Graph VAE	graph-vae	0.3014	0.1224	0.023	3.6908	0.6598	0.6426	0.697	0.0213	0.0194	0.0148	5	15	100.0
SankaranarayananK_2015	SankaranarayananK_2015	Tax-aware VAE	tax-vae	0.1122	0.0575	0.0032	32.374	0.6052	0.586	0.597	0.0181	0.0156	0.0136	5	20	100.0
SankaranarayananK_2015	SankaranarayananK_2015	PhILR-VAE	philrvae	0.1696	0.0663	81.9641	23.9543	0.5978	0.5734	0.6392	0.0233	0.0256	0.0194	5	7	
SankaranarayananK_2015	SankaranarayananK_2015	dsvae-unsup	dsvae-unsup	0.1978	0.0787	98.2475	20.0458	0.5922	0.5704	0.6181	0.008	0.0054	0.0079	5	32	100.0
SankaranarayananK_2015	SankaranarayananK_2015	Hyp-PhILR-ZINB VAE	hyp-philr-zinb	0.2111	0.0937	74.5202	52.3854	0.5855	0.5649	0.612	0.0224	0.0238	0.0219	5	20	
SankaranarayananK_2015	SankaranarayananK_2015	PhILR-Gauss VAE	philr-gauss-vae	0.2237	0.1849	0.0179	33.9044	0.584	0.5606	0.6398	0.0113	0.0131	0.0146	5	15	
SankaranarayananK_2015	SankaranarayananK_2015	TreePrior VAE	treeprior-vae	0.2958	0.1091	0.0215	8.1205	0.5818	0.5537	0.6533	0.0121	0.0163	0.0093	5	24	100.0
SankaranarayananK_2015	SankaranarayananK_2015	dsvae-sup	dsvae-sup	0.3358	0.1441	164.8165	21.8262	0.5777	0.5584	0.5813	0.0062	0.0083	0.0081	5	32	100.0
SankaranarayananK_2015	SankaranarayananK_2015	TreeNB-VAE	treenbvae	0.1847	0.0676	85.6138	24.7465	0.5758	0.5525	0.6008	0.0116	0.0108	0.0148	5	16	
SankaranarayananK_2015	SankaranarayananK_2015	Hyp+Tax VAE	hyp-tax-vae	0.1506	0.0704	0.0062	24.8948	0.528	0.5048	0.5023	0.0258	0.0236	0.0073	5	12	100.0
SankaranarayananK_2015	SankaranarayananK_2015	TreeDirichlet VAE	treedirichlet-vae	0.3304	0.2349	-2738.511	6.1147	0.4933	0.465	0.4779	0.0212	0.0233	0.0167	5	2	
SankaranarayananK_2015	SankaranarayananK_2015	Hyp-PhILR-NB VAE	hyp-philrvae	0.1636	0.0743	68.3612	31.1702	0.4747	0.4526	0.4451	0.0244	0.0267	0.0228	5	14	
SankaranarayananK_2015	SankaranarayananK_2015	Vanilla VAE	vanilla-vae	0.2949	0.1166	0.0218	0.0052	0.2863	0.2601	0.24	0.0113	0.0119	0.0085	5	8	100.0
ThomasAM_2018a	ThomasAM_2018a	PhILR-Gauss VAE	philr-gauss-vae	0.2099	0.1633	0.0199	56.9654	0.4979	0.4846	0.6691	0.0195	0.0201	0.0141	5	24	
ThomasAM_2018a	ThomasAM_2018a	Hyp-PhILR-NB VAE	hyp-philrvae	0.1245	0.0457	64.3801	31.5576	0.4534	0.4425	0.6015	0.0083	0.0091	0.011	5	15	
ThomasAM_2018a	ThomasAM_2018a	dsvae-sup	dsvae-sup	0.2463	0.0877	133.3479	6.6496	0.4389	0.4281	0.6243	0.0073	0.0057	0.0022	5	32	100.0
ThomasAM_2018a	ThomasAM_2018a	TreeNB-VAE	treenbvae	0.1214	0.0353	66.383	18.5619	0.4169	0.4012	0.6104	0.0102	0.0095	0.0094	5	16	
ThomasAM_2018a	ThomasAM_2018a	Hyp-PhILR-ZINB VAE	hyp-philr-zinb	0.2107	0.0592	67.7388	14.5081	0.4122	0.3984	0.5779	0.0179	0.0178	0.0115	5	20	
ThomasAM_2018a	ThomasAM_2018a	Graph VAE	graph-vae	0.2307	0.0712	0.0137	9.8799	0.396	0.3811	0.5681	0.0079	0.0078	0.0058	5	10	100.0
ThomasAM_2018a	ThomasAM_2018a	dsvae-unsup	dsvae-unsup	0.1186	0.0348	68.159	14.3122	0.391	0.3732	0.5574	0.0139	0.0152	0.0093	5	32	100.0
ThomasAM_2018a	ThomasAM_2018a	TreePrior VAE	treeprior-vae	0.2505	0.0804	0.0152	4.6154	0.3903	0.3755	0.5613	0.0191	0.0218	0.0188	5	12	100.0
ThomasAM_2018a	ThomasAM_2018a	Hyp+Tax VAE	hyp-tax-vae	0.15	0.0665	0.0061	20.4992	0.3798	0.3661	0.5763	0.0086	0.0111	0.0063	5	13	100.0
ThomasAM_2018a	ThomasAM_2018a	TreeDirichlet VAE	treedirichlet-vae	0.2289	0.1469	-3797.2883	11.1342	0.3753	0.3612	0.5384	0.0107	0.0116	0.0105	5	4	
ThomasAM_2018a	ThomasAM_2018a	Tax-aware VAE	tax-vae	0.1964	0.0758	0.01	8.2008	0.3345	0.3208	0.5514	0.014	0.0151	0.011	5	11	100.0
ThomasAM_2018a	ThomasAM_2018a	Hyperbolic VAE	hyp-vae	0.2368	0.0706	0.0138	2.4942	0.3305	0.3149	0.4984	0.0039	0.0061	0.0082	5	11	100.0
ThomasAM_2018a	ThomasAM_2018a	$\beta$-VAE	beta-vae	0.1339	0.057	0.0046	13.8903	0.329	0.3158	0.5064	0.0132	0.0127	0.0112	5	15	100.0
ThomasAM_2018a	ThomasAM_2018a	PhILR-VAE	philrvae	0.0833	0.0244	55.5922	49.9659	0.3122	0.3004	0.5004	0.0096	0.0093	0.005	5	16	
ThomasAM_2018a	ThomasAM_2018a	Vanilla VAE	vanilla-vae	0.2509	0.0745	0.0151	0.0373	0.3088	0.2968	0.464	0.0125	0.0137	0.0062	5	12	100.0
ThomasAM_2018a	ThomasAM_2018a	PhyloFusion VAE	fuse-vae	0.2367	0.074	0.0139	1.7763	0.2945	0.2837	0.4862	0.0161	0.0166	0.0123	5	9	100.0
ThomasAM_2018b	ThomasAM_2018b	dsvae-sup	dsvae-sup	0.2272	0.0839	135.2769	5.5607	0.6315	0.6208	0.6917	0.0157	0.0189	0.012	5	32	100.0
ThomasAM_2018b	ThomasAM_2018b	Hyperbolic VAE	hyp-vae	0.2309	0.0804	0.0132	0.0	0.6145	0.6042	0.6803	0.0153	0.0153	0.0215	5	8	100.0
ThomasAM_2018b	ThomasAM_2018b	PhILR-Gauss VAE	philr-gauss-vae	0.2343	0.1708	0.0371	46.7262	0.5943	0.5828	0.6186	0.0107	0.011	0.0081	5	15	
ThomasAM_2018b	ThomasAM_2018b	TreeDirichlet VAE	treedirichlet-vae	0.2136	0.1338	-3914.9548	5.2445	0.5878	0.5747	0.6416	0.0136	0.0124	0.01	5	4	
ThomasAM_2018b	ThomasAM_2018b	TreeNB-VAE	treenbvae	0.2033	0.0731	118.1396	23.535	0.5814	0.5681	0.5786	0.0132	0.0145	0.004	5	16	
ThomasAM_2018b	ThomasAM_2018b	Hyp-PhILR-ZINB VAE	hyp-philr-zinb	0.1748	0.0985	84.7978	51.247	0.527	0.5139	0.5415	0.0221	0.0232	0.0166	5	24	
ThomasAM_2018b	ThomasAM_2018b	dsvae-unsup	dsvae-unsup	0.153	0.0543	95.9647	22.3396	0.5201	0.5084	0.5382	0.0099	0.0117	0.017	5	32	100.0
ThomasAM_2018b	ThomasAM_2018b	Hyp+Tax VAE	hyp-tax-vae	0.2313	0.0817	0.0135	3.9592	0.5196	0.507	0.5114	0.0101	0.0085	0.0102	5	10	100.0
ThomasAM_2018b	ThomasAM_2018b	Hyp-PhILR-NB VAE	hyp-philrvae	0.1446	0.068	91.9035	32.7964	0.5085	0.4967	0.5098	0.0203	0.0204	0.0203	5	20	
ThomasAM_2018b	ThomasAM_2018b	PhyloFusion VAE	fuse-vae	0.1488	0.0648	0.0055	11.9591	0.5062	0.4913	0.5022	0.0075	0.0085	0.0102	5	9	100.0
ThomasAM_2018b	ThomasAM_2018b	PhILR-VAE	philrvae	0.1774	0.0698	106.8413	25.2598	0.5042	0.4901	0.509	0.0151	0.0145	0.0131	5	12	
ThomasAM_2018b	ThomasAM_2018b	TreePrior VAE	treeprior-vae	0.2317	0.0828	0.0136	1.7192	0.4632	0.4435	0.4317	0.0181	0.0203	0.0126	5	13	100.0
ThomasAM_2018b	ThomasAM_2018b	$\beta$-VAE	beta-vae	0.1866	0.0761	0.0087	10.5406	0.4489	0.4335	0.4122	0.0095	0.0103	0.0195	5	7	100.0
ThomasAM_2018b	ThomasAM_2018b	Graph VAE	graph-vae	0.2305	0.0807	0.0132	7.3634	0.4335	0.418	0.4241	0.0108	0.0121	0.01	5	13	100.0
ThomasAM_2018b	ThomasAM_2018b	Vanilla VAE	vanilla-vae	0.2305	0.0792	0.0132	0.0001	0.4129	0.3953	0.4099	0.0182	0.0218	0.0182	5	10	100.0
ThomasAM_2018b	ThomasAM_2018b	Tax-aware VAE	tax-vae	0.2311	0.0801	0.0164	8.8666	0.4086	0.3925	0.3572	0.0256	0.0242	0.017	5	11	100.0
ThomasAM_2019_c	ThomasAM_2019_c	dsvae-sup	dsvae-sup	0.2538	0.0938	151.9547	5.7092	0.659	0.6528	0.7167	0.0094	0.0104	0.0046	5	32	100.0
ThomasAM_2019_c	ThomasAM_2019_c	$\beta$-VAE	beta-vae	0.202	0.0908	0.0103	15.2594	0.6188	0.6109	0.6393	0.0054	0.0057	0.0056	5	13	100.0
ThomasAM_2019_c	ThomasAM_2019_c	PhILR-VAE	philrvae	0.0934	0.0309	67.9588	50.5147	0.6008	0.5917	0.6373	0.0143	0.015	0.0112	5	24	
ThomasAM_2019_c	ThomasAM_2019_c	Hyp-PhILR-NB VAE	hyp-philrvae	0.1559	0.0661	80.5559	12.7659	0.5945	0.585	0.619	0.0096	0.0093	0.0117	5	14	
ThomasAM_2019_c	ThomasAM_2019_c	Hyperbolic VAE	hyp-vae	0.1771	0.0741	0.008	10.5717	0.5933	0.5841	0.6138	0.0162	0.0163	0.0177	5	13	100.0
ThomasAM_2019_c	ThomasAM_2019_c	Graph VAE	graph-vae	0.2529	0.0874	0.0157	0.0092	0.5853	0.5788	0.6439	0.0082	0.0082	0.0128	5	10	100.0
ThomasAM_2019_c	ThomasAM_2019_c	dsvae-unsup	dsvae-unsup	0.1457	0.0465	85.9628	23.6422	0.5815	0.5734	0.5871	0.0216	0.0215	0.0129	5	32	100.0
ThomasAM_2019_c	ThomasAM_2019_c	TreeNB-VAE	treenbvae	0.1647	0.0528	89.6506	21.7655	0.5773	0.5685	0.6119	0.0155	0.014	0.0057	5	12	
ThomasAM_2019_c	ThomasAM_2019_c	Tax-aware VAE	tax-vae	0.1616	0.0777	0.0071	19.1326	0.5677	0.5588	0.5897	0.0034	0.0042	0.0027	5	12	100.0
ThomasAM_2019_c	ThomasAM_2019_c	PhILR-Gauss VAE	philr-gauss-vae	0.2441	0.1728	0.0514	33.7803	0.5592	0.5519	0.5882	0.0166	0.0172	0.0196	5	14	
ThomasAM_2019_c	ThomasAM_2019_c	TreeDirichlet VAE	treedirichlet-vae	0.2329	0.1504	-4111.4814	35.9815	0.5435	0.5346	0.5699	0.0103	0.011	0.0098	5	16	
ThomasAM_2019_c	ThomasAM_2019_c	Hyp+Tax VAE	hyp-tax-vae	0.1475	0.0714	0.0056	17.0953	0.5397	0.5299	0.553	0.0217	0.022	0.0124	5	12	100.0
ThomasAM_2019_c	ThomasAM_2019_c	Hyp-PhILR-ZINB VAE	hyp-philr-zinb	0.1779	0.0936	80.5618	68.9311	0.537	0.5268	0.5513	0.0195	0.0197	0.0178	5	24	
ThomasAM_2019_c	ThomasAM_2019_c	PhyloFusion VAE	fuse-vae	0.1968	0.0881	0.0117	17.7084	0.519	0.5085	0.5171	0.018	0.0167	0.0139	5	8	100.0
ThomasAM_2019_c	ThomasAM_2019_c	Vanilla VAE	vanilla-vae	0.2491	0.0852	0.0153	0.0091	0.4825	0.472	0.4795	0.0097	0.0104	0.0177	5	4	100.0
ThomasAM_2019_c	ThomasAM_2019_c	TreePrior VAE	treeprior-vae	0.2499	0.0811	0.0153	5.319	0.4755	0.4636	0.4657	0.0113	0.0124	0.0103	5	20	100.0
VincentC_2016	VincentC_2016	dsvae-sup	dsvae-sup	0.211	0.075	126.4018	16.5295	0.8382	0.8353	0.9292	0.0038	0.0072	0.0055	5	32	100.0
VincentC_2016	VincentC_2016	Hyp+Tax VAE	hyp-tax-vae	0.128	0.0516	0.0041	23.53	0.7955	0.8039	0.8601	0.0076	0.01	0.0039	5	15	100.0
VincentC_2016	VincentC_2016	TreeNB-VAE	treenbvae	0.1162	0.0335	69.8402	72.0905	0.7899	0.7958	0.8632	0.0072	0.0098	0.0078	5	16	
VincentC_2016	VincentC_2016	PhILR-Gauss VAE	philr-gauss-vae	0.1845	0.1352	0.012	37.6206	0.7869	0.7977	0.891	0.0059	0.0031	0.0059	5	16	
VincentC_2016	VincentC_2016	Hyp-PhILR-ZINB VAE	hyp-philr-zinb	0.0968	0.0312	55.3135	55.1825	0.7854	0.793	0.8775	0.0041	0.0052	0.0033	5	20	
VincentC_2016	VincentC_2016	PhyloFusion VAE	fuse-vae	0.1412	0.0547	0.0056	19.5763	0.7849	0.7955	0.8648	0.012	0.0127	0.0016	5	14	100.0
VincentC_2016	VincentC_2016	Tax-aware VAE	tax-vae	0.1901	0.0643	0.009	16.0601	0.7849	0.7809	0.9031	0.0107	0.0112	0.0047	5	15	100.0
VincentC_2016	VincentC_2016	Hyp-PhILR-NB VAE	hyp-philrvae	0.1272	0.0408	70.0845	14.7381	0.781	0.793	0.8824	0.0136	0.0104	0.0015	5	12	
VincentC_2016	VincentC_2016	dsvae-unsup	dsvae-unsup	0.0951	0.0254	68.4888	17.7454	0.7775	0.7818	0.9054	0.0049	0.0063	0.0034	5	32	100.0
VincentC_2016	VincentC_2016	$\beta$-VAE	beta-vae	0.1753	0.0629	0.0079	14.1523	0.767	0.7791	0.8843	0.0071	0.0068	0.0051	5	16	100.0
VincentC_2016	VincentC_2016	PhILR-VAE	philrvae	0.1033	0.0315	68.1559	42.0293	0.7625	0.7715	0.8518	0.0064	0.0073	0.0101	5	16	
VincentC_2016	VincentC_2016	TreeDirichlet VAE	treedirichlet-vae	0.2003	0.1166	-5026.4285	22.5178	0.7526	0.7453	0.8147	0.006	0.0077	0.0066	5	12	
VincentC_2016	VincentC_2016	Hyperbolic VAE	hyp-vae	0.1291	0.0536	0.0044	33.3716	0.7456	0.7518	0.8099	0.0128	0.0134	0.0029	5	14	100.0
VincentC_2016	VincentC_2016	TreePrior VAE	treeprior-vae	0.1998	0.0594	0.0101	4.4769	0.7394	0.7422	0.865	0.0077	0.0065	0.0064	5	20	100.0
VincentC_2016	VincentC_2016	Vanilla VAE	vanilla-vae	0.2395	0.0672	0.0136	0.2175	0.732	0.735	0.7944	0.0069	0.0084	0.0105	5	9	100.0
VincentC_2016	VincentC_2016	Graph VAE	graph-vae	0.2447	0.0692	0.0146	5.5359	0.7119	0.7192	0.7316	0.0079	0.0087	0.0054	5	9	100.0
VogtmannE_2016	VogtmannE_2016	$\beta$-VAE	beta-vae	0.2321	0.0737	0.0133	0.5861	0.6061	0.5997	0.6391	0.0246	0.024	0.0195	5	24	100.0
VogtmannE_2016	VogtmannE_2016	dsvae-unsup	dsvae-unsup	0.1215	0.0399	87.9594	15.0056	0.5937	0.5883	0.6185	0.0108	0.0107	0.0121	5	32	100.0
VogtmannE_2016	VogtmannE_2016	Vanilla VAE	vanilla-vae	0.2315	0.0795	0.0134	0.0076	0.5714	0.565	0.6029	0.0134	0.0121	0.0076	5	11	100.0
VogtmannE_2016	VogtmannE_2016	PhyloFusion VAE	fuse-vae	0.1508	0.0701	0.0058	22.5454	0.5679	0.5613	0.5791	0.0082	0.0092	0.0079	5	12	100.0
VogtmannE_2016	VogtmannE_2016	Tax-aware VAE	tax-vae	0.231	0.0744	0.0137	0.0001	0.5657	0.5598	0.5818	0.0147	0.0151	0.0138	5	12	100.0
VogtmannE_2016	VogtmannE_2016	Hyp-PhILR-NB VAE	hyp-philrvae	0.1705	0.0557	82.9135	13.4994	0.5643	0.5577	0.5859	0.0059	0.0072	0.0123	5	14	
VogtmannE_2016	VogtmannE_2016	Hyp+Tax VAE	hyp-tax-vae	0.1491	0.068	0.0061	36.5503	0.5591	0.552	0.5832	0.0075	0.0078	0.0104	5	20	100.0
VogtmannE_2016	VogtmannE_2016	dsvae-sup	dsvae-sup	0.2457	0.0898	153.3675	5.2469	0.5565	0.5479	0.5924	0.0079	0.0075	0.0085	5	32	100.0
VogtmannE_2016	VogtmannE_2016	TreeNB-VAE	treenbvae	0.2106	0.0705	115.6536	15.9077	0.5345	0.5272	0.5192	0.0086	0.0097	0.0154	5	4	
VogtmannE_2016	VogtmannE_2016	TreePrior VAE	treeprior-vae	0.2177	0.0708	0.0128	1.9741	0.5288	0.5215	0.5325	0.0034	0.0041	0.0058	5	20	100.0
VogtmannE_2016	VogtmannE_2016	PhILR-VAE	philrvae	0.1104	0.0384	79.0205	49.1276	0.5193	0.5118	0.514	0.0154	0.015	0.0113	5	15	
VogtmannE_2016	VogtmannE_2016	TreeDirichlet VAE	treedirichlet-vae	0.2573	0.1628	-4208.3447	27.5339	0.5111	0.5037	0.5022	0.0094	0.0105	0.01	5	10	
VogtmannE_2016	VogtmannE_2016	Hyperbolic VAE	hyp-vae	0.2308	0.0755	0.0143	4.4523	0.5092	0.5008	0.5288	0.0144	0.0144	0.0141	5	16	100.0
VogtmannE_2016	VogtmannE_2016	Hyp-PhILR-ZINB VAE	hyp-philr-zinb	0.2234	0.0938	79.0385	69.0546	0.5018	0.4949	0.5182	0.0112	0.0116	0.014	5	16	
VogtmannE_2016	VogtmannE_2016	PhILR-Gauss VAE	philr-gauss-vae	0.2148	0.157	0.024	31.9452	0.488	0.4802	0.4862	0.011	0.0103	0.0106	5	13	
VogtmannE_2016	VogtmannE_2016	Graph VAE	graph-vae	0.2306	0.077	0.0132	1.4479	0.4329	0.425	0.4023	0.0089	0.0095	0.0126	5	4	100.0
WirbelJ_2018	WirbelJ_2018	dsvae-sup	dsvae-sup	0.2423	0.0862	146.1288	3.4388	0.7534	0.7513	0.8234	0.0062	0.0061	0.0047	5	32	100.0
WirbelJ_2018	WirbelJ_2018	PhILR-Gauss VAE	philr-gauss-vae	0.2148	0.1577	0.0245	63.0502	0.6394	0.6353	0.6902	0.0123	0.0127	0.0146	5	24	
WirbelJ_2018	WirbelJ_2018	TreeDirichlet VAE	treedirichlet-vae	0.2455	0.1517	-4214.1914	23.7654	0.6236	0.6196	0.6578	0.0111	0.0113	0.0143	5	8	
WirbelJ_2018	WirbelJ_2018	Hyp-PhILR-ZINB VAE	hyp-philr-zinb	0.163	0.0718	73.9863	45.9461	0.623	0.6192	0.6656	0.004	0.0044	0.0064	5	24	
WirbelJ_2018	WirbelJ_2018	Hyp+Tax VAE	hyp-tax-vae	0.1445	0.0638	0.0053	22.9588	0.6108	0.6068	0.6411	0.0141	0.0131	0.011	5	14	100.0
WirbelJ_2018	WirbelJ_2018	Graph VAE	graph-vae	0.2259	0.0723	0.0126	0.3437	0.5999	0.5955	0.6238	0.0147	0.0145	0.0148	5	9	100.0
WirbelJ_2018	WirbelJ_2018	dsvae-unsup	dsvae-unsup	0.1375	0.0453	88.4807	23.8017	0.5874	0.5828	0.6282	0.0094	0.009	0.0111	5	32	100.0
WirbelJ_2018	WirbelJ_2018	PhILR-VAE	philrvae	0.1326	0.0474	86.0345	44.2389	0.5872	0.5828	0.6155	0.0071	0.007	0.0104	5	15	
WirbelJ_2018	WirbelJ_2018	TreeNB-VAE	treenbvae	0.1252	0.0406	82.0794	57.9294	0.5708	0.5659	0.5818	0.0061	0.0065	0.0066	5	12	
WirbelJ_2018	WirbelJ_2018	$\beta$-VAE	beta-vae	0.2133	0.0694	0.0118	2.6863	0.5698	0.5644	0.6038	0.0075	0.0085	0.0101	5	8	100.0
WirbelJ_2018	WirbelJ_2018	PhyloFusion VAE	fuse-vae	0.1061	0.0485	0.0028	26.6034	0.5626	0.5581	0.5861	0.011	0.0111	0.0087	5	16	100.0
WirbelJ_2018	WirbelJ_2018	Tax-aware VAE	tax-vae	0.2042	0.0702	0.0107	3.1109	0.5543	0.5493	0.5878	0.0122	0.0122	0.0086	5	8	100.0
WirbelJ_2018	WirbelJ_2018	Hyp-PhILR-NB VAE	hyp-philrvae	0.1538	0.0734	79.052	36.3977	0.554	0.5496	0.5872	0.0116	0.0113	0.0143	5	20	
WirbelJ_2018	WirbelJ_2018	TreePrior VAE	treeprior-vae	0.2258	0.0731	0.0126	0.001	0.5203	0.5144	0.5326	0.0094	0.0096	0.0153	5	9	100.0
WirbelJ_2018	WirbelJ_2018	Hyperbolic VAE	hyp-vae	0.2257	0.0725	0.0126	0.0003	0.5083	0.5028	0.5235	0.0077	0.0082	0.0111	5	16	100.0
WirbelJ_2018	WirbelJ_2018	Vanilla VAE	vanilla-vae	0.2257	0.0714	0.0129	0.0	0.4782	0.4726	0.4774	0.0074	0.0077	0.0086	5	15	100.0
XieH_2016	XieH_2016	dsvae-sup	dsvae-sup	0.225	0.0755	140.2668	7.9453	0.3864	0.3825	0.6168	0.0077	0.0101	0.0033	5	32	100.0
XieH_2016	XieH_2016	Hyp+Tax VAE	hyp-tax-vae	0.1296	0.0475	0.0044	32.6405	0.3612	0.3528	0.5742	0.0022	0.0028	0.0054	5	16	100.0
XieH_2016	XieH_2016	PhILR-Gauss VAE	philr-gauss-vae	0.2124	0.1502	0.0264	50.3203	0.3541	0.3437	0.5193	0.0107	0.0137	0.0046	5	24	
XieH_2016	XieH_2016	Vanilla VAE	vanilla-vae	0.2174	0.0667	0.0117	0.0061	0.3518	0.3439	0.5728	0.0063	0.0059	0.0054	5	16	100.0
XieH_2016	XieH_2016	TreeNB-VAE	treenbvae	0.1361	0.0419	88.2516	76.2349	0.3498	0.3395	0.5421	0.0022	0.0025	0.0048	5	16	
XieH_2016	XieH_2016	dsvae-unsup	dsvae-unsup	0.1211	0.0368	88.4262	14.3506	0.3456	0.3341	0.5356	0.0022	0.0017	0.0046	5	32	100.0
XieH_2016	XieH_2016	Hyp-PhILR-ZINB VAE	hyp-philr-zinb	0.1674	0.0879	82.4664	53.5797	0.3428	0.329	0.5399	0.002	0.003	0.0074	5	24	
XieH_2016	XieH_2016	Graph VAE	graph-vae	0.2171	0.0656	0.0116	0.1404	0.3278	0.3237	0.5172	0.0062	0.0055	0.0044	5	4	100.0
XieH_2016	XieH_2016	Hyp-PhILR-NB VAE	hyp-philrvae	0.1978	0.0793	87.1593	71.4553	0.3277	0.3104	0.501	0.008	0.01	0.0075	5	16	
XieH_2016	XieH_2016	TreeDirichlet VAE	treedirichlet-vae	0.184	0.1088	-4701.3796	39.7111	0.3276	0.316	0.515	0.0051	0.0058	0.0024	5	10	
XieH_2016	XieH_2016	PhILR-VAE	philrvae	0.1318	0.0456	89.9118	46.599	0.3256	0.31	0.5286	0.0054	0.0064	0.0048	5	24	
XieH_2016	XieH_2016	Tax-aware VAE	tax-vae	0.1518	0.0666	0.0059	23.1193	0.3211	0.3069	0.4533	0.0041	0.0045	0.0067	5	13	100.0
XieH_2016	XieH_2016	TreePrior VAE	treeprior-vae	0.1858	0.0581	0.009	6.7272	0.3206	0.3122	0.4713	0.0062	0.0053	0.0107	5	5	100.0
XieH_2016	XieH_2016	PhyloFusion VAE	fuse-vae	0.157	0.06	0.0067	17.1331	0.3199	0.3019	0.4931	0.0028	0.0045	0.0064	5	14	100.0
XieH_2016	XieH_2016	$\beta$-VAE	beta-vae	0.1386	0.052	0.0049	35.4572	0.3104	0.2877	0.4984	0.0028	0.003	0.008	5	16	100.0
XieH_2016	XieH_2016	Hyperbolic VAE	hyp-vae	0.2051	0.0611	0.0106	1.5516	0.307	0.3018	0.4673	0.0058	0.0063	0.0043	5	5	100.0
YachidaS_2019	YachidaS_2019	Hyp-PhILR-NB VAE	hyp-philrvae	0.141	0.049	71.2065	84.083	0.3062	0.2981	0.5712	0.003	0.0035	0.0038	5	24	
YachidaS_2019	YachidaS_2019	PhILR-Gauss VAE	philr-gauss-vae	0.2001	0.1317	0.0262	46.7603	0.3017	0.2916	0.6034	0.0051	0.0058	0.0015	5	20	
YachidaS_2019	YachidaS_2019	Hyp-PhILR-ZINB VAE	hyp-philr-zinb	0.2125	0.0751	68.7171	126.3873	0.299	0.2855	0.5837	0.0026	0.0036	0.0047	5	24	
YachidaS_2019	YachidaS_2019	PhyloFusion VAE	fuse-vae	0.1133	0.0484	0.0035	32.9136	0.2925	0.2842	0.5719	0.0055	0.0059	0.003	5	24	100.0
YachidaS_2019	YachidaS_2019	$\beta$-VAE	beta-vae	0.1296	0.046	0.0045	33.0452	0.2886	0.2825	0.5604	0.0034	0.0048	0.0026	5	13	100.0
YachidaS_2019	YachidaS_2019	Hyperbolic VAE	hyp-vae	0.1258	0.0415	0.004	26.892	0.2834	0.2743	0.5588	0.0033	0.0036	0.004	5	13	100.0
YachidaS_2019	YachidaS_2019	Hyp+Tax VAE	hyp-tax-vae	0.2104	0.0569	0.0109	10.3985	0.28	0.2745	0.5571	0.0025	0.0035	0.0049	5	14	100.0
YachidaS_2019	YachidaS_2019	dsvae-unsup	dsvae-unsup	0.1234	0.0338	85.4297	17.0223	0.2783	0.2677	0.5699	0.0028	0.0041	0.0055	5	32	100.0
YachidaS_2019	YachidaS_2019	PhILR-VAE	philrvae	0.0873	0.0255	70.7691	70.2378	0.2782	0.2704	0.5494	0.0033	0.004	0.0038	5	24	
YachidaS_2019	YachidaS_2019	TreeDirichlet VAE	treedirichlet-vae	0.1603	0.0873	-5916.9411	35.2728	0.2761	0.2681	0.5345	0.0027	0.0032	0.004	5	12	
YachidaS_2019	YachidaS_2019	Tax-aware VAE	tax-vae	0.1385	0.0414	0.005	14.7203	0.2755	0.2683	0.5336	0.0045	0.0047	0.0057	5	12	100.0
YachidaS_2019	YachidaS_2019	Graph VAE	graph-vae	0.2102	0.057	0.0108	0.0001	0.2577	0.2523	0.4871	0.0044	0.0046	0.004	5	5	100.0
YachidaS_2019	YachidaS_2019	dsvae-sup	dsvae-sup	0.2038	0.0632	128.1301	9.6744	0.2503	0.2439	0.5325	0.0023	0.0025	0.0049	5	32	100.0
YachidaS_2019	YachidaS_2019	Vanilla VAE	vanilla-vae	0.2101	0.0568	0.0108	0.0	0.2435	0.2353	0.5022	0.0006	0.0012	0.0045	5	16	100.0
YachidaS_2019	YachidaS_2019	TreeNB-VAE	treenbvae	0.2036	0.0561	104.0475	23.4226	0.2341	0.2313	0.4741	0.0049	0.0052	0.0035	5	12	
YachidaS_2019	YachidaS_2019	TreePrior VAE	treeprior-vae	0.2012	0.0557	0.0102	0.134	0.2331	0.2288	0.4797	0.0033	0.0037	0.002	5	14	100.0
YeZ_2018	YeZ_2018	Graph VAE	graph-vae	0.2715	0.0835	0.0182	4.8847	0.6983	0.683	0.703	0.0075	0.0133	0.0071	5	13	100.0
YeZ_2018	YeZ_2018	Tax-aware VAE	tax-vae	0.2422	0.0788	0.0148	7.9597	0.5861	0.5782	0.6327	0.01	0.0102	0.0217	5	13	100.0
YeZ_2018	YeZ_2018	dsvae-sup	dsvae-sup	0.2691	0.0923	99.2135	7.5546	0.581	0.5737	0.6767	0.019	0.0209	0.0171	5	32	100.0
YeZ_2018	YeZ_2018	Hyp+Tax VAE	hyp-tax-vae	0.1687	0.0628	0.008	12.2154	0.5242	0.5123	0.4863	0.015	0.0171	0.0146	5	5	100.0
YeZ_2018	YeZ_2018	Hyp-PhILR-ZINB VAE	hyp-philr-zinb	0.195	0.0734	44.4254	39.3998	0.5161	0.5022	0.4866	0.0088	0.0137	0.0097	5	16	
YeZ_2018	YeZ_2018	PhILR-Gauss VAE	philr-gauss-vae	0.2274	0.1929	0.0227	19.1928	0.5159	0.5055	0.5126	0.0097	0.0083	0.0137	5	10	
YeZ_2018	YeZ_2018	TreeNB-VAE	treenbvae	0.1144	0.0343	50.6311	11.5129	0.5139	0.5026	0.5045	0.0191	0.0205	0.0303	5	8	
YeZ_2018	YeZ_2018	TreePrior VAE	treeprior-vae	0.2457	0.0756	0.0153	2.1289	0.5133	0.499	0.4719	0.0137	0.0125	0.0095	5	11	100.0
YeZ_2018	YeZ_2018	PhILR-VAE	philrvae	0.0851	0.029	45.7105	22.9697	0.5062	0.4924	0.5247	0.0142	0.0164	0.014	5	9	
YeZ_2018	YeZ_2018	TreeDirichlet VAE	treedirichlet-vae	0.1803	0.1022	-2651.4314	32.6883	0.4971	0.4853	0.5179	0.0134	0.0154	0.0207	5	16	
YeZ_2018	YeZ_2018	Hyperbolic VAE	hyp-vae	0.1346	0.0675	0.0045	18.4406	0.4886	0.4761	0.4435	0.0177	0.0186	0.017	5	10	100.0
YeZ_2018	YeZ_2018	Vanilla VAE	vanilla-vae	0.2556	0.0985	0.0159	0.6964	0.4739	0.4587	0.4747	0.0132	0.0145	0.0105	5	6	100.0
YeZ_2018	YeZ_2018	dsvae-unsup	dsvae-unsup	0.1411	0.0465	59.3757	11.7732	0.4649	0.4519	0.4261	0.0104	0.0098	0.0121	5	32	100.0
YeZ_2018	YeZ_2018	$\beta$-VAE	beta-vae	0.1511	0.0603	0.0061	13.279	0.4587	0.4471	0.4538	0.011	0.0113	0.016	5	5	100.0
YeZ_2018	YeZ_2018	Hyp-PhILR-NB VAE	hyp-philrvae	0.1609	0.0603	55.9887	14.3386	0.4503	0.4358	0.3855	0.0101	0.0134	0.0087	5	4	
YeZ_2018	YeZ_2018	PhyloFusion VAE	fuse-vae	0.1836	0.0811	0.01	18.025	0.4173	0.4005	0.3167	0.0077	0.0081	0.0238	5	7	100.0
YuJ_2015	YuJ_2015	dsvae-sup	dsvae-sup	0.2641	0.0912	168.5757	2.6082	0.6915	0.6878	0.7819	0.0076	0.0078	0.0061	5	32	100.0
YuJ_2015	YuJ_2015	TreeNB-VAE	treenbvae	0.1937	0.0614	109.9646	36.4803	0.6494	0.6452	0.6833	0.0073	0.0068	0.007	5	16	
YuJ_2015	YuJ_2015	Hyp-PhILR-NB VAE	hyp-philrvae	0.1419	0.0623	77.3415	46.578	0.6448	0.6402	0.6937	0.0055	0.006	0.0096	5	24	
YuJ_2015	YuJ_2015	dsvae-unsup	dsvae-unsup	0.1181	0.0358	85.4124	14.6156	0.6258	0.6211	0.6642	0.0092	0.0085	0.0073	5	32	100.0
YuJ_2015	YuJ_2015	Tax-aware VAE	tax-vae	0.2093	0.0738	0.0118	4.3324	0.6167	0.613	0.6646	0.0117	0.0115	0.0101	5	10	100.0
YuJ_2015	YuJ_2015	TreeDirichlet VAE	treedirichlet-vae	0.2194	0.1373	-4556.2295	27.9646	0.6126	0.6077	0.6549	0.0123	0.0136	0.0095	5	10	
YuJ_2015	YuJ_2015	Graph VAE	graph-vae	0.2351	0.0748	0.0135	0.0015	0.6095	0.6059	0.6373	0.0102	0.0099	0.0108	5	5	100.0
YuJ_2015	YuJ_2015	PhILR-Gauss VAE	philr-gauss-vae	0.2186	0.1545	0.0324	45.9681	0.6085	0.6035	0.6674	0.0071	0.0075	0.006	5	24	
YuJ_2015	YuJ_2015	TreePrior VAE	treeprior-vae	0.1673	0.0588	0.0072	35.4894	0.5955	0.5917	0.6127	0.0057	0.0063	0.0036	5	24	100.0
YuJ_2015	YuJ_2015	PhILR-VAE	philrvae	0.1008	0.0353	75.982	54.428	0.5928	0.588	0.6343	0.0085	0.0103	0.0114	5	24	
YuJ_2015	YuJ_2015	PhyloFusion VAE	fuse-vae	0.1753	0.0686	0.0076	6.1432	0.5894	0.584	0.6227	0.0096	0.0098	0.0113	5	9	100.0
YuJ_2015	YuJ_2015	$\beta$-VAE	beta-vae	0.1197	0.0524	0.0037	53.5812	0.5755	0.5704	0.6072	0.0084	0.0088	0.0057	5	20	100.0
YuJ_2015	YuJ_2015	Hyperbolic VAE	hyp-vae	0.1479	0.0573	0.0058	23.9692	0.5702	0.5643	0.6007	0.0156	0.0162	0.0132	5	20	100.0
YuJ_2015	YuJ_2015	Hyp+Tax VAE	hyp-tax-vae	0.1503	0.0575	0.0056	22.6846	0.5594	0.5546	0.586	0.0097	0.0105	0.0069	5	15	100.0
YuJ_2015	YuJ_2015	Hyp-PhILR-ZINB VAE	hyp-philr-zinb	0.1678	0.0549	91.52	40.6529	0.5333	0.5282	0.5447	0.0097	0.0094	0.0072	5	12	
YuJ_2015	YuJ_2015	Vanilla VAE	vanilla-vae	0.2347	0.0719	0.0138	0.0001	0.5195	0.5126	0.5148	0.0125	0.012	0.0116	5	15	100.0
ZellerG_2014	ZellerG_2014	dsvae-sup	dsvae-sup	0.2169	0.0764	152.5555	5.0409	0.6879	0.6853	0.849	0.0047	0.0051	0.0006	5	32	100.0
ZellerG_2014	ZellerG_2014	Hyp-PhILR-NB VAE	hyp-philrvae	0.1443	0.0613	88.7146	46.8647	0.5217	0.5181	0.6862	0.0056	0.0057	0.0034	5	20	
ZellerG_2014	ZellerG_2014	Hyperbolic VAE	hyp-vae	0.1603	0.0698	0.0064	16.5412	0.5155	0.5095	0.6895	0.0063	0.0068	0.0051	5	24	100.0
ZellerG_2014	ZellerG_2014	PhyloFusion VAE	fuse-vae	0.1182	0.0498	0.0036	46.4077	0.5114	0.507	0.6886	0.0115	0.0118	0.0058	5	20	100.0
ZellerG_2014	ZellerG_2014	Hyp-PhILR-ZINB VAE	hyp-philr-zinb	0.1505	0.077	89.8027	52.8148	0.5102	0.5048	0.6927	0.0067	0.0072	0.0053	5	24	
ZellerG_2014	ZellerG_2014	dsvae-unsup	dsvae-unsup	0.1285	0.0402	97.9664	15.3995	0.51	0.5041	0.6655	0.0111	0.0123	0.0053	5	32	100.0
ZellerG_2014	ZellerG_2014	PhILR-Gauss VAE	philr-gauss-vae	0.2097	0.1422	0.0268	74.1004	0.4966	0.4897	0.6834	0.0083	0.0079	0.0074	5	24	
ZellerG_2014	ZellerG_2014	PhILR-VAE	philrvae	0.137	0.0492	100.2007	40.0122	0.4737	0.4668	0.669	0.0057	0.0058	0.0029	5	16	
ZellerG_2014	ZellerG_2014	Hyp+Tax VAE	hyp-tax-vae	0.1552	0.0547	0.006	17.8782	0.4662	0.4601	0.6412	0.0077	0.0087	0.0074	5	14	100.0
ZellerG_2014	ZellerG_2014	TreeDirichlet VAE	treedirichlet-vae	0.2059	0.1168	-5211.1919	16.397	0.4452	0.4386	0.6167	0.0079	0.0075	0.0027	5	10	
ZellerG_2014	ZellerG_2014	$\beta$-VAE	beta-vae	0.1585	0.0636	0.0064	18.5463	0.4377	0.4317	0.6053	0.0113	0.0114	0.0086	5	13	100.0
ZellerG_2014	ZellerG_2014	TreePrior VAE	treeprior-vae	0.1683	0.0612	0.0072	19.2091	0.4368	0.4292	0.6105	0.0097	0.0101	0.0058	5	10	100.0
ZellerG_2014	ZellerG_2014	TreeNB-VAE	treenbvae	0.1974	0.0615	115.2852	4.6136	0.4316	0.4267	0.6186	0.0038	0.0045	0.0032	5	8	
ZellerG_2014	ZellerG_2014	Graph VAE	graph-vae	0.1943	0.0631	0.0096	3.374	0.4264	0.4191	0.6108	0.0052	0.0042	0.0043	5	11	100.0
ZellerG_2014	ZellerG_2014	Tax-aware VAE	tax-vae	0.2161	0.0669	0.0117	0.0017	0.3641	0.3565	0.51	0.0109	0.0116	0.007	5	24	100.0
ZellerG_2014	ZellerG_2014	Vanilla VAE	vanilla-vae	0.2164	0.0671	0.0116	0.0004	0.3566	0.3482	0.5177	0.008	0.0081	0.0044	5	7	100.0
ZhuF_2020	ZhuF_2020	TreeDirichlet VAE	treedirichlet-vae	0.123	0.0736	-3910.149	49.437	0.6391	0.6363	0.6832	0.0084	0.0086	0.0056	5	12	
ZhuF_2020	ZhuF_2020	$\beta$-VAE	beta-vae	0.1096	0.0447	0.0031	32.1942	0.6388	0.6352	0.6833	0.009	0.0093	0.0114	5	16	100.0
ZhuF_2020	ZhuF_2020	dsvae-sup	dsvae-sup	0.2471	0.0771	119.9781	6.4894	0.6166	0.6127	0.6536	0.0085	0.0089	0.0075	5	32	100.0
ZhuF_2020	ZhuF_2020	Hyperbolic VAE	hyp-vae	0.1536	0.0504	0.006	9.4251	0.6107	0.6071	0.6463	0.0071	0.0079	0.0094	5	6	100.0
ZhuF_2020	ZhuF_2020	PhILR-Gauss VAE	philr-gauss-vae	0.1982	0.1564	0.0165	83.0516	0.6087	0.6056	0.6336	0.0053	0.0049	0.004	5	24	
ZhuF_2020	ZhuF_2020	dsvae-unsup	dsvae-unsup	0.1197	0.0353	68.2279	13.7116	0.6003	0.5966	0.6474	0.0052	0.0056	0.0062	5	32	100.0
ZhuF_2020	ZhuF_2020	Hyp-PhILR-NB VAE	hyp-philrvae	0.1365	0.0581	59.0879	37.8272	0.5923	0.5881	0.6146	0.0076	0.007	0.0051	5	24	
ZhuF_2020	ZhuF_2020	Hyp-PhILR-ZINB VAE	hyp-philr-zinb	0.1889	0.0634	51.8036	45.3871	0.5844	0.5805	0.6162	0.0055	0.006	0.0063	5	20	
ZhuF_2020	ZhuF_2020	PhILR-VAE	philrvae	0.0902	0.0276	56.812	62.1424	0.5742	0.5712	0.611	0.0104	0.0104	0.0061	5	16	
ZhuF_2020	ZhuF_2020	Hyp+Tax VAE	hyp-tax-vae	0.1317	0.0478	0.0051	20.3035	0.5634	0.5595	0.5847	0.0056	0.0054	0.0026	5	12	100.0
ZhuF_2020	ZhuF_2020	Vanilla VAE	vanilla-vae	0.2146	0.0631	0.0116	0.4815	0.5572	0.553	0.5685	0.0033	0.003	0.0092	5	7	100.0
ZhuF_2020	ZhuF_2020	PhyloFusion VAE	fuse-vae	0.19	0.0563	0.0091	2.8473	0.553	0.5489	0.5854	0.009	0.009	0.0045	5	5	100.0
ZhuF_2020	ZhuF_2020	Tax-aware VAE	tax-vae	0.0943	0.0393	0.0022	37.9652	0.5453	0.5411	0.5576	0.0125	0.0127	0.0086	5	24	100.0
ZhuF_2020	ZhuF_2020	TreeNB-VAE	treenbvae	0.1272	0.0376	64.5732	51.5359	0.5175	0.5128	0.5335	0.0134	0.0131	0.0111	5	16	
ZhuF_2020	ZhuF_2020	Graph VAE	graph-vae	0.1978	0.0588	0.01	2.8817	0.5042	0.499	0.5196	0.009	0.0098	0.01	5	6	100.0
ZhuF_2020	ZhuF_2020	TreePrior VAE	treeprior-vae	0.2073	0.0618	0.0105	3.4297	0.4872	0.4827	0.4758	0.0141	0.0142	0.004	5	12	100.0
